appid,game_name,sale_year,sale_start_utc,sale_end_utc,evidence_category,discount_observed,pu_status,ambiguity_flag,requires_review,label_rule_version,label_source,label_limitation_flag,eligibility_status,eligibility_reason,release_date,in_window_record_count,discounted_record_count,full_price_record_count,ambiguous_record_count,null_deal_record_count,supporting_record_indices,in_window_record_indices,source_shop_id,source_region,source_currencies,cache_path,empty_raw_history,in_window_conflicting_timestamp_groups
7830,Men of War™,2023,2023-11-21T18:00:00Z,2023-11-28T18:00:00Z,D,0,unlabeled,False,False,operational_observed_v1,cached ITAD /games/history/v2; Steam shop 61; US; Phase 5A.1 in-window evidence,True,eligible_by_release_date,release_date_before_sale_start_date,2009-05-06,0,0,0,0,0,[],[],61,US,,data/raw/itad/7830.json,False,0
7830,Men of War™,2024,2024-11-27T18:00:00Z,2024-12-04T18:00:00Z,D,0,unlabeled,False,False,operational_observed_v1,cached ITAD /games/history/v2; Steam shop 61; US; Phase 5A.1 in-window evidence,True,eligible_by_release_date,release_date_before_sale_start_date,2009-05-06,0,0,0,0,0,[],[],61,US,,data/raw/itad/7830.json,False,0
7830,Men of War™,2025,2025-09-29T17:00:00Z,2025-10-06T17:00:00Z,A,1,positive,False,False,operational_observed_v1,cached ITAD /games/history/v2; Steam shop 61; US; Phase 5A.1 in-window evidence,True,eligible_by_release_date,release_date_before_sale_start_date,2009-05-06,1,1,0,0,0,[13],[13],61,US,USD,data/raw/itad/7830.json,False,0
8930,Sid Meier's Civilization® V,2023,2023-11-21T18:00:00Z,2023-11-28T18:00:00Z,D,0,unlabeled,False,False,operational_observed_v1,cached ITAD /games/history/v2; Steam shop 61; US; Phase 5A.1 in-window evidence,True,eligible_by_release_date,release_date_before_sale_start_date,2010-09-21,0,0,0,0,0,[],[],61,US,,data/raw/itad/8930.json,False,0
8930,Sid Meier's Civilization® V,2024,2024-11-27T18:00:00Z,2024-12-04T18:00:00Z,D,0,unlabeled,False,False,operational_observed_v1,cached ITAD /games/history/v2; Steam shop 61; US; Phase 5A.1 in-window evidence,True,eligible_by_release_date,release_date_before_sale_start_date,2010-09-21,0,0,0,0,0,[],[],61,US,,data/raw/itad/8930.json,False,0
8930,Sid Meier's Civilization® V,2025,2025-09-29T17:00:00Z,2025-10-06T17:00:00Z,D,0,unlabeled,False,False,operational_observed_v1,cached ITAD /games/history/v2; Steam shop 61; US; Phase 5A.1 in-window evidence,True,eligible_by_release_date,release_date_before_sale_start_date,2010-09-21,0,0,0,0,0,[],[],61,US,,data/raw/itad/8930.json,False,0
9730,Tycoon City: New York,2023,2023-11-21T18:00:00Z,2023-11-28T18:00:00Z,A,1,positive,False,False,operational_observed_v1,cached ITAD /games/history/v2; Steam shop 61; US; Phase 5A.1 in-window evidence,True,eligible_by_release_date,release_date_before_sale_start_date,2008-03-12,1,1,0,0,0,[54],[54],61,US,USD,data/raw/itad/9730.json,False,0
9730,Tycoon City: New York,2024,2024-11-27T18:00:00Z,2024-12-04T18:00:00Z,A,1,positive,False,False,operational_observed_v1,cached ITAD /games/history/v2; Steam shop 61; US; Phase 5A.1 in-window evidence,True,eligible_by_release_date,release_date_before_sale_start_date,2008-03-12,1,1,0,0,0,[38],[38],61,US,USD,data/raw/itad/9730.json,False,0
9730,Tycoon City: New York,2025,2025-09-29T17:00:00Z,2025-10-06T17:00:00Z,A,1,positive,False,False,operational_observed_v1,cached ITAD /games/history/v2; Steam shop 61; US; Phase 5A.1 in-window evidence,True,eligible_by_release_date,release_date_before_sale_start_date,2008-03-12,1,1,0,0,0,[20],[20],61,US,USD,data/raw/itad/9730.json,False,0
15170,Heroes of Might & Magic V,2023,2023-11-21T18:00:00Z,2023-11-28T18:00:00Z,A,1,positive,False,False,operational_observed_v1,cached ITAD /games/history/v2; Steam shop 61; US; Phase 5A.1 in-window evidence,True,eligible_by_release_date,release_date_before_sale_start_date,2008-05-13,1,1,0,0,0,[50],[50],61,US,USD,data/raw/itad/15170.json,False,0
15170,Heroes of Might & Magic V,2024,2024-11-27T18:00:00Z,2024-12-04T18:00:00Z,A,1,positive,False,False,operational_observed_v1,cached ITAD /games/history/v2; Steam shop 61; US; Phase 5A.1 in-window evidence,True,eligible_by_release_date,release_date_before_sale_start_date,2008-05-13,1,1,0,0,0,[32],[32],61,US,USD,data/raw/itad/15170.json,False,0
15170,Heroes of Might & Magic V,2025,2025-09-29T17:00:00Z,2025-10-06T17:00:00Z,A,1,positive,False,False,operational_observed_v1,cached ITAD /games/history/v2; Steam shop 61; US; Phase 5A.1 in-window evidence,True,eligible_by_release_date,release_date_before_sale_start_date,2008-05-13,1,1,0,0,0,[16],[16],61,US,USD,data/raw/itad/15170.json,False,0
20710,Mr. Robot,2023,2023-11-21T18:00:00Z,2023-11-28T18:00:00Z,A,1,positive,False,False,operational_observed_v1,cached ITAD /games/history/v2; Steam shop 61; US; Phase 5A.1 in-window evidence,True,eligible_by_release_date,release_date_before_sale_start_date,2008-11-03,1,1,0,0,0,[19],[19],61,US,USD,data/raw/itad/20710.json,False,0
20710,Mr. Robot,2024,2024-11-27T18:00:00Z,2024-12-04T18:00:00Z,D,0,unlabeled,False,False,operational_observed_v1,cached ITAD /games/history/v2; Steam shop 61; US; Phase 5A.1 in-window evidence,True,eligible_by_release_date,release_date_before_sale_start_date,2008-11-03,0,0,0,0,0,[],[],61,US,,data/raw/itad/20710.json,False,0
20710,Mr. Robot,2025,2025-09-29T17:00:00Z,2025-10-06T17:00:00Z,A,1,positive,False,False,operational_observed_v1,cached ITAD /games/history/v2; Steam shop 61; US; Phase 5A.1 in-window evidence,True,eligible_by_release_date,release_date_before_sale_start_date,2008-11-03,1,1,0,0,0,[7],[7],61,US,USD,data/raw/itad/20710.json,False,0
38210,Roogoo,2023,2023-11-21T18:00:00Z,2023-11-28T18:00:00Z,A,1,positive,False,False,operational_observed_v1,cached ITAD /games/history/v2; Steam shop 61; US; Phase 5A.1 in-window evidence,True,eligible_by_release_date,release_date_before_sale_start_date,2009-12-17,1,1,0,0,0,[44],[44],61,US,USD,data/raw/itad/38210.json,False,0
38210,Roogoo,2024,2024-11-27T18:00:00Z,2024-12-04T18:00:00Z,A,1,positive,False,False,operational_observed_v1,cached ITAD /games/history/v2; Steam shop 61; US; Phase 5A.1 in-window evidence,True,eligible_by_release_date,release_date_before_sale_start_date,2009-12-17,1,1,0,0,0,[30],[30],61,US,USD,data/raw/itad/38210.json,False,0
38210,Roogoo,2025,2025-09-29T17:00:00Z,2025-10-06T17:00:00Z,A,1,positive,False,False,operational_observed_v1,cached ITAD /games/history/v2; Steam shop 61; US; Phase 5A.1 in-window evidence,True,eligible_by_release_date,release_date_before_sale_start_date,2009-12-17,1,1,0,0,0,[14],[14],61,US,USD,data/raw/itad/38210.json,False,0
61600,Zen Bound 2,2023,2023-11-21T18:00:00Z,2023-11-28T18:00:00Z,A,1,positive,False,False,operational_observed_v1,cached ITAD /games/history/v2; Steam shop 61; US; Phase 5A.1 in-window evidence,True,eligible_by_release_date,release_date_before_sale_start_date,2010-11-16,1,1,0,0,0,[22],[22],61,US,USD,data/raw/itad/61600.json,False,0
61600,Zen Bound 2,2024,2024-11-27T18:00:00Z,2024-12-04T18:00:00Z,A,1,positive,False,False,operational_observed_v1,cached ITAD /games/history/v2; Steam shop 61; US; Phase 5A.1 in-window evidence,True,eligible_by_release_date,release_date_before_sale_start_date,2010-11-16,1,1,0,0,0,[14],[14],61,US,USD,data/raw/itad/61600.json,False,0
61600,Zen Bound 2,2025,2025-09-29T17:00:00Z,2025-10-06T17:00:00Z,A,1,positive,False,False,operational_observed_v1,cached ITAD /games/history/v2; Steam shop 61; US; Phase 5A.1 in-window evidence,True,eligible_by_release_date,release_date_before_sale_start_date,2010-11-16,1,1,0,0,0,[8],[8],61,US,USD,data/raw/itad/61600.json,False,0
115320,Prototype 2,2023,2023-11-21T18:00:00Z,2023-11-28T18:00:00Z,A,1,positive,False,False,operational_observed_v1,cached ITAD /games/history/v2; Steam shop 61; US; Phase 5A.1 in-window evidence,True,eligible_by_release_date,release_date_before_sale_start_date,2012-07-24,1,1,0,0,0,[50],[50],61,US,USD,data/raw/itad/115320.json,False,0
115320,Prototype 2,2024,2024-11-27T18:00:00Z,2024-12-04T18:00:00Z,A,1,positive,False,False,operational_observed_v1,cached ITAD /games/history/v2; Steam shop 61; US; Phase 5A.1 in-window evidence,True,eligible_by_release_date,release_date_before_sale_start_date,2012-07-24,1,1,0,0,0,[32],[32],61,US,USD,data/raw/itad/115320.json,False,0
115320,Prototype 2,2025,2025-09-29T17:00:00Z,2025-10-06T17:00:00Z,A,1,positive,False,False,operational_observed_v1,cached ITAD /games/history/v2; Steam shop 61; US; Phase 5A.1 in-window evidence,True,eligible_by_release_date,release_date_before_sale_start_date,2012-07-24,1,1,0,0,0,[16],[16],61,US,USD,data/raw/itad/115320.json,False,0
202410,Scoregasm,2023,2023-11-21T18:00:00Z,2023-11-28T18:00:00Z,D,0,unlabeled,False,False,operational_observed_v1,cached ITAD /games/history/v2; Steam shop 61; US; Phase 5A.1 in-window evidence,True,eligible_by_release_date,release_date_before_sale_start_date,2012-02-08,0,0,0,0,0,[],[],61,US,,data/raw/itad/202410.json,False,0
202410,Scoregasm,2024,2024-11-27T18:00:00Z,2024-12-04T18:00:00Z,D,0,unlabeled,False,False,operational_observed_v1,cached ITAD /games/history/v2; Steam shop 61; US; Phase 5A.1 in-window evidence,True,eligible_by_release_date,release_date_before_sale_start_date,2012-02-08,0,0,0,0,0,[],[],61,US,,data/raw/itad/202410.json,False,0
202410,Scoregasm,2025,2025-09-29T17:00:00Z,2025-10-06T17:00:00Z,D,0,unlabeled,False,False,operational_observed_v1,cached ITAD /games/history/v2; Steam shop 61; US; Phase 5A.1 in-window evidence,True,eligible_by_release_date,release_date_before_sale_start_date,2012-02-08,0,0,0,0,0,[],[],61,US,,data/raw/itad/202410.json,False,0
213670,South Park™: The Stick of Truth™,2023,2023-11-21T18:00:00Z,2023-11-28T18:00:00Z,A,1,positive,False,False,operational_observed_v1,cached ITAD /games/history/v2; Steam shop 61; US; Phase 5A.1 in-window evidence,True,eligible_by_release_date,release_date_before_sale_start_date,2014-03-03,1,1,0,0,0,[58],[58],61,US,USD,data/raw/itad/213670.json,False,0
213670,South Park™: The Stick of Truth™,2024,2024-11-27T18:00:00Z,2024-12-04T18:00:00Z,A,1,positive,False,False,operational_observed_v1,cached ITAD /games/history/v2; Steam shop 61; US; Phase 5A.1 in-window evidence,True,eligible_by_release_date,release_date_before_sale_start_date,2014-03-03,1,1,0,0,0,[40],[40],61,US,USD,data/raw/itad/213670.json,False,0
213670,South Park™: The Stick of Truth™,2025,2025-09-29T17:00:00Z,2025-10-06T17:00:00Z,A,1,positive,False,False,operational_observed_v1,cached ITAD /games/history/v2; Steam shop 61; US; Phase 5A.1 in-window evidence,True,eligible_by_release_date,release_date_before_sale_start_date,2014-03-03,1,1,0,0,0,[20],[20],61,US,USD,data/raw/itad/213670.json,False,0
218740,Pid,2023,2023-11-21T18:00:00Z,2023-11-28T18:00:00Z,A,1,positive,False,False,operational_observed_v1,cached ITAD /games/history/v2; Steam shop 61; US; Phase 5A.1 in-window evidence,True,eligible_by_release_date,release_date_before_sale_start_date,2012-10-31,1,1,0,0,0,[30],[30],61,US,USD,data/raw/itad/218740.json,False,0
218740,Pid,2024,2024-11-27T18:00:00Z,2024-12-04T18:00:00Z,A,1,positive,False,False,operational_observed_v1,cached ITAD /games/history/v2; Steam shop 61; US; Phase 5A.1 in-window evidence,True,eligible_by_release_date,release_date_before_sale_start_date,2012-10-31,1,1,0,0,0,[22],[22],61,US,USD,data/raw/itad/218740.json,False,0
218740,Pid,2025,2025-09-29T17:00:00Z,2025-10-06T17:00:00Z,A,1,positive,False,False,operational_observed_v1,cached ITAD /games/history/v2; Steam shop 61; US; Phase 5A.1 in-window evidence,True,eligible_by_release_date,release_date_before_sale_start_date,2012-10-31,1,1,0,0,0,[12],[12],61,US,USD,data/raw/itad/218740.json,False,0
219200,Droid Assault,2023,2023-11-21T18:00:00Z,2023-11-28T18:00:00Z,A,1,positive,False,False,operational_observed_v1,cached ITAD /games/history/v2; Steam shop 61; US; Phase 5A.1 in-window evidence,True,eligible_by_release_date,release_date_before_sale_start_date,2013-01-09,1,1,0,0,0,[38],[38],61,US,USD,data/raw/itad/219200.json,False,0
219200,Droid Assault,2024,2024-11-27T18:00:00Z,2024-12-04T18:00:00Z,A,1,positive,False,False,operational_observed_v1,cached ITAD /games/history/v2; Steam shop 61; US; Phase 5A.1 in-window evidence,True,eligible_by_release_date,release_date_before_sale_start_date,2013-01-09,1,1,0,0,0,[25],[25],61,US,USD,data/raw/itad/219200.json,False,0
219200,Droid Assault,2025,2025-09-29T17:00:00Z,2025-10-06T17:00:00Z,D,0,unlabeled,False,False,operational_observed_v1,cached ITAD /games/history/v2; Steam shop 61; US; Phase 5A.1 in-window evidence,True,eligible_by_release_date,release_date_before_sale_start_date,2013-01-09,0,0,0,0,0,[],[],61,US,,data/raw/itad/219200.json,False,0
228320,A Valley Without Wind 2,2023,2023-11-21T18:00:00Z,2023-11-28T18:00:00Z,D,0,unlabeled,False,False,operational_observed_v1,cached ITAD /games/history/v2; Steam shop 61; US; Phase 5A.1 in-window evidence,True,eligible_by_release_date,release_date_before_sale_start_date,2013-02-18,0,0,0,0,0,[],[],61,US,,data/raw/itad/228320.json,False,0
228320,A Valley Without Wind 2,2024,2024-11-27T18:00:00Z,2024-12-04T18:00:00Z,D,0,unlabeled,False,False,operational_observed_v1,cached ITAD /games/history/v2; Steam shop 61; US; Phase 5A.1 in-window evidence,True,eligible_by_release_date,release_date_before_sale_start_date,2013-02-18,0,0,0,0,0,[],[],61,US,,data/raw/itad/228320.json,False,0
228320,A Valley Without Wind 2,2025,2025-09-29T17:00:00Z,2025-10-06T17:00:00Z,D,0,unlabeled,False,False,operational_observed_v1,cached ITAD /games/history/v2; Steam shop 61; US; Phase 5A.1 in-window evidence,True,eligible_by_release_date,release_date_before_sale_start_date,2013-02-18,0,0,0,0,0,[],[],61,US,,data/raw/itad/228320.json,False,0
234490,Rush Bros.,2023,2023-11-21T18:00:00Z,2023-11-28T18:00:00Z,A,1,positive,False,False,operational_observed_v1,cached ITAD /games/history/v2; Steam shop 61; US; Phase 5A.1 in-window evidence,True,eligible_by_release_date,release_date_before_sale_start_date,2013-05-24,1,1,0,0,0,[26],[26],61,US,USD,data/raw/itad/234490.json,False,0
234490,Rush Bros.,2024,2024-11-27T18:00:00Z,2024-12-04T18:00:00Z,A,1,positive,False,False,operational_observed_v1,cached ITAD /games/history/v2; Steam shop 61; US; Phase 5A.1 in-window evidence,True,eligible_by_release_date,release_date_before_sale_start_date,2013-05-24,1,1,0,0,0,[18],[18],61,US,USD,data/raw/itad/234490.json,False,0
234490,Rush Bros.,2025,2025-09-29T17:00:00Z,2025-10-06T17:00:00Z,A,1,positive,False,False,operational_observed_v1,cached ITAD /games/history/v2; Steam shop 61; US; Phase 5A.1 in-window evidence,True,eligible_by_release_date,release_date_before_sale_start_date,2013-05-24,1,1,0,0,0,[8],[8],61,US,USD,data/raw/itad/234490.json,False,0
242960,Blood Omen 2: Legacy of Kain,2023,2023-11-21T18:00:00Z,2023-11-28T18:00:00Z,A,1,positive,False,False,operational_observed_v1,cached ITAD /games/history/v2; Steam shop 61; US; Phase 5A.1 in-window evidence,True,eligible_by_release_date,release_date_before_sale_start_date,2013-09-24,1,1,0,0,0,[40],[40],61,US,USD,data/raw/itad/242960.json,False,0
242960,Blood Omen 2: Legacy of Kain,2024,2024-11-27T18:00:00Z,2024-12-04T18:00:00Z,D,0,unlabeled,False,False,operational_observed_v1,cached ITAD /games/history/v2; Steam shop 61; US; Phase 5A.1 in-window evidence,True,eligible_by_release_date,release_date_before_sale_start_date,2013-09-24,0,0,0,0,0,[],[],61,US,,data/raw/itad/242960.json,False,0
242960,Blood Omen 2: Legacy of Kain,2025,2025-09-29T17:00:00Z,2025-10-06T17:00:00Z,A,1,positive,False,False,operational_observed_v1,cached ITAD /games/history/v2; Steam shop 61; US; Phase 5A.1 in-window evidence,True,eligible_by_release_date,release_date_before_sale_start_date,2013-09-24,1,1,0,0,0,[16],[16],61,US,USD,data/raw/itad/242960.json,False,0
252490,Rust,2023,2023-11-21T18:00:00Z,2023-11-28T18:00:00Z,A,1,positive,False,False,operational_observed_v1,cached ITAD /games/history/v2; Steam shop 61; US; Phase 5A.1 in-window evidence,True,eligible_by_release_date,release_date_before_sale_start_date,2018-02-08,1,1,0,0,0,[53],[53],61,US,USD,data/raw/itad/252490.json,False,0
252490,Rust,2024,2024-11-27T18:00:00Z,2024-12-04T18:00:00Z,A,1,positive,False,False,operational_observed_v1,cached ITAD /games/history/v2; Steam shop 61; US; Phase 5A.1 in-window evidence,True,eligible_by_release_date,release_date_before_sale_start_date,2018-02-08,1,1,0,0,0,[34],[34],61,US,USD,data/raw/itad/252490.json,False,0
252490,Rust,2025,2025-09-29T17:00:00Z,2025-10-06T17:00:00Z,A,1,positive,False,False,operational_observed_v1,cached ITAD /games/history/v2; Steam shop 61; US; Phase 5A.1 in-window evidence,True,eligible_by_release_date,release_date_before_sale_start_date,2018-02-08,1,1,0,0,0,[18],[18],61,US,USD,data/raw/itad/252490.json,False,0
262470,Rollers of the Realm,2023,2023-11-21T18:00:00Z,2023-11-28T18:00:00Z,A,1,positive,False,False,operational_observed_v1,cached ITAD /games/history/v2; Steam shop 61; US; Phase 5A.1 in-window evidence,True,eligible_by_release_date,release_date_before_sale_start_date,2014-11-18,1,1,0,0,0,[19],[19],61,US,USD,data/raw/itad/262470.json,False,0
262470,Rollers of the Realm,2024,2024-11-27T18:00:00Z,2024-12-04T18:00:00Z,A,1,positive,False,False,operational_observed_v1,cached ITAD /games/history/v2; Steam shop 61; US; Phase 5A.1 in-window evidence,True,eligible_by_release_date,release_date_before_sale_start_date,2014-11-18,1,1,0,0,0,[11],[11],61,US,USD,data/raw/itad/262470.json,False,0
262470,Rollers of the Realm,2025,2025-09-29T17:00:00Z,2025-10-06T17:00:00Z,D,0,unlabeled,False,False,operational_observed_v1,cached ITAD /games/history/v2; Steam shop 61; US; Phase 5A.1 in-window evidence,True,eligible_by_release_date,release_date_before_sale_start_date,2014-11-18,0,0,0,0,0,[],[],61,US,,data/raw/itad/262470.json,False,0
270880,American Truck Simulator,2023,2023-11-21T18:00:00Z,2023-11-28T18:00:00Z,A,1,positive,False,False,operational_observed_v1,cached ITAD /games/history/v2; Steam shop 61; US; Phase 5A.1 in-window evidence,True,eligible_by_release_date,release_date_before_sale_start_date,2016-02-02,1,1,0,0,0,[64],[64],61,US,USD,data/raw/itad/270880.json,False,0
270880,American Truck Simulator,2024,2024-11-27T18:00:00Z,2024-12-04T18:00:00Z,A,1,positive,False,False,operational_observed_v1,cached ITAD /games/history/v2; Steam shop 61; US; Phase 5A.1 in-window evidence,True,eligible_by_release_date,release_date_before_sale_start_date,2016-02-02,1,1,0,0,0,[40],[40],61,US,USD,data/raw/itad/270880.json,False,0
270880,American Truck Simulator,2025,2025-09-29T17:00:00Z,2025-10-06T17:00:00Z,A,1,positive,False,False,operational_observed_v1,cached ITAD /games/history/v2; Steam shop 61; US; Phase 5A.1 in-window evidence,True,eligible_by_release_date,release_date_before_sale_start_date,2016-02-02,1,1,0,0,0,[22],[22],61,US,USD,data/raw/itad/270880.json,False,0
282010,Carmageddon Max Pack,2023,2023-11-21T18:00:00Z,2023-11-28T18:00:00Z,D,0,unlabeled,False,False,operational_observed_v1,cached ITAD /games/history/v2; Steam shop 61; US; Phase 5A.1 in-window evidence,True,eligible_by_release_date,release_date_before_sale_start_date,1997-06-30,0,0,0,0,0,[],[],61,US,,data/raw/itad/282010.json,False,0
282010,Carmageddon Max Pack,2024,2024-11-27T18:00:00Z,2024-12-04T18:00:00Z,D,0,unlabeled,False,False,operational_observed_v1,cached ITAD /games/history/v2; Steam shop 61; US; Phase 5A.1 in-window evidence,True,eligible_by_release_date,release_date_before_sale_start_date,1997-06-30,0,0,0,0,0,[],[],61,US,,data/raw/itad/282010.json,False,0
282010,Carmageddon Max Pack,2025,2025-09-29T17:00:00Z,2025-10-06T17:00:00Z,D,0,unlabeled,False,False,operational_observed_v1,cached ITAD /games/history/v2; Steam shop 61; US; Phase 5A.1 in-window evidence,True,eligible_by_release_date,release_date_before_sale_start_date,1997-06-30,0,0,0,0,0,[],[],61,US,,data/raw/itad/282010.json,False,0
292400,Unrest,2023,2023-11-21T18:00:00Z,2023-11-28T18:00:00Z,A,1,positive,False,False,operational_observed_v1,cached ITAD /games/history/v2; Steam shop 61; US; Phase 5A.1 in-window evidence,True,eligible_by_release_date,release_date_before_sale_start_date,2014-07-23,1,1,0,0,0,[24],[24],61,US,USD,data/raw/itad/292400.json,False,0
292400,Unrest,2024,2024-11-27T18:00:00Z,2024-12-04T18:00:00Z,A,1,positive,False,False,operational_observed_v1,cached ITAD /games/history/v2; Steam shop 61; US; Phase 5A.1 in-window evidence,True,eligible_by_release_date,release_date_before_sale_start_date,2014-07-23,1,1,0,0,0,[16],[16],61,US,USD,data/raw/itad/292400.json,False,0
292400,Unrest,2025,2025-09-29T17:00:00Z,2025-10-06T17:00:00Z,A,1,positive,False,False,operational_observed_v1,cached ITAD /games/history/v2; Steam shop 61; US; Phase 5A.1 in-window evidence,True,eligible_by_release_date,release_date_before_sale_start_date,2014-07-23,1,1,0,0,0,[6],[6],61,US,USD,data/raw/itad/292400.json,False,0
303680,FATE: The Traitor Soul,2023,2023-11-21T18:00:00Z,2023-11-28T18:00:00Z,D,0,unlabeled,False,False,operational_observed_v1,cached ITAD /games/history/v2; Steam shop 61; US; Phase 5A.1 in-window evidence,True,eligible_by_release_date,release_date_before_sale_start_date,2014-08-27,0,0,0,0,0,[],[],61,US,,data/raw/itad/303680.json,False,0
303680,FATE: The Traitor Soul,2024,2024-11-27T18:00:00Z,2024-12-04T18:00:00Z,D,0,unlabeled,False,False,operational_observed_v1,cached ITAD /games/history/v2; Steam shop 61; US; Phase 5A.1 in-window evidence,True,eligible_by_release_date,release_date_before_sale_start_date,2014-08-27,0,0,0,0,0,[],[],61,US,,data/raw/itad/303680.json,False,0
303680,FATE: The Traitor Soul,2025,2025-09-29T17:00:00Z,2025-10-06T17:00:00Z,A,1,positive,False,False,operational_observed_v1,cached ITAD /games/history/v2; Steam shop 61; US; Phase 5A.1 in-window evidence,True,eligible_by_release_date,release_date_before_sale_start_date,2014-08-27,1,1,0,0,0,[12],[12],61,US,USD,data/raw/itad/303680.json,False,0
312520,Rain World,2023,2023-11-21T18:00:00Z,2023-11-28T18:00:00Z,A,1,positive,False,False,operational_observed_v1,cached ITAD /games/history/v2; Steam shop 61; US; Phase 5A.1 in-window evidence,True,eligible_by_release_date,release_date_before_sale_start_date,2017-03-28,1,1,0,0,0,[60],[60],61,US,USD,data/raw/itad/312520.json,False,0
312520,Rain World,2024,2024-11-27T18:00:00Z,2024-12-04T18:00:00Z,A,1,positive,False,False,operational_observed_v1,cached ITAD /games/history/v2; Steam shop 61; US; Phase 5A.1 in-window evidence,True,eligible_by_release_date,release_date_before_sale_start_date,2017-03-28,1,1,0,0,0,[40],[40],61,US,USD,data/raw/itad/312520.json,False,0
312520,Rain World,2025,2025-09-29T17:00:00Z,2025-10-06T17:00:00Z,A,1,positive,False,False,operational_observed_v1,cached ITAD /games/history/v2; Steam shop 61; US; Phase 5A.1 in-window evidence,True,eligible_by_release_date,release_date_before_sale_start_date,2017-03-28,1,1,0,0,0,[22],[22],61,US,USD,data/raw/itad/312520.json,False,0
314300,CubeZ,2023,2023-11-21T18:00:00Z,2023-11-28T18:00:00Z,D,0,unlabeled,False,False,operational_observed_v1,cached ITAD /games/history/v2; Steam shop 61; US; Phase 5A.1 in-window evidence,True,eligible_by_release_date,release_date_before_sale_start_date,2014-12-01,0,0,0,0,0,[],[],61,US,,data/raw/itad/314300.json,False,0
314300,CubeZ,2024,2024-11-27T18:00:00Z,2024-12-04T18:00:00Z,D,0,unlabeled,False,False,operational_observed_v1,cached ITAD /games/history/v2; Steam shop 61; US; Phase 5A.1 in-window evidence,True,eligible_by_release_date,release_date_before_sale_start_date,2014-12-01,0,0,0,0,0,[],[],61,US,,data/raw/itad/314300.json,False,0
314300,CubeZ,2025,2025-09-29T17:00:00Z,2025-10-06T17:00:00Z,D,0,unlabeled,False,False,operational_observed_v1,cached ITAD /games/history/v2; Steam shop 61; US; Phase 5A.1 in-window evidence,True,eligible_by_release_date,release_date_before_sale_start_date,2014-12-01,0,0,0,0,0,[],[],61,US,,data/raw/itad/314300.json,False,0
331200,Grass Simulator,2023,2023-11-21T18:00:00Z,2023-11-28T18:00:00Z,A,1,positive,False,False,operational_observed_v1,cached ITAD /games/history/v2; Steam shop 61; US; Phase 5A.1 in-window evidence,True,eligible_by_release_date,release_date_before_sale_start_date,2015-04-01,1,1,0,0,0,[34],[34],61,US,USD,data/raw/itad/331200.json,False,0
331200,Grass Simulator,2024,2024-11-27T18:00:00Z,2024-12-04T18:00:00Z,A,1,positive,False,False,operational_observed_v1,cached ITAD /games/history/v2; Steam shop 61; US; Phase 5A.1 in-window evidence,True,eligible_by_release_date,release_date_before_sale_start_date,2015-04-01,1,1,0,0,0,[26],[26],61,US,USD,data/raw/itad/331200.json,False,0
331200,Grass Simulator,2025,2025-09-29T17:00:00Z,2025-10-06T17:00:00Z,A,1,positive,False,False,operational_observed_v1,cached ITAD /games/history/v2; Steam shop 61; US; Phase 5A.1 in-window evidence,True,eligible_by_release_date,release_date_before_sale_start_date,2015-04-01,1,1,0,0,0,[16],[16],61,US,USD,data/raw/itad/331200.json,False,0
360430,Mafia III: Definitive Edition,2023,2023-11-21T18:00:00Z,2023-11-28T18:00:00Z,A,1,positive,False,False,operational_observed_v1,cached ITAD /games/history/v2; Steam shop 61; US; Phase 5A.1 in-window evidence,True,eligible_by_release_date,release_date_before_sale_start_date,2020-05-19,1,1,0,0,0,[58],[58],61,US,USD,data/raw/itad/360430.json,False,0
360430,Mafia III: Definitive Edition,2024,2024-11-27T18:00:00Z,2024-12-04T18:00:00Z,A,1,positive,False,False,operational_observed_v1,cached ITAD /games/history/v2; Steam shop 61; US; Phase 5A.1 in-window evidence,True,eligible_by_release_date,release_date_before_sale_start_date,2020-05-19,1,1,0,0,0,[38],[38],61,US,USD,data/raw/itad/360430.json,False,0
360430,Mafia III: Definitive Edition,2025,2025-09-29T17:00:00Z,2025-10-06T17:00:00Z,A,1,positive,False,False,operational_observed_v1,cached ITAD /games/history/v2; Steam shop 61; US; Phase 5A.1 in-window evidence,True,eligible_by_release_date,release_date_before_sale_start_date,2020-05-19,1,1,0,0,0,[20],[20],61,US,USD,data/raw/itad/360430.json,False,0
363890,RPG Maker MV,2023,2023-11-21T18:00:00Z,2023-11-28T18:00:00Z,A,1,positive,False,False,operational_observed_v1,cached ITAD /games/history/v2; Steam shop 61; US; Phase 5A.1 in-window evidence,True,eligible_by_release_date,release_date_before_sale_start_date,2015-10-23,1,1,0,0,0,[59],[59],61,US,USD,data/raw/itad/363890.json,False,0
363890,RPG Maker MV,2024,2024-11-27T18:00:00Z,2024-12-04T18:00:00Z,A,1,positive,False,False,operational_observed_v1,cached ITAD /games/history/v2; Steam shop 61; US; Phase 5A.1 in-window evidence,True,eligible_by_release_date,release_date_before_sale_start_date,2015-10-23,1,1,0,0,0,[39],[39],61,US,USD,data/raw/itad/363890.json,False,0
363890,RPG Maker MV,2025,2025-09-29T17:00:00Z,2025-10-06T17:00:00Z,A,1,positive,False,False,operational_observed_v1,cached ITAD /games/history/v2; Steam shop 61; US; Phase 5A.1 in-window evidence,True,eligible_by_release_date,release_date_before_sale_start_date,2015-10-23,1,1,0,0,0,[21],[21],61,US,USD,data/raw/itad/363890.json,False,0
371450,Awe,2023,2023-11-21T18:00:00Z,2023-11-28T18:00:00Z,D,0,unlabeled,False,False,operational_observed_v1,cached ITAD /games/history/v2; Steam shop 61; US; Phase 5A.1 in-window evidence,True,eligible_by_release_date,release_date_before_sale_start_date,2015-10-09,0,0,0,0,0,[],[],61,US,,data/raw/itad/371450.json,False,0
371450,Awe,2024,2024-11-27T18:00:00Z,2024-12-04T18:00:00Z,D,0,unlabeled,False,False,operational_observed_v1,cached ITAD /games/history/v2; Steam shop 61; US; Phase 5A.1 in-window evidence,True,eligible_by_release_date,release_date_before_sale_start_date,2015-10-09,0,0,0,0,0,[],[],61,US,,data/raw/itad/371450.json,False,0
371450,Awe,2025,2025-09-29T17:00:00Z,2025-10-06T17:00:00Z,D,0,unlabeled,False,False,operational_observed_v1,cached ITAD /games/history/v2; Steam shop 61; US; Phase 5A.1 in-window evidence,True,eligible_by_release_date,release_date_before_sale_start_date,2015-10-09,0,0,0,0,0,[],[],61,US,,data/raw/itad/371450.json,False,0
397310,Looterkings,2023,2023-11-21T18:00:00Z,2023-11-28T18:00:00Z,A,1,positive,False,False,operational_observed_v1,cached ITAD /games/history/v2; Steam shop 61; US; Phase 5A.1 in-window evidence,True,eligible_by_release_date,release_date_before_sale_start_date,2017-08-11,1,1,0,0,0,[55],[55],61,US,USD,data/raw/itad/397310.json,False,0
397310,Looterkings,2024,2024-11-27T18:00:00Z,2024-12-04T18:00:00Z,A,1,positive,False,False,operational_observed_v1,cached ITAD /games/history/v2; Steam shop 61; US; Phase 5A.1 in-window evidence,True,eligible_by_release_date,release_date_before_sale_start_date,2017-08-11,1,1,0,0,0,[35],[35],61,US,USD,data/raw/itad/397310.json,False,0
397310,Looterkings,2025,2025-09-29T17:00:00Z,2025-10-06T17:00:00Z,A,1,positive,False,False,operational_observed_v1,cached ITAD /games/history/v2; Steam shop 61; US; Phase 5A.1 in-window evidence,True,eligible_by_release_date,release_date_before_sale_start_date,2017-08-11,1,1,0,0,0,[17],[17],61,US,USD,data/raw/itad/397310.json,False,0
418030,Subsistence,2023,2023-11-21T18:00:00Z,2023-11-28T18:00:00Z,A,1,positive,False,False,operational_observed_v1,cached ITAD /games/history/v2; Steam shop 61; US; Phase 5A.1 in-window evidence,True,eligible_by_release_date,release_date_before_sale_start_date,2016-10-25,1,1,0,0,0,[68],[68],61,US,USD,data/raw/itad/418030.json,False,0
418030,Subsistence,2024,2024-11-27T18:00:00Z,2024-12-04T18:00:00Z,A,1,positive,False,False,operational_observed_v1,cached ITAD /games/history/v2; Steam shop 61; US; Phase 5A.1 in-window evidence,True,eligible_by_release_date,release_date_before_sale_start_date,2016-10-25,1,1,0,0,0,[46],[46],61,US,USD,data/raw/itad/418030.json,False,0
418030,Subsistence,2025,2025-09-29T17:00:00Z,2025-10-06T17:00:00Z,A,1,positive,False,False,operational_observed_v1,cached ITAD /games/history/v2; Steam shop 61; US; Phase 5A.1 in-window evidence,True,eligible_by_release_date,release_date_before_sale_start_date,2016-10-25,1,1,0,0,0,[24],[24],61,US,USD,data/raw/itad/418030.json,False,0
445220,Avorion,2023,2023-11-21T18:00:00Z,2023-11-28T18:00:00Z,A,1,positive,False,False,operational_observed_v1,cached ITAD /games/history/v2; Steam shop 61; US; Phase 5A.1 in-window evidence,True,eligible_by_release_date,release_date_before_sale_start_date,2020-03-09,1,1,0,0,0,[30],[30],61,US,USD,data/raw/itad/445220.json,False,0
445220,Avorion,2024,2024-11-27T18:00:00Z,2024-12-04T18:00:00Z,A,1,positive,False,False,operational_observed_v1,cached ITAD /games/history/v2; Steam shop 61; US; Phase 5A.1 in-window evidence,True,eligible_by_release_date,release_date_before_sale_start_date,2020-03-09,1,1,0,0,0,[18],[18],61,US,USD,data/raw/itad/445220.json,False,0
445220,Avorion,2025,2025-09-29T17:00:00Z,2025-10-06T17:00:00Z,A,1,positive,False,False,operational_observed_v1,cached ITAD /games/history/v2; Steam shop 61; US; Phase 5A.1 in-window evidence,True,eligible_by_release_date,release_date_before_sale_start_date,2020-03-09,1,1,0,0,0,[8],[8],61,US,USD,data/raw/itad/445220.json,False,0
449310,Spunk and Moxie,2023,2023-11-21T18:00:00Z,2023-11-28T18:00:00Z,D,0,unlabeled,False,False,operational_observed_v1,cached ITAD /games/history/v2; Steam shop 61; US; Phase 5A.1 in-window evidence,True,eligible_by_release_date,release_date_before_sale_start_date,2016-05-06,0,0,0,0,0,[],[],61,US,,data/raw/itad/449310.json,False,0
449310,Spunk and Moxie,2024,2024-11-27T18:00:00Z,2024-12-04T18:00:00Z,D,0,unlabeled,False,False,operational_observed_v1,cached ITAD /games/history/v2; Steam shop 61; US; Phase 5A.1 in-window evidence,True,eligible_by_release_date,release_date_before_sale_start_date,2016-05-06,0,0,0,0,0,[],[],61,US,,data/raw/itad/449310.json,False,0
449310,Spunk and Moxie,2025,2025-09-29T17:00:00Z,2025-10-06T17:00:00Z,D,0,unlabeled,False,False,operational_observed_v1,cached ITAD /games/history/v2; Steam shop 61; US; Phase 5A.1 in-window evidence,True,eligible_by_release_date,release_date_before_sale_start_date,2016-05-06,0,0,0,0,0,[],[],61,US,,data/raw/itad/449310.json,False,0
451950,EEP Train Simulator Mission,2023,2023-11-21T18:00:00Z,2023-11-28T18:00:00Z,D,0,unlabeled,False,False,operational_observed_v1,cached ITAD /games/history/v2; Steam shop 61; US; Phase 5A.1 in-window evidence,True,eligible_by_release_date,release_date_before_sale_start_date,2017-04-05,0,0,0,0,0,[],[],61,US,,data/raw/itad/451950.json,False,0
451950,EEP Train Simulator Mission,2024,2024-11-27T18:00:00Z,2024-12-04T18:00:00Z,D,0,unlabeled,False,False,operational_observed_v1,cached ITAD /games/history/v2; Steam shop 61; US; Phase 5A.1 in-window evidence,True,eligible_by_release_date,release_date_before_sale_start_date,2017-04-05,0,0,0,0,0,[],[],61,US,,data/raw/itad/451950.json,False,0
451950,EEP Train Simulator Mission,2025,2025-09-29T17:00:00Z,2025-10-06T17:00:00Z,D,0,unlabeled,False,False,operational_observed_v1,cached ITAD /games/history/v2; Steam shop 61; US; Phase 5A.1 in-window evidence,True,eligible_by_release_date,release_date_before_sale_start_date,2017-04-05,0,0,0,0,0,[],[],61,US,,data/raw/itad/451950.json,False,0
528950,Nekuia,2023,2023-11-21T18:00:00Z,2023-11-28T18:00:00Z,A,1,positive,False,False,operational_observed_v1,cached ITAD /games/history/v2; Steam shop 61; US; Phase 5A.1 in-window evidence,True,eligible_by_release_date,release_date_before_sale_start_date,2016-12-16,1,1,0,0,0,[66],[66],61,US,USD,data/raw/itad/528950.json,False,0
528950,Nekuia,2024,2024-11-27T18:00:00Z,2024-12-04T18:00:00Z,A,1,positive,False,False,operational_observed_v1,cached ITAD /games/history/v2; Steam shop 61; US; Phase 5A.1 in-window evidence,True,eligible_by_release_date,release_date_before_sale_start_date,2016-12-16,1,1,0,0,0,[44],[44],61,US,USD,data/raw/itad/528950.json,False,0
528950,Nekuia,2025,2025-09-29T17:00:00Z,2025-10-06T17:00:00Z,A,1,positive,False,False,operational_observed_v1,cached ITAD /games/history/v2; Steam shop 61; US; Phase 5A.1 in-window evidence,True,eligible_by_release_date,release_date_before_sale_start_date,2016-12-16,1,1,0,0,0,[24],[24],61,US,USD,data/raw/itad/528950.json,False,0
536220,The Walking Dead: A New Frontier,2023,2023-11-21T18:00:00Z,2023-11-28T18:00:00Z,A,1,positive,False,False,operational_observed_v1,cached ITAD /games/history/v2; Steam shop 61; US; Phase 5A.1 in-window evidence,True,eligible_by_release_date,release_date_before_sale_start_date,2016-12-20,1,1,0,0,0,[51],[51],61,US,USD,data/raw/itad/536220.json,False,0
536220,The Walking Dead: A New Frontier,2024,2024-11-27T18:00:00Z,2024-12-04T18:00:00Z,A,1,positive,False,False,operational_observed_v1,cached ITAD /games/history/v2; Steam shop 61; US; Phase 5A.1 in-window evidence,True,eligible_by_release_date,release_date_before_sale_start_date,2016-12-20,1,1,0,0,0,[33],[33],61,US,USD,data/raw/itad/536220.json,False,0
536220,The Walking Dead: A New Frontier,2025,2025-09-29T17:00:00Z,2025-10-06T17:00:00Z,A,1,positive,False,False,operational_observed_v1,cached ITAD /games/history/v2; Steam shop 61; US; Phase 5A.1 in-window evidence,True,eligible_by_release_date,release_date_before_sale_start_date,2016-12-20,1,1,0,0,0,[16],[16],61,US,USD,data/raw/itad/536220.json,False,0
582660,Black Desert,2023,2023-11-21T18:00:00Z,2023-11-28T18:00:00Z,A,1,positive,False,False,operational_observed_v1,cached ITAD /games/history/v2; Steam shop 61; US; Phase 5A.1 in-window evidence,True,eligible_by_release_date,release_date_before_sale_start_date,2017-05-24,1,1,0,0,0,[41],[41],61,US,USD,data/raw/itad/582660.json,False,0
582660,Black Desert,2024,2024-11-27T18:00:00Z,2024-12-04T18:00:00Z,A,1,positive,False,False,operational_observed_v1,cached ITAD /games/history/v2; Steam shop 61; US; Phase 5A.1 in-window evidence,True,eligible_by_release_date,release_date_before_sale_start_date,2017-05-24,1,1,0,0,0,[27],[27],61,US,USD,data/raw/itad/582660.json,False,0
582660,Black Desert,2025,2025-09-29T17:00:00Z,2025-10-06T17:00:00Z,A,1,positive,False,False,operational_observed_v1,cached ITAD /games/history/v2; Steam shop 61; US; Phase 5A.1 in-window evidence,True,eligible_by_release_date,release_date_before_sale_start_date,2017-05-24,1,1,0,0,0,[17],[17],61,US,USD,data/raw/itad/582660.json,False,0
595140,Immortal Redneck,2023,2023-11-21T18:00:00Z,2023-11-28T18:00:00Z,D,0,unlabeled,False,False,operational_observed_v1,cached ITAD /games/history/v2; Steam shop 61; US; Phase 5A.1 in-window evidence,True,eligible_by_release_date,release_date_before_sale_start_date,2017-04-25,0,0,0,0,0,[],[],61,US,,data/raw/itad/595140.json,False,0
595140,Immortal Redneck,2024,2024-11-27T18:00:00Z,2024-12-04T18:00:00Z,A,1,positive,False,False,operational_observed_v1,cached ITAD /games/history/v2; Steam shop 61; US; Phase 5A.1 in-window evidence,True,eligible_by_release_date,release_date_before_sale_start_date,2017-04-25,1,1,0,0,0,[16],[16],61,US,USD,data/raw/itad/595140.json,False,0
595140,Immortal Redneck,2025,2025-09-29T17:00:00Z,2025-10-06T17:00:00Z,A,1,positive,False,False,operational_observed_v1,cached ITAD /games/history/v2; Steam shop 61; US; Phase 5A.1 in-window evidence,True,eligible_by_release_date,release_date_before_sale_start_date,2017-04-25,1,1,0,0,0,[8],[8],61,US,USD,data/raw/itad/595140.json,False,0
603210,Valkyries,2023,2023-11-21T18:00:00Z,2023-11-28T18:00:00Z,D,0,unlabeled,False,False,operational_observed_v1,cached ITAD /games/history/v2; Steam shop 61; US; Phase 5A.1 in-window evidence,True,eligible_by_release_date,release_date_before_sale_start_date,2018-09-17,0,0,0,0,0,[],[],61,US,,data/raw/itad/603210.json,False,0
603210,Valkyries,2024,2024-11-27T18:00:00Z,2024-12-04T18:00:00Z,D,0,unlabeled,False,False,operational_observed_v1,cached ITAD /games/history/v2; Steam shop 61; US; Phase 5A.1 in-window evidence,True,eligible_by_release_date,release_date_before_sale_start_date,2018-09-17,0,0,0,0,0,[],[],61,US,,data/raw/itad/603210.json,False,0
603210,Valkyries,2025,2025-09-29T17:00:00Z,2025-10-06T17:00:00Z,D,0,unlabeled,False,False,operational_observed_v1,cached ITAD /games/history/v2; Steam shop 61; US; Phase 5A.1 in-window evidence,True,eligible_by_release_date,release_date_before_sale_start_date,2018-09-17,0,0,0,0,0,[],[],61,US,,data/raw/itad/603210.json,False,0
646350,Tracon!2012:SE,2023,2023-11-21T18:00:00Z,2023-11-28T18:00:00Z,D,0,unlabeled,False,False,operational_observed_v1,cached ITAD /games/history/v2; Steam shop 61; US; Phase 5A.1 in-window evidence,True,eligible_by_release_date,release_date_before_sale_start_date,2018-02-08,0,0,0,0,0,[],[],61,US,,data/raw/itad/646350.json,False,0
646350,Tracon!2012:SE,2024,2024-11-27T18:00:00Z,2024-12-04T18:00:00Z,D,0,unlabeled,False,False,operational_observed_v1,cached ITAD /games/history/v2; Steam shop 61; US; Phase 5A.1 in-window evidence,True,eligible_by_release_date,release_date_before_sale_start_date,2018-02-08,0,0,0,0,0,[],[],61,US,,data/raw/itad/646350.json,False,0
646350,Tracon!2012:SE,2025,2025-09-29T17:00:00Z,2025-10-06T17:00:00Z,D,0,unlabeled,False,False,operational_observed_v1,cached ITAD /games/history/v2; Steam shop 61; US; Phase 5A.1 in-window evidence,True,eligible_by_release_date,release_date_before_sale_start_date,2018-02-08,0,0,0,0,0,[],[],61,US,,data/raw/itad/646350.json,False,0
666120,Dawn of the killer zombies,2023,2023-11-21T18:00:00Z,2023-11-28T18:00:00Z,D,0,unlabeled,False,False,operational_observed_v1,cached ITAD /games/history/v2; Steam shop 61; US; Phase 5A.1 in-window evidence,True,eligible_by_release_date,release_date_before_sale_start_date,2017-07-08,0,0,0,0,0,[],[],61,US,,data/raw/itad/666120.json,False,0
666120,Dawn of the killer zombies,2024,2024-11-27T18:00:00Z,2024-12-04T18:00:00Z,D,0,unlabeled,False,False,operational_observed_v1,cached ITAD /games/history/v2; Steam shop 61; US; Phase 5A.1 in-window evidence,True,eligible_by_release_date,release_date_before_sale_start_date,2017-07-08,0,0,0,0,0,[],[],61,US,,data/raw/itad/666120.json,False,0
666120,Dawn of the killer zombies,2025,2025-09-29T17:00:00Z,2025-10-06T17:00:00Z,D,0,unlabeled,False,False,operational_observed_v1,cached ITAD /games/history/v2; Steam shop 61; US; Phase 5A.1 in-window evidence,True,eligible_by_release_date,release_date_before_sale_start_date,2017-07-08,0,0,0,0,0,[],[],61,US,,data/raw/itad/666120.json,False,0
700600,Evil Genius 2: World Domination,2023,2023-11-21T18:00:00Z,2023-11-28T18:00:00Z,A,1,positive,False,False,operational_observed_v1,cached ITAD /games/history/v2; Steam shop 61; US; Phase 5A.1 in-window evidence,True,eligible_by_release_date,release_date_before_sale_start_date,2021-03-30,1,1,0,0,0,[30],[30],61,US,USD,data/raw/itad/700600.json,False,0
700600,Evil Genius 2: World Domination,2024,2024-11-27T18:00:00Z,2024-12-04T18:00:00Z,A,1,positive,False,False,operational_observed_v1,cached ITAD /games/history/v2; Steam shop 61; US; Phase 5A.1 in-window evidence,True,eligible_by_release_date,release_date_before_sale_start_date,2021-03-30,1,1,0,0,0,[20],[20],61,US,USD,data/raw/itad/700600.json,False,0
700600,Evil Genius 2: World Domination,2025,2025-09-29T17:00:00Z,2025-10-06T17:00:00Z,A,1,positive,False,False,operational_observed_v1,cached ITAD /games/history/v2; Steam shop 61; US; Phase 5A.1 in-window evidence,True,eligible_by_release_date,release_date_before_sale_start_date,2021-03-30,1,1,0,0,0,[10],[10],61,US,USD,data/raw/itad/700600.json,False,0
708430,Kamikaze Cube,2023,2023-11-21T18:00:00Z,2023-11-28T18:00:00Z,A,1,positive,False,False,operational_observed_v1,cached ITAD /games/history/v2; Steam shop 61; US; Phase 5A.1 in-window evidence,True,eligible_by_release_date,release_date_before_sale_start_date,2017-09-15,1,1,0,0,0,[68],[68],61,US,USD,data/raw/itad/708430.json,False,0
708430,Kamikaze Cube,2024,2024-11-27T18:00:00Z,2024-12-04T18:00:00Z,A,1,positive,False,False,operational_observed_v1,cached ITAD /games/history/v2; Steam shop 61; US; Phase 5A.1 in-window evidence,True,eligible_by_release_date,release_date_before_sale_start_date,2017-09-15,1,1,0,0,0,[44],[44],61,US,USD,data/raw/itad/708430.json,False,0
708430,Kamikaze Cube,2025,2025-09-29T17:00:00Z,2025-10-06T17:00:00Z,A,1,positive,False,False,operational_observed_v1,cached ITAD /games/history/v2; Steam shop 61; US; Phase 5A.1 in-window evidence,True,eligible_by_release_date,release_date_before_sale_start_date,2017-09-15,1,1,0,0,0,[24],[24],61,US,USD,data/raw/itad/708430.json,False,0
745880,Touhou Tenkuushou ~ Hidden Star in Four Seasons.,2023,2023-11-21T18:00:00Z,2023-11-28T18:00:00Z,D,0,unlabeled,False,False,operational_observed_v1,cached ITAD /games/history/v2; Steam shop 61; US; Phase 5A.1 in-window evidence,True,eligible_by_release_date,release_date_before_sale_start_date,2017-11-17,0,0,0,0,0,[],[],61,US,,data/raw/itad/745880.json,False,0
745880,Touhou Tenkuushou ~ Hidden Star in Four Seasons.,2024,2024-11-27T18:00:00Z,2024-12-04T18:00:00Z,D,0,unlabeled,False,False,operational_observed_v1,cached ITAD /games/history/v2; Steam shop 61; US; Phase 5A.1 in-window evidence,True,eligible_by_release_date,release_date_before_sale_start_date,2017-11-17,0,0,0,0,0,[],[],61,US,,data/raw/itad/745880.json,False,0
745880,Touhou Tenkuushou ~ Hidden Star in Four Seasons.,2025,2025-09-29T17:00:00Z,2025-10-06T17:00:00Z,D,0,unlabeled,False,False,operational_observed_v1,cached ITAD /games/history/v2; Steam shop 61; US; Phase 5A.1 in-window evidence,True,eligible_by_release_date,release_date_before_sale_start_date,2017-11-17,0,0,0,0,0,[],[],61,US,,data/raw/itad/745880.json,False,0
757320,Atomicrops,2023,2023-11-21T18:00:00Z,2023-11-28T18:00:00Z,A,1,positive,False,False,operational_observed_v1,cached ITAD /games/history/v2; Steam shop 61; US; Phase 5A.1 in-window evidence,True,eligible_by_release_date,release_date_before_sale_start_date,2020-09-17,1,1,0,0,0,[66],[66],61,US,USD,data/raw/itad/757320.json,False,0
757320,Atomicrops,2024,2024-11-27T18:00:00Z,2024-12-04T18:00:00Z,A,1,positive,False,False,operational_observed_v1,cached ITAD /games/history/v2; Steam shop 61; US; Phase 5A.1 in-window evidence,True,eligible_by_release_date,release_date_before_sale_start_date,2020-09-17,1,1,0,0,0,[42],[42],61,US,USD,data/raw/itad/757320.json,False,0
757320,Atomicrops,2025,2025-09-29T17:00:00Z,2025-10-06T17:00:00Z,A,1,positive,False,False,operational_observed_v1,cached ITAD /games/history/v2; Steam shop 61; US; Phase 5A.1 in-window evidence,True,eligible_by_release_date,release_date_before_sale_start_date,2020-09-17,1,1,0,0,0,[22],[22],61,US,USD,data/raw/itad/757320.json,False,0
791800,Mind Over Mushroom,2023,2023-11-21T18:00:00Z,2023-11-28T18:00:00Z,D,0,unlabeled,False,False,operational_observed_v1,cached ITAD /games/history/v2; Steam shop 61; US; Phase 5A.1 in-window evidence,True,eligible_by_release_date,release_date_before_sale_start_date,2018-08-17,0,0,0,0,0,[],[],61,US,,data/raw/itad/791800.json,False,0
791800,Mind Over Mushroom,2024,2024-11-27T18:00:00Z,2024-12-04T18:00:00Z,A,1,positive,False,False,operational_observed_v1,cached ITAD /games/history/v2; Steam shop 61; US; Phase 5A.1 in-window evidence,True,eligible_by_release_date,release_date_before_sale_start_date,2018-08-17,1,1,0,0,0,[14],[14],61,US,USD,data/raw/itad/791800.json,False,0
791800,Mind Over Mushroom,2025,2025-09-29T17:00:00Z,2025-10-06T17:00:00Z,A,1,positive,False,False,operational_observed_v1,cached ITAD /games/history/v2; Steam shop 61; US; Phase 5A.1 in-window evidence,True,eligible_by_release_date,release_date_before_sale_start_date,2018-08-17,1,1,0,0,0,[8],[8],61,US,USD,data/raw/itad/791800.json,False,0
799600,Cosmoteer: Starship Architect & Commander,2023,2023-11-21T18:00:00Z,2023-11-28T18:00:00Z,A,1,positive,False,False,operational_observed_v1,cached ITAD /games/history/v2; Steam shop 61; US; Phase 5A.1 in-window evidence,True,eligible_by_release_date,release_date_before_sale_start_date,2022-10-24,1,1,0,0,0,[58],[58],61,US,USD,data/raw/itad/799600.json,False,0
799600,Cosmoteer: Starship Architect & Commander,2024,2024-11-27T18:00:00Z,2024-12-04T18:00:00Z,A,1,positive,False,False,operational_observed_v1,cached ITAD /games/history/v2; Steam shop 61; US; Phase 5A.1 in-window evidence,True,eligible_by_release_date,release_date_before_sale_start_date,2022-10-24,1,1,0,0,0,[36],[36],61,US,USD,data/raw/itad/799600.json,False,0
799600,Cosmoteer: Starship Architect & Commander,2025,2025-09-29T17:00:00Z,2025-10-06T17:00:00Z,A,1,positive,False,False,operational_observed_v1,cached ITAD /games/history/v2; Steam shop 61; US; Phase 5A.1 in-window evidence,True,eligible_by_release_date,release_date_before_sale_start_date,2022-10-24,1,1,0,0,0,[20],[20],61,US,USD,data/raw/itad/799600.json,False,0
806140,Achievements printer,2023,2023-11-21T18:00:00Z,2023-11-28T18:00:00Z,D,0,unlabeled,False,False,operational_observed_v1,cached ITAD /games/history/v2; Steam shop 61; US; Phase 5A.1 in-window evidence,True,eligible_by_release_date,release_date_before_sale_start_date,2018-03-02,0,0,0,0,0,[],[],61,US,,data/raw/itad/806140.json,False,0
806140,Achievements printer,2024,2024-11-27T18:00:00Z,2024-12-04T18:00:00Z,D,0,unlabeled,False,False,operational_observed_v1,cached ITAD /games/history/v2; Steam shop 61; US; Phase 5A.1 in-window evidence,True,eligible_by_release_date,release_date_before_sale_start_date,2018-03-02,0,0,0,0,0,[],[],61,US,,data/raw/itad/806140.json,False,0
806140,Achievements printer,2025,2025-09-29T17:00:00Z,2025-10-06T17:00:00Z,D,0,unlabeled,False,False,operational_observed_v1,cached ITAD /games/history/v2; Steam shop 61; US; Phase 5A.1 in-window evidence,True,eligible_by_release_date,release_date_before_sale_start_date,2018-03-02,0,0,0,0,0,[],[],61,US,,data/raw/itad/806140.json,False,0
809230,Unity of Command II,2023,2023-11-21T18:00:00Z,2023-11-28T18:00:00Z,A,1,positive,False,False,operational_observed_v1,cached ITAD /games/history/v2; Steam shop 61; US; Phase 5A.1 in-window evidence,True,eligible_by_release_date,release_date_before_sale_start_date,2019-11-12,1,1,0,0,0,[58],[58],61,US,USD,data/raw/itad/809230.json,False,0
809230,Unity of Command II,2024,2024-11-27T18:00:00Z,2024-12-04T18:00:00Z,A,1,positive,False,False,operational_observed_v1,cached ITAD /games/history/v2; Steam shop 61; US; Phase 5A.1 in-window evidence,True,eligible_by_release_date,release_date_before_sale_start_date,2019-11-12,1,1,0,0,0,[38],[38],61,US,USD,data/raw/itad/809230.json,False,0
809230,Unity of Command II,2025,2025-09-29T17:00:00Z,2025-10-06T17:00:00Z,A,1,positive,False,False,operational_observed_v1,cached ITAD /games/history/v2; Steam shop 61; US; Phase 5A.1 in-window evidence,True,eligible_by_release_date,release_date_before_sale_start_date,2019-11-12,1,1,0,0,0,[20],[20],61,US,USD,data/raw/itad/809230.json,False,0
821720,20.000 Leagues Under The Sea - Captain Nemo,2023,2023-11-21T18:00:00Z,2023-11-28T18:00:00Z,D,0,unlabeled,False,False,operational_observed_v1,cached ITAD /games/history/v2; Steam shop 61; US; Phase 5A.1 in-window evidence,True,eligible_by_release_date,release_date_before_sale_start_date,2018-03-15,0,0,0,0,0,[],[],61,US,,data/raw/itad/821720.json,False,0
821720,20.000 Leagues Under The Sea - Captain Nemo,2024,2024-11-27T18:00:00Z,2024-12-04T18:00:00Z,A,1,positive,False,False,operational_observed_v1,cached ITAD /games/history/v2; Steam shop 61; US; Phase 5A.1 in-window evidence,True,eligible_by_release_date,release_date_before_sale_start_date,2018-03-15,1,1,0,0,0,[42],[42],61,US,USD,data/raw/itad/821720.json,False,0
821720,20.000 Leagues Under The Sea - Captain Nemo,2025,2025-09-29T17:00:00Z,2025-10-06T17:00:00Z,A,1,positive,False,False,operational_observed_v1,cached ITAD /games/history/v2; Steam shop 61; US; Phase 5A.1 in-window evidence,True,eligible_by_release_date,release_date_before_sale_start_date,2018-03-15,1,1,0,0,0,[22],[22],61,US,USD,data/raw/itad/821720.json,False,0
826420,Dark Romance: Heart of the Beast Collector's Edition,2023,2023-11-21T18:00:00Z,2023-11-28T18:00:00Z,A,1,positive,False,False,operational_observed_v1,cached ITAD /games/history/v2; Steam shop 61; US; Phase 5A.1 in-window evidence,True,eligible_by_release_date,release_date_before_sale_start_date,2018-04-06,1,1,0,0,0,[25],[25],61,US,USD,data/raw/itad/826420.json,False,0
826420,Dark Romance: Heart of the Beast Collector's Edition,2024,2024-11-27T18:00:00Z,2024-12-04T18:00:00Z,A,1,positive,False,False,operational_observed_v1,cached ITAD /games/history/v2; Steam shop 61; US; Phase 5A.1 in-window evidence,True,eligible_by_release_date,release_date_before_sale_start_date,2018-04-06,1,1,0,0,0,[19],[19],61,US,USD,data/raw/itad/826420.json,False,0
826420,Dark Romance: Heart of the Beast Collector's Edition,2025,2025-09-29T17:00:00Z,2025-10-06T17:00:00Z,A,1,positive,False,False,operational_observed_v1,cached ITAD /games/history/v2; Steam shop 61; US; Phase 5A.1 in-window evidence,True,eligible_by_release_date,release_date_before_sale_start_date,2018-04-06,1,1,0,0,0,[11],[11],61,US,USD,data/raw/itad/826420.json,False,0
829590,CryoFall,2023,2023-11-21T18:00:00Z,2023-11-28T18:00:00Z,A,1,positive,False,False,operational_observed_v1,cached ITAD /games/history/v2; Steam shop 61; US; Phase 5A.1 in-window evidence,True,eligible_by_release_date,release_date_before_sale_start_date,2021-04-29,1,1,0,0,0,[60],[60],61,US,USD,data/raw/itad/829590.json,False,0
829590,CryoFall,2024,2024-11-27T18:00:00Z,2024-12-04T18:00:00Z,A,1,positive,False,False,operational_observed_v1,cached ITAD /games/history/v2; Steam shop 61; US; Phase 5A.1 in-window evidence,True,eligible_by_release_date,release_date_before_sale_start_date,2021-04-29,1,1,0,0,0,[38],[38],61,US,USD,data/raw/itad/829590.json,False,0
829590,CryoFall,2025,2025-09-29T17:00:00Z,2025-10-06T17:00:00Z,A,1,positive,False,False,operational_observed_v1,cached ITAD /games/history/v2; Steam shop 61; US; Phase 5A.1 in-window evidence,True,eligible_by_release_date,release_date_before_sale_start_date,2021-04-29,1,1,0,0,0,[22],[22],61,US,USD,data/raw/itad/829590.json,False,0
887920,Maestro: Music from the Void Collector's Edition,2023,2023-11-21T18:00:00Z,2023-11-28T18:00:00Z,A,1,positive,False,False,operational_observed_v1,cached ITAD /games/history/v2; Steam shop 61; US; Phase 5A.1 in-window evidence,True,eligible_by_release_date,release_date_before_sale_start_date,2018-07-11,1,1,0,0,0,[23],[23],61,US,USD,data/raw/itad/887920.json,False,0
887920,Maestro: Music from the Void Collector's Edition,2024,2024-11-27T18:00:00Z,2024-12-04T18:00:00Z,A,1,positive,False,False,operational_observed_v1,cached ITAD /games/history/v2; Steam shop 61; US; Phase 5A.1 in-window evidence,True,eligible_by_release_date,release_date_before_sale_start_date,2018-07-11,1,1,0,0,0,[17],[17],61,US,USD,data/raw/itad/887920.json,False,0
887920,Maestro: Music from the Void Collector's Edition,2025,2025-09-29T17:00:00Z,2025-10-06T17:00:00Z,A,1,positive,False,False,operational_observed_v1,cached ITAD /games/history/v2; Steam shop 61; US; Phase 5A.1 in-window evidence,True,eligible_by_release_date,release_date_before_sale_start_date,2018-07-11,1,1,0,0,0,[9],[9],61,US,USD,data/raw/itad/887920.json,False,0
965590,Sagrada,2023,2023-11-21T18:00:00Z,2023-11-28T18:00:00Z,D,0,unlabeled,False,False,operational_observed_v1,cached ITAD /games/history/v2; Steam shop 61; US; Phase 5A.1 in-window evidence,True,eligible_by_release_date,release_date_before_sale_start_date,2020-03-31,0,0,0,0,0,[],[],61,US,,data/raw/itad/965590.json,False,0
965590,Sagrada,2024,2024-11-27T18:00:00Z,2024-12-04T18:00:00Z,A,1,positive,False,False,operational_observed_v1,cached ITAD /games/history/v2; Steam shop 61; US; Phase 5A.1 in-window evidence,True,eligible_by_release_date,release_date_before_sale_start_date,2020-03-31,1,1,0,0,0,[41],[41],61,US,USD,data/raw/itad/965590.json,False,0
965590,Sagrada,2025,2025-09-29T17:00:00Z,2025-10-06T17:00:00Z,A,1,positive,False,False,operational_observed_v1,cached ITAD /games/history/v2; Steam shop 61; US; Phase 5A.1 in-window evidence,True,eligible_by_release_date,release_date_before_sale_start_date,2020-03-31,1,1,0,0,0,[23],[23],61,US,USD,data/raw/itad/965590.json,False,0
966000,Detective Sherlock Pug - Hidden Object. Relaxing games,2023,2023-11-21T18:00:00Z,2023-11-28T18:00:00Z,D,0,unlabeled,False,False,operational_observed_v1,cached ITAD /games/history/v2; Steam shop 61; US; Phase 5A.1 in-window evidence,True,eligible_by_release_date,release_date_before_sale_start_date,2019-02-01,0,0,0,0,0,[],[],61,US,,data/raw/itad/966000.json,False,0
966000,Detective Sherlock Pug - Hidden Object. Relaxing games,2024,2024-11-27T18:00:00Z,2024-12-04T18:00:00Z,D,0,unlabeled,False,False,operational_observed_v1,cached ITAD /games/history/v2; Steam shop 61; US; Phase 5A.1 in-window evidence,True,eligible_by_release_date,release_date_before_sale_start_date,2019-02-01,0,0,0,0,0,[],[],61,US,,data/raw/itad/966000.json,False,0
966000,Detective Sherlock Pug - Hidden Object. Relaxing games,2025,2025-09-29T17:00:00Z,2025-10-06T17:00:00Z,D,0,unlabeled,False,False,operational_observed_v1,cached ITAD /games/history/v2; Steam shop 61; US; Phase 5A.1 in-window evidence,True,eligible_by_release_date,release_date_before_sale_start_date,2019-02-01,0,0,0,0,0,[],[],61,US,,data/raw/itad/966000.json,False,0
1005530,Club Soccer Director PRO 2020,2023,2023-11-21T18:00:00Z,2023-11-28T18:00:00Z,D,0,unlabeled,False,False,operational_observed_v1,cached ITAD /games/history/v2; Steam shop 61; US; Phase 5A.1 in-window evidence,True,eligible_by_release_date,release_date_before_sale_start_date,2019-09-26,0,0,0,0,0,[],[],61,US,,data/raw/itad/1005530.json,False,0
1005530,Club Soccer Director PRO 2020,2024,2024-11-27T18:00:00Z,2024-12-04T18:00:00Z,D,0,unlabeled,False,False,operational_observed_v1,cached ITAD /games/history/v2; Steam shop 61; US; Phase 5A.1 in-window evidence,True,eligible_by_release_date,release_date_before_sale_start_date,2019-09-26,0,0,0,0,0,[],[],61,US,,data/raw/itad/1005530.json,False,0
1005530,Club Soccer Director PRO 2020,2025,2025-09-29T17:00:00Z,2025-10-06T17:00:00Z,D,0,unlabeled,False,False,operational_observed_v1,cached ITAD /games/history/v2; Steam shop 61; US; Phase 5A.1 in-window evidence,True,eligible_by_release_date,release_date_before_sale_start_date,2019-09-26,0,0,0,0,0,[],[],61,US,,data/raw/itad/1005530.json,False,0
1023370,Hentai Super Girl,2023,2023-11-21T18:00:00Z,2023-11-28T18:00:00Z,D,0,unlabeled,False,False,operational_observed_v1,cached ITAD /games/history/v2; Steam shop 61; US; Phase 5A.1 in-window evidence,True,eligible_by_release_date,release_date_before_sale_start_date,2019-02-14,0,0,0,0,0,[],[],61,US,,data/raw/itad/1023370.json,False,0
1023370,Hentai Super Girl,2024,2024-11-27T18:00:00Z,2024-12-04T18:00:00Z,D,0,unlabeled,False,False,operational_observed_v1,cached ITAD /games/history/v2; Steam shop 61; US; Phase 5A.1 in-window evidence,True,eligible_by_release_date,release_date_before_sale_start_date,2019-02-14,0,0,0,0,0,[],[],61,US,,data/raw/itad/1023370.json,False,0
1023370,Hentai Super Girl,2025,2025-09-29T17:00:00Z,2025-10-06T17:00:00Z,D,0,unlabeled,False,False,operational_observed_v1,cached ITAD /games/history/v2; Steam shop 61; US; Phase 5A.1 in-window evidence,True,eligible_by_release_date,release_date_before_sale_start_date,2019-02-14,0,0,0,0,0,[],[],61,US,,data/raw/itad/1023370.json,False,0
1063730,New World: Aeternum,2023,2023-11-21T18:00:00Z,2023-11-28T18:00:00Z,D,0,unlabeled,False,False,operational_observed_v1,cached ITAD /games/history/v2; Steam shop 61; US; Phase 5A.1 in-window evidence,True,eligible_by_release_date,release_date_before_sale_start_date,2021-09-28,0,0,0,0,0,[],[],61,US,,data/raw/itad/1063730.json,False,0
1063730,New World: Aeternum,2024,2024-11-27T18:00:00Z,2024-12-04T18:00:00Z,D,0,unlabeled,False,False,operational_observed_v1,cached ITAD /games/history/v2; Steam shop 61; US; Phase 5A.1 in-window evidence,True,eligible_by_release_date,release_date_before_sale_start_date,2021-09-28,0,0,0,0,0,[],[],61,US,,data/raw/itad/1063730.json,False,0
1063730,New World: Aeternum,2025,2025-09-29T17:00:00Z,2025-10-06T17:00:00Z,D,0,unlabeled,False,False,operational_observed_v1,cached ITAD /games/history/v2; Steam shop 61; US; Phase 5A.1 in-window evidence,True,eligible_by_release_date,release_date_before_sale_start_date,2021-09-28,0,0,0,0,0,[],[],61,US,,data/raw/itad/1063730.json,False,0
1083210,符文女孩/Rune Girl,2023,2023-11-21T18:00:00Z,2023-11-28T18:00:00Z,A,1,positive,False,False,operational_observed_v1,cached ITAD /games/history/v2; Steam shop 61; US; Phase 5A.1 in-window evidence,True,eligible_by_release_date,release_date_before_sale_start_date,2019-06-28,1,1,0,0,0,[66],[66],61,US,USD,data/raw/itad/1083210.json,False,0
1083210,符文女孩/Rune Girl,2024,2024-11-27T18:00:00Z,2024-12-04T18:00:00Z,A,1,positive,False,False,operational_observed_v1,cached ITAD /games/history/v2; Steam shop 61; US; Phase 5A.1 in-window evidence,True,eligible_by_release_date,release_date_before_sale_start_date,2019-06-28,1,1,0,0,0,[42],[42],61,US,USD,data/raw/itad/1083210.json,False,0
1083210,符文女孩/Rune Girl,2025,2025-09-29T17:00:00Z,2025-10-06T17:00:00Z,A,1,positive,False,False,operational_observed_v1,cached ITAD /games/history/v2; Steam shop 61; US; Phase 5A.1 in-window evidence,True,eligible_by_release_date,release_date_before_sale_start_date,2019-06-28,1,1,0,0,0,[22],[22],61,US,USD,data/raw/itad/1083210.json,False,0
1090250,Crunch Element,2023,2023-11-21T18:00:00Z,2023-11-28T18:00:00Z,A,1,positive,False,False,operational_observed_v1,cached ITAD /games/history/v2; Steam shop 61; US; Phase 5A.1 in-window evidence,True,eligible_by_release_date,release_date_before_sale_start_date,2020-12-18,1,1,0,0,0,[15],[15],61,US,USD,data/raw/itad/1090250.json,False,0
1090250,Crunch Element,2024,2024-11-27T18:00:00Z,2024-12-04T18:00:00Z,D,0,unlabeled,False,False,operational_observed_v1,cached ITAD /games/history/v2; Steam shop 61; US; Phase 5A.1 in-window evidence,True,eligible_by_release_date,release_date_before_sale_start_date,2020-12-18,0,0,0,0,0,[],[],61,US,,data/raw/itad/1090250.json,False,0
1090250,Crunch Element,2025,2025-09-29T17:00:00Z,2025-10-06T17:00:00Z,A,1,positive,False,False,operational_observed_v1,cached ITAD /games/history/v2; Steam shop 61; US; Phase 5A.1 in-window evidence,True,eligible_by_release_date,release_date_before_sale_start_date,2020-12-18,1,1,0,0,0,[5],[5],61,US,USD,data/raw/itad/1090250.json,False,0
1097370,Paladin Lias,2023,2023-11-21T18:00:00Z,2023-11-28T18:00:00Z,D,0,unlabeled,False,False,operational_observed_v1,cached ITAD /games/history/v2; Steam shop 61; US; Phase 5A.1 in-window evidence,True,eligible_by_release_date,release_date_before_sale_start_date,2020-07-21,0,0,0,0,0,[],[],61,US,,data/raw/itad/1097370.json,False,0
1097370,Paladin Lias,2024,2024-11-27T18:00:00Z,2024-12-04T18:00:00Z,D,0,unlabeled,False,False,operational_observed_v1,cached ITAD /games/history/v2; Steam shop 61; US; Phase 5A.1 in-window evidence,True,eligible_by_release_date,release_date_before_sale_start_date,2020-07-21,0,0,0,0,0,[],[],61,US,,data/raw/itad/1097370.json,False,0
1097370,Paladin Lias,2025,2025-09-29T17:00:00Z,2025-10-06T17:00:00Z,D,0,unlabeled,False,False,operational_observed_v1,cached ITAD /games/history/v2; Steam shop 61; US; Phase 5A.1 in-window evidence,True,eligible_by_release_date,release_date_before_sale_start_date,2020-07-21,0,0,0,0,0,[],[],61,US,,data/raw/itad/1097370.json,False,0
1141280,Super Space Slayer 2,2023,2023-11-21T18:00:00Z,2023-11-28T18:00:00Z,D,0,unlabeled,False,False,operational_observed_v1,cached ITAD /games/history/v2; Steam shop 61; US; Phase 5A.1 in-window evidence,True,eligible_by_release_date,release_date_before_sale_start_date,2019-09-22,0,0,0,0,0,[],[],61,US,,data/raw/itad/1141280.json,False,0
1141280,Super Space Slayer 2,2024,2024-11-27T18:00:00Z,2024-12-04T18:00:00Z,D,0,unlabeled,False,False,operational_observed_v1,cached ITAD /games/history/v2; Steam shop 61; US; Phase 5A.1 in-window evidence,True,eligible_by_release_date,release_date_before_sale_start_date,2019-09-22,0,0,0,0,0,[],[],61,US,,data/raw/itad/1141280.json,False,0
1141280,Super Space Slayer 2,2025,2025-09-29T17:00:00Z,2025-10-06T17:00:00Z,D,0,unlabeled,False,False,operational_observed_v1,cached ITAD /games/history/v2; Steam shop 61; US; Phase 5A.1 in-window evidence,True,eligible_by_release_date,release_date_before_sale_start_date,2019-09-22,0,0,0,0,0,[],[],61,US,,data/raw/itad/1141280.json,False,0
1158850,The Great Ace Attorney Chronicles,2023,2023-11-21T18:00:00Z,2023-11-28T18:00:00Z,D,0,unlabeled,False,False,operational_observed_v1,cached ITAD /games/history/v2; Steam shop 61; US; Phase 5A.1 in-window evidence,True,eligible_by_release_date,release_date_before_sale_start_date,2021-07-26,0,0,0,0,0,[],[],61,US,,data/raw/itad/1158850.json,False,0
1158850,The Great Ace Attorney Chronicles,2024,2024-11-27T18:00:00Z,2024-12-04T18:00:00Z,A,1,positive,False,False,operational_observed_v1,cached ITAD /games/history/v2; Steam shop 61; US; Phase 5A.1 in-window evidence,True,eligible_by_release_date,release_date_before_sale_start_date,2021-07-26,1,1,0,0,0,[34],[34],61,US,USD,data/raw/itad/1158850.json,False,0
1158850,The Great Ace Attorney Chronicles,2025,2025-09-29T17:00:00Z,2025-10-06T17:00:00Z,D,0,unlabeled,False,False,operational_observed_v1,cached ITAD /games/history/v2; Steam shop 61; US; Phase 5A.1 in-window evidence,True,eligible_by_release_date,release_date_before_sale_start_date,2021-07-26,0,0,0,0,0,[],[],61,US,,data/raw/itad/1158850.json,False,0
1200900,Crypto: Against All Odds - Tower Defense,2023,2023-11-21T18:00:00Z,2023-11-28T18:00:00Z,D,0,unlabeled,False,False,operational_observed_v1,cached ITAD /games/history/v2; Steam shop 61; US; Phase 5A.1 in-window evidence,True,eligible_by_release_date,release_date_before_sale_start_date,2021-03-02,0,0,0,0,0,[],[],61,US,,data/raw/itad/1200900.json,False,0
1200900,Crypto: Against All Odds - Tower Defense,2024,2024-11-27T18:00:00Z,2024-12-04T18:00:00Z,D,0,unlabeled,False,False,operational_observed_v1,cached ITAD /games/history/v2; Steam shop 61; US; Phase 5A.1 in-window evidence,True,eligible_by_release_date,release_date_before_sale_start_date,2021-03-02,0,0,0,0,0,[],[],61,US,,data/raw/itad/1200900.json,False,0
1200900,Crypto: Against All Odds - Tower Defense,2025,2025-09-29T17:00:00Z,2025-10-06T17:00:00Z,D,0,unlabeled,False,False,operational_observed_v1,cached ITAD /games/history/v2; Steam shop 61; US; Phase 5A.1 in-window evidence,True,eligible_by_release_date,release_date_before_sale_start_date,2021-03-02,0,0,0,0,0,[],[],61,US,,data/raw/itad/1200900.json,False,0
1239260,Barro F,2023,2023-11-21T18:00:00Z,2023-11-28T18:00:00Z,A,1,positive,False,False,operational_observed_v1,cached ITAD /games/history/v2; Steam shop 61; US; Phase 5A.1 in-window evidence,True,eligible_by_release_date,release_date_before_sale_start_date,2020-02-28,1,1,0,0,0,[56],[56],61,US,USD,data/raw/itad/1239260.json,False,0
1239260,Barro F,2024,2024-11-27T18:00:00Z,2024-12-04T18:00:00Z,D,0,unlabeled,False,False,operational_observed_v1,cached ITAD /games/history/v2; Steam shop 61; US; Phase 5A.1 in-window evidence,True,eligible_by_release_date,release_date_before_sale_start_date,2020-02-28,0,0,0,0,0,[],[],61,US,,data/raw/itad/1239260.json,False,0
1239260,Barro F,2025,2025-09-29T17:00:00Z,2025-10-06T17:00:00Z,D,0,unlabeled,False,False,operational_observed_v1,cached ITAD /games/history/v2; Steam shop 61; US; Phase 5A.1 in-window evidence,True,eligible_by_release_date,release_date_before_sale_start_date,2020-02-28,0,0,0,0,0,[],[],61,US,,data/raw/itad/1239260.json,False,0
1249680,Ninshi Masuta,2023,2023-11-21T18:00:00Z,2023-11-28T18:00:00Z,A,1,positive,False,False,operational_observed_v1,cached ITAD /games/history/v2; Steam shop 61; US; Phase 5A.1 in-window evidence,True,eligible_by_release_date,release_date_before_sale_start_date,2021-10-29,1,1,0,0,0,[34],[34],61,US,USD,data/raw/itad/1249680.json,False,0
1249680,Ninshi Masuta,2024,2024-11-27T18:00:00Z,2024-12-04T18:00:00Z,A,1,positive,False,False,operational_observed_v1,cached ITAD /games/history/v2; Steam shop 61; US; Phase 5A.1 in-window evidence,True,eligible_by_release_date,release_date_before_sale_start_date,2021-10-29,1,1,0,0,0,[22],[22],61,US,USD,data/raw/itad/1249680.json,False,0
1249680,Ninshi Masuta,2025,2025-09-29T17:00:00Z,2025-10-06T17:00:00Z,A,1,positive,False,False,operational_observed_v1,cached ITAD /games/history/v2; Steam shop 61; US; Phase 5A.1 in-window evidence,True,eligible_by_release_date,release_date_before_sale_start_date,2021-10-29,1,1,0,0,0,[10],[10],61,US,USD,data/raw/itad/1249680.json,False,0
1257270,The Valley of Super Flowers,2023,2023-11-21T18:00:00Z,2023-11-28T18:00:00Z,A,1,positive,False,False,operational_observed_v1,cached ITAD /games/history/v2; Steam shop 61; US; Phase 5A.1 in-window evidence,True,eligible_by_release_date,release_date_before_sale_start_date,2020-03-27,1,1,0,0,0,[66],[66],61,US,USD,data/raw/itad/1257270.json,False,0
1257270,The Valley of Super Flowers,2024,2024-11-27T18:00:00Z,2024-12-04T18:00:00Z,D,0,unlabeled,False,False,operational_observed_v1,cached ITAD /games/history/v2; Steam shop 61; US; Phase 5A.1 in-window evidence,True,eligible_by_release_date,release_date_before_sale_start_date,2020-03-27,0,0,0,0,0,[],[],61,US,,data/raw/itad/1257270.json,False,0
1257270,The Valley of Super Flowers,2025,2025-09-29T17:00:00Z,2025-10-06T17:00:00Z,A,1,positive,False,False,operational_observed_v1,cached ITAD /games/history/v2; Steam shop 61; US; Phase 5A.1 in-window evidence,True,eligible_by_release_date,release_date_before_sale_start_date,2020-03-27,1,1,0,0,0,[24],[24],61,US,USD,data/raw/itad/1257270.json,False,0
1271420,Chronicles of Honor,2023,2023-11-21T18:00:00Z,2023-11-28T18:00:00Z,D,0,unlabeled,False,False,operational_observed_v1,cached ITAD /games/history/v2; Steam shop 61; US; Phase 5A.1 in-window evidence,True,eligible_by_release_date,release_date_before_sale_start_date,2020-04-17,0,0,0,0,0,[],[],61,US,,data/raw/itad/1271420.json,False,0
1271420,Chronicles of Honor,2024,2024-11-27T18:00:00Z,2024-12-04T18:00:00Z,D,0,unlabeled,False,False,operational_observed_v1,cached ITAD /games/history/v2; Steam shop 61; US; Phase 5A.1 in-window evidence,True,eligible_by_release_date,release_date_before_sale_start_date,2020-04-17,0,0,0,0,0,[],[],61,US,,data/raw/itad/1271420.json,False,0
1271420,Chronicles of Honor,2025,2025-09-29T17:00:00Z,2025-10-06T17:00:00Z,D,0,unlabeled,False,False,operational_observed_v1,cached ITAD /games/history/v2; Steam shop 61; US; Phase 5A.1 in-window evidence,True,eligible_by_release_date,release_date_before_sale_start_date,2020-04-17,0,0,0,0,0,[],[],61,US,,data/raw/itad/1271420.json,False,0
1338570,Sheng Tian (升天) - Episode 1,2023,2023-11-21T18:00:00Z,2023-11-28T18:00:00Z,D,0,unlabeled,False,False,operational_observed_v1,cached ITAD /games/history/v2; Steam shop 61; US; Phase 5A.1 in-window evidence,True,eligible_by_release_date,release_date_before_sale_start_date,2020-07-31,0,0,0,0,0,[],[],61,US,,data/raw/itad/1338570.json,False,0
1338570,Sheng Tian (升天) - Episode 1,2024,2024-11-27T18:00:00Z,2024-12-04T18:00:00Z,D,0,unlabeled,False,False,operational_observed_v1,cached ITAD /games/history/v2; Steam shop 61; US; Phase 5A.1 in-window evidence,True,eligible_by_release_date,release_date_before_sale_start_date,2020-07-31,0,0,0,0,0,[],[],61,US,,data/raw/itad/1338570.json,False,0
1338570,Sheng Tian (升天) - Episode 1,2025,2025-09-29T17:00:00Z,2025-10-06T17:00:00Z,D,0,unlabeled,False,False,operational_observed_v1,cached ITAD /games/history/v2; Steam shop 61; US; Phase 5A.1 in-window evidence,True,eligible_by_release_date,release_date_before_sale_start_date,2020-07-31,0,0,0,0,0,[],[],61,US,,data/raw/itad/1338570.json,False,0
1373180,The Sea Hotel☆Umineko Tei,2023,2023-11-21T18:00:00Z,2023-11-28T18:00:00Z,A,1,positive,False,False,operational_observed_v1,cached ITAD /games/history/v2; Steam shop 61; US; Phase 5A.1 in-window evidence,True,eligible_by_release_date,release_date_before_sale_start_date,2020-09-30,1,1,0,0,0,[16],[16],61,US,USD,data/raw/itad/1373180.json,False,0
1373180,The Sea Hotel☆Umineko Tei,2024,2024-11-27T18:00:00Z,2024-12-04T18:00:00Z,A,1,positive,False,False,operational_observed_v1,cached ITAD /games/history/v2; Steam shop 61; US; Phase 5A.1 in-window evidence,True,eligible_by_release_date,release_date_before_sale_start_date,2020-09-30,1,1,0,0,0,[10],[10],61,US,USD,data/raw/itad/1373180.json,False,0
1373180,The Sea Hotel☆Umineko Tei,2025,2025-09-29T17:00:00Z,2025-10-06T17:00:00Z,D,0,unlabeled,False,False,operational_observed_v1,cached ITAD /games/history/v2; Steam shop 61; US; Phase 5A.1 in-window evidence,True,eligible_by_release_date,release_date_before_sale_start_date,2020-09-30,0,0,0,0,0,[],[],61,US,,data/raw/itad/1373180.json,False,0
1413660,Elderand,2023,2023-11-21T18:00:00Z,2023-11-28T18:00:00Z,A,1,positive,False,False,operational_observed_v1,cached ITAD /games/history/v2; Steam shop 61; US; Phase 5A.1 in-window evidence,True,eligible_by_release_date,release_date_before_sale_start_date,2023-02-16,1,1,0,0,0,[60],[60],61,US,USD,data/raw/itad/1413660.json,False,0
1413660,Elderand,2024,2024-11-27T18:00:00Z,2024-12-04T18:00:00Z,A,1,positive,False,False,operational_observed_v1,cached ITAD /games/history/v2; Steam shop 61; US; Phase 5A.1 in-window evidence,True,eligible_by_release_date,release_date_before_sale_start_date,2023-02-16,1,1,0,0,0,[40],[40],61,US,USD,data/raw/itad/1413660.json,False,0
1413660,Elderand,2025,2025-09-29T17:00:00Z,2025-10-06T17:00:00Z,A,1,positive,False,False,operational_observed_v1,cached ITAD /games/history/v2; Steam shop 61; US; Phase 5A.1 in-window evidence,True,eligible_by_release_date,release_date_before_sale_start_date,2023-02-16,1,1,0,0,0,[20],[20],61,US,USD,data/raw/itad/1413660.json,False,0
1418360,Lonesome Village,2023,2023-11-21T18:00:00Z,2023-11-28T18:00:00Z,A,1,positive,False,False,operational_observed_v1,cached ITAD /games/history/v2; Steam shop 61; US; Phase 5A.1 in-window evidence,True,eligible_by_release_date,release_date_before_sale_start_date,2022-11-01,1,1,0,0,0,[66],[66],61,US,USD,data/raw/itad/1418360.json,False,0
1418360,Lonesome Village,2024,2024-11-27T18:00:00Z,2024-12-04T18:00:00Z,A,1,positive,False,False,operational_observed_v1,cached ITAD /games/history/v2; Steam shop 61; US; Phase 5A.1 in-window evidence,True,eligible_by_release_date,release_date_before_sale_start_date,2022-11-01,1,1,0,0,0,[42],[42],61,US,USD,data/raw/itad/1418360.json,False,0
1418360,Lonesome Village,2025,2025-09-29T17:00:00Z,2025-10-06T17:00:00Z,A,1,positive,False,False,operational_observed_v1,cached ITAD /games/history/v2; Steam shop 61; US; Phase 5A.1 in-window evidence,True,eligible_by_release_date,release_date_before_sale_start_date,2022-11-01,1,1,0,0,0,[22],[22],61,US,USD,data/raw/itad/1418360.json,False,0
1465260,Cyberpunk SFX,2023,2023-11-21T18:00:00Z,2023-11-28T18:00:00Z,A,1,positive,False,False,operational_observed_v1,cached ITAD /games/history/v2; Steam shop 61; US; Phase 5A.1 in-window evidence,True,eligible_by_release_date,release_date_before_sale_start_date,2020-11-29,1,1,0,0,0,[59],[59],61,US,USD,data/raw/itad/1465260.json,False,0
1465260,Cyberpunk SFX,2024,2024-11-27T18:00:00Z,2024-12-04T18:00:00Z,D,0,unlabeled,False,False,operational_observed_v1,cached ITAD /games/history/v2; Steam shop 61; US; Phase 5A.1 in-window evidence,True,eligible_by_release_date,release_date_before_sale_start_date,2020-11-29,0,0,0,0,0,[],[],61,US,,data/raw/itad/1465260.json,False,0
1465260,Cyberpunk SFX,2025,2025-09-29T17:00:00Z,2025-10-06T17:00:00Z,A,1,positive,False,False,operational_observed_v1,cached ITAD /games/history/v2; Steam shop 61; US; Phase 5A.1 in-window evidence,True,eligible_by_release_date,release_date_before_sale_start_date,2020-11-29,1,1,0,0,0,[21],[21],61,US,USD,data/raw/itad/1465260.json,False,0
1532510,Purrfect Apawcalypse: Love at Furst Bite,2023,2023-11-21T18:00:00Z,2023-11-28T18:00:00Z,A,1,positive,False,False,operational_observed_v1,cached ITAD /games/history/v2; Steam shop 61; US; Phase 5A.1 in-window evidence,True,eligible_by_release_date,release_date_before_sale_start_date,2021-02-16,1,1,0,0,0,[22],[22],61,US,USD,data/raw/itad/1532510.json,False,0
1532510,Purrfect Apawcalypse: Love at Furst Bite,2024,2024-11-27T18:00:00Z,2024-12-04T18:00:00Z,A,1,positive,False,False,operational_observed_v1,cached ITAD /games/history/v2; Steam shop 61; US; Phase 5A.1 in-window evidence,True,eligible_by_release_date,release_date_before_sale_start_date,2021-02-16,1,1,0,0,0,[14],[14],61,US,USD,data/raw/itad/1532510.json,False,0
1532510,Purrfect Apawcalypse: Love at Furst Bite,2025,2025-09-29T17:00:00Z,2025-10-06T17:00:00Z,A,1,positive,False,False,operational_observed_v1,cached ITAD /games/history/v2; Steam shop 61; US; Phase 5A.1 in-window evidence,True,eligible_by_release_date,release_date_before_sale_start_date,2021-02-16,1,1,0,0,0,[6],[6],61,US,USD,data/raw/itad/1532510.json,False,0
1544810,HANDMADE CARPROGRAM,2023,2023-11-21T18:00:00Z,2023-11-28T18:00:00Z,D,0,unlabeled,False,False,operational_observed_v1,cached ITAD /games/history/v2; Steam shop 61; US; Phase 5A.1 in-window evidence,True,eligible_by_release_date,release_date_before_sale_start_date,2021-03-15,0,0,0,0,0,[],[],61,US,,data/raw/itad/1544810.json,False,0
1544810,HANDMADE CARPROGRAM,2024,2024-11-27T18:00:00Z,2024-12-04T18:00:00Z,D,0,unlabeled,False,False,operational_observed_v1,cached ITAD /games/history/v2; Steam shop 61; US; Phase 5A.1 in-window evidence,True,eligible_by_release_date,release_date_before_sale_start_date,2021-03-15,0,0,0,0,0,[],[],61,US,,data/raw/itad/1544810.json,False,0
1544810,HANDMADE CARPROGRAM,2025,2025-09-29T17:00:00Z,2025-10-06T17:00:00Z,D,0,unlabeled,False,False,operational_observed_v1,cached ITAD /games/history/v2; Steam shop 61; US; Phase 5A.1 in-window evidence,True,eligible_by_release_date,release_date_before_sale_start_date,2021-03-15,0,0,0,0,0,[],[],61,US,,data/raw/itad/1544810.json,False,0
1560770,Tower of Waifus 2,2023,2023-11-21T18:00:00Z,2023-11-28T18:00:00Z,A,1,positive,False,False,operational_observed_v1,cached ITAD /games/history/v2; Steam shop 61; US; Phase 5A.1 in-window evidence,True,eligible_by_release_date,release_date_before_sale_start_date,2021-06-17,1,1,0,0,0,[62],[62],61,US,USD,data/raw/itad/1560770.json,False,0
1560770,Tower of Waifus 2,2024,2024-11-27T18:00:00Z,2024-12-04T18:00:00Z,A,1,positive,False,False,operational_observed_v1,cached ITAD /games/history/v2; Steam shop 61; US; Phase 5A.1 in-window evidence,True,eligible_by_release_date,release_date_before_sale_start_date,2021-06-17,1,1,0,0,0,[40],[40],61,US,USD,data/raw/itad/1560770.json,False,0
1560770,Tower of Waifus 2,2025,2025-09-29T17:00:00Z,2025-10-06T17:00:00Z,A,1,positive,False,False,operational_observed_v1,cached ITAD /games/history/v2; Steam shop 61; US; Phase 5A.1 in-window evidence,True,eligible_by_release_date,release_date_before_sale_start_date,2021-06-17,1,1,0,0,0,[24],[24],61,US,USD,data/raw/itad/1560770.json,False,0
1575230,Paid Trade,2023,2023-11-21T18:00:00Z,2023-11-28T18:00:00Z,D,0,unlabeled,False,False,operational_observed_v1,cached ITAD /games/history/v2; Steam shop 61; US; Phase 5A.1 in-window evidence,True,eligible_by_release_date,release_date_before_sale_start_date,2021-03-29,0,0,0,0,0,[],[],61,US,,data/raw/itad/1575230.json,False,0
1575230,Paid Trade,2024,2024-11-27T18:00:00Z,2024-12-04T18:00:00Z,D,0,unlabeled,False,False,operational_observed_v1,cached ITAD /games/history/v2; Steam shop 61; US; Phase 5A.1 in-window evidence,True,eligible_by_release_date,release_date_before_sale_start_date,2021-03-29,0,0,0,0,0,[],[],61,US,,data/raw/itad/1575230.json,False,0
1575230,Paid Trade,2025,2025-09-29T17:00:00Z,2025-10-06T17:00:00Z,D,0,unlabeled,False,False,operational_observed_v1,cached ITAD /games/history/v2; Steam shop 61; US; Phase 5A.1 in-window evidence,True,eligible_by_release_date,release_date_before_sale_start_date,2021-03-29,0,0,0,0,0,[],[],61,US,,data/raw/itad/1575230.json,False,0
1588760,Switchball HD,2023,2023-11-21T18:00:00Z,2023-11-28T18:00:00Z,A,1,positive,False,False,operational_observed_v1,cached ITAD /games/history/v2; Steam shop 61; US; Phase 5A.1 in-window evidence,True,eligible_by_release_date,release_date_before_sale_start_date,2021-05-17,1,1,0,0,0,[64],[64],61,US,USD,data/raw/itad/1588760.json,False,0
1588760,Switchball HD,2024,2024-11-27T18:00:00Z,2024-12-04T18:00:00Z,A,1,positive,False,False,operational_observed_v1,cached ITAD /games/history/v2; Steam shop 61; US; Phase 5A.1 in-window evidence,True,eligible_by_release_date,release_date_before_sale_start_date,2021-05-17,1,1,0,0,0,[42],[42],61,US,USD,data/raw/itad/1588760.json,False,0
1588760,Switchball HD,2025,2025-09-29T17:00:00Z,2025-10-06T17:00:00Z,D,0,unlabeled,False,False,operational_observed_v1,cached ITAD /games/history/v2; Steam shop 61; US; Phase 5A.1 in-window evidence,True,eligible_by_release_date,release_date_before_sale_start_date,2021-05-17,0,0,0,0,0,[],[],61,US,,data/raw/itad/1588760.json,False,0
1655440,Themes of Dark and Light,2023,2023-11-21T18:00:00Z,2023-11-28T18:00:00Z,A,1,positive,False,False,operational_observed_v1,cached ITAD /games/history/v2; Steam shop 61; US; Phase 5A.1 in-window evidence,True,eligible_by_release_date,release_date_before_sale_start_date,2021-09-15,1,1,0,0,0,[17],[17],61,US,USD,data/raw/itad/1655440.json,False,0
1655440,Themes of Dark and Light,2024,2024-11-27T18:00:00Z,2024-12-04T18:00:00Z,D,0,unlabeled,False,False,operational_observed_v1,cached ITAD /games/history/v2; Steam shop 61; US; Phase 5A.1 in-window evidence,True,eligible_by_release_date,release_date_before_sale_start_date,2021-09-15,0,0,0,0,0,[],[],61,US,,data/raw/itad/1655440.json,False,0
1655440,Themes of Dark and Light,2025,2025-09-29T17:00:00Z,2025-10-06T17:00:00Z,A,1,positive,False,False,operational_observed_v1,cached ITAD /games/history/v2; Steam shop 61; US; Phase 5A.1 in-window evidence,True,eligible_by_release_date,release_date_before_sale_start_date,2021-09-15,1,1,0,0,0,[5],[5],61,US,USD,data/raw/itad/1655440.json,False,0
1708340,BlazingAngel Mistletear,2023,2023-11-21T18:00:00Z,2023-11-28T18:00:00Z,D,0,unlabeled,False,False,operational_observed_v1,cached ITAD /games/history/v2; Steam shop 61; US; Phase 5A.1 in-window evidence,True,eligible_by_release_date,release_date_before_sale_start_date,2023-07-20,0,0,0,0,0,[],[],61,US,,data/raw/itad/1708340.json,False,0
1708340,BlazingAngel Mistletear,2024,2024-11-27T18:00:00Z,2024-12-04T18:00:00Z,D,0,unlabeled,False,False,operational_observed_v1,cached ITAD /games/history/v2; Steam shop 61; US; Phase 5A.1 in-window evidence,True,eligible_by_release_date,release_date_before_sale_start_date,2023-07-20,0,0,0,0,0,[],[],61,US,,data/raw/itad/1708340.json,False,0
1708340,BlazingAngel Mistletear,2025,2025-09-29T17:00:00Z,2025-10-06T17:00:00Z,A,1,positive,False,False,operational_observed_v1,cached ITAD /games/history/v2; Steam shop 61; US; Phase 5A.1 in-window evidence,True,eligible_by_release_date,release_date_before_sale_start_date,2023-07-20,1,1,0,0,0,[8],[8],61,US,USD,data/raw/itad/1708340.json,False,0
1740720,Have a Nice Death,2023,2023-11-21T18:00:00Z,2023-11-28T18:00:00Z,D,0,unlabeled,False,False,operational_observed_v1,cached ITAD /games/history/v2; Steam shop 61; US; Phase 5A.1 in-window evidence,True,eligible_by_release_date,release_date_before_sale_start_date,2023-03-22,0,0,0,0,0,[],[],61,US,,data/raw/itad/1740720.json,False,0
1740720,Have a Nice Death,2024,2024-11-27T18:00:00Z,2024-12-04T18:00:00Z,A,1,positive,False,False,operational_observed_v1,cached ITAD /games/history/v2; Steam shop 61; US; Phase 5A.1 in-window evidence,True,eligible_by_release_date,release_date_before_sale_start_date,2023-03-22,1,1,0,0,0,[30],[30],61,US,USD,data/raw/itad/1740720.json,False,0
1740720,Have a Nice Death,2025,2025-09-29T17:00:00Z,2025-10-06T17:00:00Z,A,1,positive,False,False,operational_observed_v1,cached ITAD /games/history/v2; Steam shop 61; US; Phase 5A.1 in-window evidence,True,eligible_by_release_date,release_date_before_sale_start_date,2023-03-22,1,1,0,0,0,[16],[16],61,US,USD,data/raw/itad/1740720.json,False,0
1785150,Friends vs Friends,2023,2023-11-21T18:00:00Z,2023-11-28T18:00:00Z,A,1,positive,False,False,operational_observed_v1,cached ITAD /games/history/v2; Steam shop 61; US; Phase 5A.1 in-window evidence,True,eligible_by_release_date,release_date_before_sale_start_date,2023-05-30,1,1,0,0,0,[68],[68],61,US,USD,data/raw/itad/1785150.json,False,0
1785150,Friends vs Friends,2024,2024-11-27T18:00:00Z,2024-12-04T18:00:00Z,A,1,positive,False,False,operational_observed_v1,cached ITAD /games/history/v2; Steam shop 61; US; Phase 5A.1 in-window evidence,True,eligible_by_release_date,release_date_before_sale_start_date,2023-05-30,1,1,0,0,0,[46],[46],61,US,USD,data/raw/itad/1785150.json,False,0
1785150,Friends vs Friends,2025,2025-09-29T17:00:00Z,2025-10-06T17:00:00Z,A,1,positive,False,False,operational_observed_v1,cached ITAD /games/history/v2; Steam shop 61; US; Phase 5A.1 in-window evidence,True,eligible_by_release_date,release_date_before_sale_start_date,2023-05-30,1,1,0,0,0,[24],[24],61,US,USD,data/raw/itad/1785150.json,False,0
1836120,QUICKERFLAK,2023,2023-11-21T18:00:00Z,2023-11-28T18:00:00Z,D,0,unlabeled,False,False,operational_observed_v1,cached ITAD /games/history/v2; Steam shop 61; US; Phase 5A.1 in-window evidence,True,eligible_by_release_date,release_date_before_sale_start_date,2022-01-12,0,0,0,0,0,[],[],61,US,,data/raw/itad/1836120.json,False,0
1836120,QUICKERFLAK,2024,2024-11-27T18:00:00Z,2024-12-04T18:00:00Z,A,1,positive,False,False,operational_observed_v1,cached ITAD /games/history/v2; Steam shop 61; US; Phase 5A.1 in-window evidence,True,eligible_by_release_date,release_date_before_sale_start_date,2022-01-12,1,1,0,0,0,[29],[29],61,US,USD,data/raw/itad/1836120.json,False,0
1836120,QUICKERFLAK,2025,2025-09-29T17:00:00Z,2025-10-06T17:00:00Z,D,0,unlabeled,False,False,operational_observed_v1,cached ITAD /games/history/v2; Steam shop 61; US; Phase 5A.1 in-window evidence,True,eligible_by_release_date,release_date_before_sale_start_date,2022-01-12,0,0,0,0,0,[],[],61,US,,data/raw/itad/1836120.json,False,0
1882420,Learn Programming: Python - Remake,2023,2023-11-21T18:00:00Z,2023-11-28T18:00:00Z,D,0,unlabeled,False,False,operational_observed_v1,cached ITAD /games/history/v2; Steam shop 61; US; Phase 5A.1 in-window evidence,True,eligible_by_release_date,release_date_before_sale_start_date,2022-02-21,0,0,0,0,0,[],[],61,US,,data/raw/itad/1882420.json,False,0
1882420,Learn Programming: Python - Remake,2024,2024-11-27T18:00:00Z,2024-12-04T18:00:00Z,A,1,positive,False,False,operational_observed_v1,cached ITAD /games/history/v2; Steam shop 61; US; Phase 5A.1 in-window evidence,True,eligible_by_release_date,release_date_before_sale_start_date,2022-02-21,1,1,0,0,0,[18],[18],61,US,USD,data/raw/itad/1882420.json,False,0
1882420,Learn Programming: Python - Remake,2025,2025-09-29T17:00:00Z,2025-10-06T17:00:00Z,A,1,positive,False,False,operational_observed_v1,cached ITAD /games/history/v2; Steam shop 61; US; Phase 5A.1 in-window evidence,True,eligible_by_release_date,release_date_before_sale_start_date,2022-02-21,1,1,0,0,0,[10],[10],61,US,USD,data/raw/itad/1882420.json,False,0
1894600,Monster,2023,2023-11-21T18:00:00Z,2023-11-28T18:00:00Z,D,0,unlabeled,False,False,operational_observed_v1,cached ITAD /games/history/v2; Steam shop 61; US; Phase 5A.1 in-window evidence,True,eligible_by_release_date,release_date_before_sale_start_date,2022-09-02,0,0,0,0,0,[],[],61,US,,data/raw/itad/1894600.json,True,0
1894600,Monster,2024,2024-11-27T18:00:00Z,2024-12-04T18:00:00Z,D,0,unlabeled,False,False,operational_observed_v1,cached ITAD /games/history/v2; Steam shop 61; US; Phase 5A.1 in-window evidence,True,eligible_by_release_date,release_date_before_sale_start_date,2022-09-02,0,0,0,0,0,[],[],61,US,,data/raw/itad/1894600.json,True,0
1894600,Monster,2025,2025-09-29T17:00:00Z,2025-10-06T17:00:00Z,D,0,unlabeled,False,False,operational_observed_v1,cached ITAD /games/history/v2; Steam shop 61; US; Phase 5A.1 in-window evidence,True,eligible_by_release_date,release_date_before_sale_start_date,2022-09-02,0,0,0,0,0,[],[],61,US,,data/raw/itad/1894600.json,True,0
2009420,Zaxterion: Space Frenzy!,2023,2023-11-21T18:00:00Z,2023-11-28T18:00:00Z,A,1,positive,False,False,operational_observed_v1,cached ITAD /games/history/v2; Steam shop 61; US; Phase 5A.1 in-window evidence,True,eligible_by_release_date,release_date_before_sale_start_date,2022-09-09,1,1,0,0,0,[41],[41],61,US,USD,data/raw/itad/2009420.json,False,0
2009420,Zaxterion: Space Frenzy!,2024,2024-11-27T18:00:00Z,2024-12-04T18:00:00Z,A,1,positive,False,False,operational_observed_v1,cached ITAD /games/history/v2; Steam shop 61; US; Phase 5A.1 in-window evidence,True,eligible_by_release_date,release_date_before_sale_start_date,2022-09-09,1,1,0,0,0,[21],[21],61,US,USD,data/raw/itad/2009420.json,False,0
2009420,Zaxterion: Space Frenzy!,2025,2025-09-29T17:00:00Z,2025-10-06T17:00:00Z,D,0,unlabeled,False,False,operational_observed_v1,cached ITAD /games/history/v2; Steam shop 61; US; Phase 5A.1 in-window evidence,True,eligible_by_release_date,release_date_before_sale_start_date,2022-09-09,0,0,0,0,0,[],[],61,US,,data/raw/itad/2009420.json,False,0
2062610,Phantom Club (CPC/Spectrum),2023,2023-11-21T18:00:00Z,2023-11-28T18:00:00Z,D,0,unlabeled,False,False,operational_observed_v1,cached ITAD /games/history/v2; Steam shop 61; US; Phase 5A.1 in-window evidence,True,eligible_by_release_date,release_date_before_sale_start_date,2022-07-11,0,0,0,0,0,[],[],61,US,,data/raw/itad/2062610.json,True,0
2062610,Phantom Club (CPC/Spectrum),2024,2024-11-27T18:00:00Z,2024-12-04T18:00:00Z,D,0,unlabeled,False,False,operational_observed_v1,cached ITAD /games/history/v2; Steam shop 61; US; Phase 5A.1 in-window evidence,True,eligible_by_release_date,release_date_before_sale_start_date,2022-07-11,0,0,0,0,0,[],[],61,US,,data/raw/itad/2062610.json,True,0
2062610,Phantom Club (CPC/Spectrum),2025,2025-09-29T17:00:00Z,2025-10-06T17:00:00Z,D,0,unlabeled,False,False,operational_observed_v1,cached ITAD /games/history/v2; Steam shop 61; US; Phase 5A.1 in-window evidence,True,eligible_by_release_date,release_date_before_sale_start_date,2022-07-11,0,0,0,0,0,[],[],61,US,,data/raw/itad/2062610.json,True,0
2123430,BULLCRAP!,2023,2023-11-21T18:00:00Z,2023-11-28T18:00:00Z,D,0,unlabeled,False,False,operational_observed_v1,cached ITAD /games/history/v2; Steam shop 61; US; Phase 5A.1 in-window evidence,True,eligible_by_release_date,release_date_before_sale_start_date,2023-10-04,0,0,0,0,0,[],[],61,US,,data/raw/itad/2123430.json,False,0
2123430,BULLCRAP!,2024,2024-11-27T18:00:00Z,2024-12-04T18:00:00Z,A,1,positive,False,False,operational_observed_v1,cached ITAD /games/history/v2; Steam shop 61; US; Phase 5A.1 in-window evidence,True,eligible_by_release_date,release_date_before_sale_start_date,2023-10-04,1,1,0,0,0,[5],[5],61,US,USD,data/raw/itad/2123430.json,False,0
2123430,BULLCRAP!,2025,2025-09-29T17:00:00Z,2025-10-06T17:00:00Z,D,0,unlabeled,False,False,operational_observed_v1,cached ITAD /games/history/v2; Steam shop 61; US; Phase 5A.1 in-window evidence,True,eligible_by_release_date,release_date_before_sale_start_date,2023-10-04,0,0,0,0,0,[],[],61,US,,data/raw/itad/2123430.json,False,0
2164880,Tilecraft,2023,2023-11-21T18:00:00Z,2023-11-28T18:00:00Z,D,0,unlabeled,False,False,operational_observed_v1,cached ITAD /games/history/v2; Steam shop 61; US; Phase 5A.1 in-window evidence,True,eligible_by_release_date,release_date_before_sale_start_date,2022-10-27,0,0,0,0,0,[],[],61,US,,data/raw/itad/2164880.json,False,0
2164880,Tilecraft,2024,2024-11-27T18:00:00Z,2024-12-04T18:00:00Z,D,0,unlabeled,False,False,operational_observed_v1,cached ITAD /games/history/v2; Steam shop 61; US; Phase 5A.1 in-window evidence,True,eligible_by_release_date,release_date_before_sale_start_date,2022-10-27,0,0,0,0,0,[],[],61,US,,data/raw/itad/2164880.json,False,0
2164880,Tilecraft,2025,2025-09-29T17:00:00Z,2025-10-06T17:00:00Z,D,0,unlabeled,False,False,operational_observed_v1,cached ITAD /games/history/v2; Steam shop 61; US; Phase 5A.1 in-window evidence,True,eligible_by_release_date,release_date_before_sale_start_date,2022-10-27,0,0,0,0,0,[],[],61,US,,data/raw/itad/2164880.json,False,0
2205710,Hentai Beauty,2023,2023-11-21T18:00:00Z,2023-11-28T18:00:00Z,A,1,positive,False,False,operational_observed_v1,cached ITAD /games/history/v2; Steam shop 61; US; Phase 5A.1 in-window evidence,True,eligible_by_release_date,release_date_before_sale_start_date,2022-11-22,1,1,0,0,0,[58],[58],61,US,USD,data/raw/itad/2205710.json,False,0
2205710,Hentai Beauty,2024,2024-11-27T18:00:00Z,2024-12-04T18:00:00Z,A,1,positive,False,False,operational_observed_v1,cached ITAD /games/history/v2; Steam shop 61; US; Phase 5A.1 in-window evidence,True,eligible_by_release_date,release_date_before_sale_start_date,2022-11-22,1,1,0,0,0,[38],[38],61,US,USD,data/raw/itad/2205710.json,False,0
2205710,Hentai Beauty,2025,2025-09-29T17:00:00Z,2025-10-06T17:00:00Z,B,0,unlabeled,False,False,operational_observed_v1,cached ITAD /games/history/v2; Steam shop 61; US; Phase 5A.1 in-window evidence,True,eligible_by_release_date,release_date_before_sale_start_date,2022-11-22,1,0,1,0,0,[],[21],61,US,USD,data/raw/itad/2205710.json,False,0
2265760,Chosun Zombie Defense,2023,2023-11-21T18:00:00Z,2023-11-28T18:00:00Z,D,0,unlabeled,False,False,operational_observed_v1,cached ITAD /games/history/v2; Steam shop 61; US; Phase 5A.1 in-window evidence,True,eligible_by_release_date,release_date_before_sale_start_date,2023-02-09,0,0,0,0,0,[],[],61,US,,data/raw/itad/2265760.json,False,0
2265760,Chosun Zombie Defense,2024,2024-11-27T18:00:00Z,2024-12-04T18:00:00Z,A,1,positive,False,False,operational_observed_v1,cached ITAD /games/history/v2; Steam shop 61; US; Phase 5A.1 in-window evidence,True,eligible_by_release_date,release_date_before_sale_start_date,2023-02-09,1,1,0,0,0,[17],[17],61,US,USD,data/raw/itad/2265760.json,False,0
2265760,Chosun Zombie Defense,2025,2025-09-29T17:00:00Z,2025-10-06T17:00:00Z,A,1,positive,False,False,operational_observed_v1,cached ITAD /games/history/v2; Steam shop 61; US; Phase 5A.1 in-window evidence,True,eligible_by_release_date,release_date_before_sale_start_date,2023-02-09,1,1,0,0,0,[7],[7],61,US,USD,data/raw/itad/2265760.json,False,0
2268470,HOPE LEFT ME,2023,2023-11-21T18:00:00Z,2023-11-28T18:00:00Z,B,0,unlabeled,False,False,operational_observed_v1,cached ITAD /games/history/v2; Steam shop 61; US; Phase 5A.1 in-window evidence,True,eligible_by_release_date,release_date_before_sale_start_date,2023-03-10,1,0,1,0,0,[],[0],61,US,USD,data/raw/itad/2268470.json,False,0
2268470,HOPE LEFT ME,2024,2024-11-27T18:00:00Z,2024-12-04T18:00:00Z,D,0,unlabeled,False,False,operational_observed_v1,cached ITAD /games/history/v2; Steam shop 61; US; Phase 5A.1 in-window evidence,True,eligible_by_release_date,release_date_before_sale_start_date,2023-03-10,0,0,0,0,0,[],[],61,US,,data/raw/itad/2268470.json,False,0
2268470,HOPE LEFT ME,2025,2025-09-29T17:00:00Z,2025-10-06T17:00:00Z,D,0,unlabeled,False,False,operational_observed_v1,cached ITAD /games/history/v2; Steam shop 61; US; Phase 5A.1 in-window evidence,True,eligible_by_release_date,release_date_before_sale_start_date,2023-03-10,0,0,0,0,0,[],[],61,US,,data/raw/itad/2268470.json,False,0
2270520,No Way Out,2023,2023-11-21T18:00:00Z,2023-11-28T18:00:00Z,A,1,positive,False,False,operational_observed_v1,cached ITAD /games/history/v2; Steam shop 61; US; Phase 5A.1 in-window evidence,True,eligible_by_release_date,release_date_before_sale_start_date,2023-03-03,1,1,0,0,0,[44],[44],61,US,USD,data/raw/itad/2270520.json,False,0
2270520,No Way Out,2024,2024-11-27T18:00:00Z,2024-12-04T18:00:00Z,A,1,positive,False,False,operational_observed_v1,cached ITAD /games/history/v2; Steam shop 61; US; Phase 5A.1 in-window evidence,True,eligible_by_release_date,release_date_before_sale_start_date,2023-03-03,1,1,0,0,0,[22],[22],61,US,USD,data/raw/itad/2270520.json,False,0
2270520,No Way Out,2025,2025-09-29T17:00:00Z,2025-10-06T17:00:00Z,A,1,positive,False,False,operational_observed_v1,cached ITAD /games/history/v2; Steam shop 61; US; Phase 5A.1 in-window evidence,True,eligible_by_release_date,release_date_before_sale_start_date,2023-03-03,1,1,0,0,0,[12],[12],61,US,USD,data/raw/itad/2270520.json,False,0
2312170,pWordle,2023,2023-11-21T18:00:00Z,2023-11-28T18:00:00Z,A,1,positive,False,False,operational_observed_v1,cached ITAD /games/history/v2; Steam shop 61; US; Phase 5A.1 in-window evidence,True,eligible_by_release_date,release_date_before_sale_start_date,2023-03-21,1,1,0,0,0,[26],[26],61,US,USD,data/raw/itad/2312170.json,False,0
2312170,pWordle,2024,2024-11-27T18:00:00Z,2024-12-04T18:00:00Z,A,1,positive,False,False,operational_observed_v1,cached ITAD /games/history/v2; Steam shop 61; US; Phase 5A.1 in-window evidence,True,eligible_by_release_date,release_date_before_sale_start_date,2023-03-21,1,1,0,0,0,[16],[16],61,US,USD,data/raw/itad/2312170.json,False,0
2312170,pWordle,2025,2025-09-29T17:00:00Z,2025-10-06T17:00:00Z,A,1,positive,False,False,operational_observed_v1,cached ITAD /games/history/v2; Steam shop 61; US; Phase 5A.1 in-window evidence,True,eligible_by_release_date,release_date_before_sale_start_date,2023-03-21,1,1,0,0,0,[8],[8],61,US,USD,data/raw/itad/2312170.json,False,0
2314050,Waifu Space Conquest,2023,2023-11-21T18:00:00Z,2023-11-28T18:00:00Z,A,1,positive,False,False,operational_observed_v1,cached ITAD /games/history/v2; Steam shop 61; US; Phase 5A.1 in-window evidence,True,eligible_by_release_date,release_date_before_sale_start_date,2023-05-25,1,1,0,0,0,[50],[50],61,US,USD,data/raw/itad/2314050.json,False,0
2314050,Waifu Space Conquest,2024,2024-11-27T18:00:00Z,2024-12-04T18:00:00Z,A,1,positive,False,False,operational_observed_v1,cached ITAD /games/history/v2; Steam shop 61; US; Phase 5A.1 in-window evidence,True,eligible_by_release_date,release_date_before_sale_start_date,2023-05-25,1,1,0,0,0,[36],[36],61,US,USD,data/raw/itad/2314050.json,False,0
2314050,Waifu Space Conquest,2025,2025-09-29T17:00:00Z,2025-10-06T17:00:00Z,A,1,positive,False,False,operational_observed_v1,cached ITAD /games/history/v2; Steam shop 61; US; Phase 5A.1 in-window evidence,True,eligible_by_release_date,release_date_before_sale_start_date,2023-05-25,1,1,0,0,0,[20],[20],61,US,USD,data/raw/itad/2314050.json,False,0
2383710,Caveman Ransom,2023,2023-11-21T18:00:00Z,2023-11-28T18:00:00Z,D,0,unlabeled,False,False,operational_observed_v1,cached ITAD /games/history/v2; Steam shop 61; US; Phase 5A.1 in-window evidence,True,eligible_by_release_date,release_date_before_sale_start_date,2023-05-22,0,0,0,0,0,[],[],61,US,,data/raw/itad/2383710.json,False,0
2383710,Caveman Ransom,2024,2024-11-27T18:00:00Z,2024-12-04T18:00:00Z,A,1,positive,False,False,operational_observed_v1,cached ITAD /games/history/v2; Steam shop 61; US; Phase 5A.1 in-window evidence,True,eligible_by_release_date,release_date_before_sale_start_date,2023-05-22,1,1,0,0,0,[44],[44],61,US,USD,data/raw/itad/2383710.json,False,0
2383710,Caveman Ransom,2025,2025-09-29T17:00:00Z,2025-10-06T17:00:00Z,A,1,positive,False,False,operational_observed_v1,cached ITAD /games/history/v2; Steam shop 61; US; Phase 5A.1 in-window evidence,True,eligible_by_release_date,release_date_before_sale_start_date,2023-05-22,1,1,0,0,0,[22],[22],61,US,USD,data/raw/itad/2383710.json,False,0
2387820,Beach Gas Gas,2023,2023-11-21T18:00:00Z,2023-11-28T18:00:00Z,A,1,positive,False,False,operational_observed_v1,cached ITAD /games/history/v2; Steam shop 61; US; Phase 5A.1 in-window evidence,True,eligible_by_release_date,release_date_before_sale_start_date,2023-05-03,1,1,0,0,0,[64],[64],61,US,USD,data/raw/itad/2387820.json,False,0
2387820,Beach Gas Gas,2024,2024-11-27T18:00:00Z,2024-12-04T18:00:00Z,A,1,positive,False,False,operational_observed_v1,cached ITAD /games/history/v2; Steam shop 61; US; Phase 5A.1 in-window evidence,True,eligible_by_release_date,release_date_before_sale_start_date,2023-05-03,1,1,0,0,0,[44],[44],61,US,USD,data/raw/itad/2387820.json,False,0
2387820,Beach Gas Gas,2025,2025-09-29T17:00:00Z,2025-10-06T17:00:00Z,A,1,positive,False,False,operational_observed_v1,cached ITAD /games/history/v2; Steam shop 61; US; Phase 5A.1 in-window evidence,True,eligible_by_release_date,release_date_before_sale_start_date,2023-05-03,1,1,0,0,0,[24],[24],61,US,USD,data/raw/itad/2387820.json,False,0
2490910,富甲天下5,2023,2023-11-21T18:00:00Z,2023-11-28T18:00:00Z,A,1,positive,False,False,operational_observed_v1,cached ITAD /games/history/v2; Steam shop 61; US; Phase 5A.1 in-window evidence,True,eligible_by_release_date,release_date_before_sale_start_date,2023-08-10,1,1,0,0,0,[52],[52],61,US,USD,data/raw/itad/2490910.json,False,0
2490910,富甲天下5,2024,2024-11-27T18:00:00Z,2024-12-04T18:00:00Z,A,1,positive,False,False,operational_observed_v1,cached ITAD /games/history/v2; Steam shop 61; US; Phase 5A.1 in-window evidence,True,eligible_by_release_date,release_date_before_sale_start_date,2023-08-10,1,1,0,0,0,[32],[32],61,US,USD,data/raw/itad/2490910.json,False,0
2490910,富甲天下5,2025,2025-09-29T17:00:00Z,2025-10-06T17:00:00Z,A,1,positive,False,False,operational_observed_v1,cached ITAD /games/history/v2; Steam shop 61; US; Phase 5A.1 in-window evidence,True,eligible_by_release_date,release_date_before_sale_start_date,2023-08-10,1,1,0,0,0,[18],[18],61,US,USD,data/raw/itad/2490910.json,False,0
2504210,The Leverage Game Business Edition,2023,2023-11-21T18:00:00Z,2023-11-28T18:00:00Z,D,0,unlabeled,False,False,operational_observed_v1,cached ITAD /games/history/v2; Steam shop 61; US; Phase 5A.1 in-window evidence,True,eligible_by_release_date,release_date_before_sale_start_date,2023-08-26,0,0,0,0,0,[],[],61,US,,data/raw/itad/2504210.json,True,0
2504210,The Leverage Game Business Edition,2024,2024-11-27T18:00:00Z,2024-12-04T18:00:00Z,D,0,unlabeled,False,False,operational_observed_v1,cached ITAD /games/history/v2; Steam shop 61; US; Phase 5A.1 in-window evidence,True,eligible_by_release_date,release_date_before_sale_start_date,2023-08-26,0,0,0,0,0,[],[],61,US,,data/raw/itad/2504210.json,True,0
2504210,The Leverage Game Business Edition,2025,2025-09-29T17:00:00Z,2025-10-06T17:00:00Z,D,0,unlabeled,False,False,operational_observed_v1,cached ITAD /games/history/v2; Steam shop 61; US; Phase 5A.1 in-window evidence,True,eligible_by_release_date,release_date_before_sale_start_date,2023-08-26,0,0,0,0,0,[],[],61,US,,data/raw/itad/2504210.json,True,0
2544720,Workplace Fantasy,2023,2023-11-21T18:00:00Z,2023-11-28T18:00:00Z,A,1,positive,False,False,operational_observed_v1,cached ITAD /games/history/v2; Steam shop 61; US; Phase 5A.1 in-window evidence,True,eligible_by_release_date,release_date_before_sale_start_date,2023-11-15,1,1,0,0,0,[68],[68],61,US,USD,data/raw/itad/2544720.json,False,0
2544720,Workplace Fantasy,2024,2024-11-27T18:00:00Z,2024-12-04T18:00:00Z,A,1,positive,False,False,operational_observed_v1,cached ITAD /games/history/v2; Steam shop 61; US; Phase 5A.1 in-window evidence,True,eligible_by_release_date,release_date_before_sale_start_date,2023-11-15,1,1,0,0,0,[45],[45],61,US,USD,data/raw/itad/2544720.json,False,0
2544720,Workplace Fantasy,2025,2025-09-29T17:00:00Z,2025-10-06T17:00:00Z,A,1,positive,False,False,operational_observed_v1,cached ITAD /games/history/v2; Steam shop 61; US; Phase 5A.1 in-window evidence,True,eligible_by_release_date,release_date_before_sale_start_date,2023-11-15,1,1,0,0,0,[24],[24],61,US,USD,data/raw/itad/2544720.json,False,0
2621900,Railway Islands 2 - Puzzle,2023,2023-11-21T18:00:00Z,2023-11-28T18:00:00Z,D,0,unlabeled,False,False,operational_observed_v1,cached ITAD /games/history/v2; Steam shop 61; US; Phase 5A.1 in-window evidence,True,eligible_by_release_date,release_date_before_sale_start_date,2023-11-20,0,0,0,0,0,[],[],61,US,,data/raw/itad/2621900.json,False,0
2621900,Railway Islands 2 - Puzzle,2024,2024-11-27T18:00:00Z,2024-12-04T18:00:00Z,A,1,positive,False,False,operational_observed_v1,cached ITAD /games/history/v2; Steam shop 61; US; Phase 5A.1 in-window evidence,True,eligible_by_release_date,release_date_before_sale_start_date,2023-11-20,1,1,0,0,0,[39],[39],61,US,USD,data/raw/itad/2621900.json,False,0
2621900,Railway Islands 2 - Puzzle,2025,2025-09-29T17:00:00Z,2025-10-06T17:00:00Z,A,1,positive,False,False,operational_observed_v1,cached ITAD /games/history/v2; Steam shop 61; US; Phase 5A.1 in-window evidence,True,eligible_by_release_date,release_date_before_sale_start_date,2023-11-20,1,1,0,0,0,[20],[20],61,US,USD,data/raw/itad/2621900.json,False,0
2650840,nekowater,2023,2023-11-21T18:00:00Z,2023-11-28T18:00:00Z,B,0,unlabeled,False,True,operational_observed_v1,cached ITAD /games/history/v2; Steam shop 61; US; Phase 5A.1 in-window evidence,True,uncertain_release_hour,release_date_on_sale_start_date; exact release hour unavailable,2023-11-21,1,0,1,0,0,[],[54],61,US,USD,data/raw/itad/2650840.json,False,0
2650840,nekowater,2024,2024-11-27T18:00:00Z,2024-12-04T18:00:00Z,D,0,unlabeled,False,False,operational_observed_v1,cached ITAD /games/history/v2; Steam shop 61; US; Phase 5A.1 in-window evidence,True,eligible_by_release_date,release_date_before_sale_start_date,2023-11-21,0,0,0,0,0,[],[],61,US,,data/raw/itad/2650840.json,False,0
2650840,nekowater,2025,2025-09-29T17:00:00Z,2025-10-06T17:00:00Z,D,0,unlabeled,False,False,operational_observed_v1,cached ITAD /games/history/v2; Steam shop 61; US; Phase 5A.1 in-window evidence,True,eligible_by_release_date,release_date_before_sale_start_date,2023-11-21,0,0,0,0,0,[],[],61,US,,data/raw/itad/2650840.json,False,0
