AppID,Name,sale_year,sale_start,sale_end,window_timezone,window_start_utc,window_end_exclusive_utc,cache_path,cache_status,cache_issue,record_parsing_failure_count,non_steam_records_excluded,total_timestamp_usable_steam_records,in_window_record_count,has_in_window_records,in_window_price_usable_count,in_window_discount_count,in_window_full_price_count,in_window_ambiguous_count,in_window_null_deal_count,in_window_start_date_count,in_window_end_date_count,earliest_in_window_timestamp,latest_in_window_timestamp,in_window_currencies,min_observed_in_window_price,max_observed_in_window_regular_price,max_observed_in_window_cut,in_window_mixed_discount_full_price,evidence_category,before_source_record_index,before_timestamp_raw,before_timestamp_utc,before_shop_id,before_shop_name,before_deal_status,before_price,before_price_amountInt,before_price_currency,before_regular_price,before_regular_amountInt,before_regular_currency,before_cut,before_observation_kind,before_information_issue,before_raw_record_json,before_gap_days,before_nearest_timestamp_tie_count,before_tied_records_json,after_source_record_index,after_timestamp_raw,after_timestamp_utc,after_shop_id,after_shop_name,after_deal_status,after_price,after_price_amountInt,after_price_currency,after_regular_price,after_regular_amountInt,after_regular_currency,after_cut,after_observation_kind,after_information_issue,after_raw_record_json,after_gap_days,after_nearest_timestamp_tie_count,after_tied_records_json
7830,Men of War™,2023,2023-11-21,2023-11-28,UTC,2023-11-21T00:00:00Z,2023-11-29T00:00:00Z,data/raw/itad/7830.json,ok,,0,0,66,0,False,0,0,0,0,0,0,0,,,,,,,False,D,36,2023-07-13T19:09:13+02:00,2023-07-13T17:09:13Z,61,Steam,object,4.99,499,USD,4.99,499,USD,0,full_price,,"{""timestamp"":""2023-07-13T19:09:13+02:00"",""shop"":{""id"":61,""name"":""Steam""},""deal"":{""price"":{""amount"":4.99,""amountInt"":499,""currency"":""USD""},""regular"":{""amount"":4.99,""amountInt"":499,""currency"":""USD""},""cut"":0}}",130.2852662037037,1,"[{""timestamp"":""2023-07-13T19:09:13+02:00"",""shop"":{""id"":61,""name"":""Steam""},""deal"":{""price"":{""amount"":4.99,""amountInt"":499,""currency"":""USD""},""regular"":{""amount"":4.99,""amountInt"":499,""currency"":""USD""},""cut"":0}}]",35,2023-12-21T19:27:29+01:00,2023-12-21T18:27:29Z,61,Steam,object,0.74,74,USD,4.99,499,USD,85,discount,,"{""timestamp"":""2023-12-21T19:27:29+01:00"",""shop"":{""id"":61,""name"":""Steam""},""deal"":{""price"":{""amount"":0.74,""amountInt"":74,""currency"":""USD""},""regular"":{""amount"":4.99,""amountInt"":499,""currency"":""USD""},""cut"":85}}",22.76908564814815,1,"[{""timestamp"":""2023-12-21T19:27:29+01:00"",""shop"":{""id"":61,""name"":""Steam""},""deal"":{""price"":{""amount"":0.74,""amountInt"":74,""currency"":""USD""},""regular"":{""amount"":4.99,""amountInt"":499,""currency"":""USD""},""cut"":85}}]"
7830,Men of War™,2024,2024-11-27,2024-12-04,UTC,2024-11-27T00:00:00Z,2024-12-05T00:00:00Z,data/raw/itad/7830.json,ok,,0,0,66,1,True,1,0,1,0,0,0,1,2024-12-04T18:17:52Z,2024-12-04T18:17:52Z,USD,4.99,4.99,0,False,B,25,2024-11-26T19:18:34+01:00,2024-11-26T18:18:34Z,61,Steam,object,0.74,74,USD,4.99,499,USD,85,discount,,"{""timestamp"":""2024-11-26T19:18:34+01:00"",""shop"":{""id"":61,""name"":""Steam""},""deal"":{""price"":{""amount"":0.74,""amountInt"":74,""currency"":""USD""},""regular"":{""amount"":4.99,""amountInt"":499,""currency"":""USD""},""cut"":85}}",0.23710648148148147,1,"[{""timestamp"":""2024-11-26T19:18:34+01:00"",""shop"":{""id"":61,""name"":""Steam""},""deal"":{""price"":{""amount"":0.74,""amountInt"":74,""currency"":""USD""},""regular"":{""amount"":4.99,""amountInt"":499,""currency"":""USD""},""cut"":85}}]",23,2024-12-19T23:53:18+01:00,2024-12-19T22:53:18Z,61,Steam,object,0.74,74,USD,4.99,499,USD,85,discount,,"{""timestamp"":""2024-12-19T23:53:18+01:00"",""shop"":{""id"":61,""name"":""Steam""},""deal"":{""price"":{""amount"":0.74,""amountInt"":74,""currency"":""USD""},""regular"":{""amount"":4.99,""amountInt"":499,""currency"":""USD""},""cut"":85}}",14.953680555555556,1,"[{""timestamp"":""2024-12-19T23:53:18+01:00"",""shop"":{""id"":61,""name"":""Steam""},""deal"":{""price"":{""amount"":0.74,""amountInt"":74,""currency"":""USD""},""regular"":{""amount"":4.99,""amountInt"":499,""currency"":""USD""},""cut"":85}}]"
8930,Sid Meier's Civilization® V,2023,2023-11-21,2023-11-28,UTC,2023-11-21T00:00:00Z,2023-11-29T00:00:00Z,data/raw/itad/8930.json,ok,,0,0,30,0,False,0,0,0,0,0,0,0,,,,,,,False,D,29,2021-01-01T01:00:00+01:00,2021-01-01T00:00:00Z,61,Steam,object,29.99,2999,USD,29.99,2999,USD,0,full_price,,"{""timestamp"":""2021-01-01T01:00:00+01:00"",""shop"":{""id"":61,""name"":""Steam""},""deal"":{""price"":{""amount"":29.99,""amountInt"":2999,""currency"":""USD""},""regular"":{""amount"":29.99,""amountInt"":2999,""currency"":""USD""},""cut"":0}}",1054.0,1,"[{""timestamp"":""2021-01-01T01:00:00+01:00"",""shop"":{""id"":61,""name"":""Steam""},""deal"":{""price"":{""amount"":29.99,""amountInt"":2999,""currency"":""USD""},""regular"":{""amount"":29.99,""amountInt"":2999,""currency"":""USD""},""cut"":0}}]",28,2024-05-13T19:15:43+02:00,2024-05-13T17:15:43Z,61,Steam,object,7.49,749,USD,29.99,2999,USD,75,discount,,"{""timestamp"":""2024-05-13T19:15:43+02:00"",""shop"":{""id"":61,""name"":""Steam""},""deal"":{""price"":{""amount"":7.49,""amountInt"":749,""currency"":""USD""},""regular"":{""amount"":29.99,""amountInt"":2999,""currency"":""USD""},""cut"":75}}",166.7192476851852,1,"[{""timestamp"":""2024-05-13T19:15:43+02:00"",""shop"":{""id"":61,""name"":""Steam""},""deal"":{""price"":{""amount"":7.49,""amountInt"":749,""currency"":""USD""},""regular"":{""amount"":29.99,""amountInt"":2999,""currency"":""USD""},""cut"":75}}]"
8930,Sid Meier's Civilization® V,2024,2024-11-27,2024-12-04,UTC,2024-11-27T00:00:00Z,2024-12-05T00:00:00Z,data/raw/itad/8930.json,ok,,0,0,30,0,False,0,0,0,0,0,0,0,,,,,,,False,D,25,2024-09-02T19:18:08+02:00,2024-09-02T17:18:08Z,61,Steam,object,29.99,2999,USD,29.99,2999,USD,0,full_price,,"{""timestamp"":""2024-09-02T19:18:08+02:00"",""shop"":{""id"":61,""name"":""Steam""},""deal"":{""price"":{""amount"":29.99,""amountInt"":2999,""currency"":""USD""},""regular"":{""amount"":29.99,""amountInt"":2999,""currency"":""USD""},""cut"":0}}",85.27907407407407,1,"[{""timestamp"":""2024-09-02T19:18:08+02:00"",""shop"":{""id"":61,""name"":""Steam""},""deal"":{""price"":{""amount"":29.99,""amountInt"":2999,""currency"":""USD""},""regular"":{""amount"":29.99,""amountInt"":2999,""currency"":""USD""},""cut"":0}}]",24,2025-05-08T19:20:51+02:00,2025-05-08T17:20:51Z,61,Steam,object,7.49,749,USD,29.99,2999,USD,75,discount,,"{""timestamp"":""2025-05-08T19:20:51+02:00"",""shop"":{""id"":61,""name"":""Steam""},""deal"":{""price"":{""amount"":7.49,""amountInt"":749,""currency"":""USD""},""regular"":{""amount"":29.99,""amountInt"":2999,""currency"":""USD""},""cut"":75}}",154.7228125,1,"[{""timestamp"":""2025-05-08T19:20:51+02:00"",""shop"":{""id"":61,""name"":""Steam""},""deal"":{""price"":{""amount"":7.49,""amountInt"":749,""currency"":""USD""},""regular"":{""amount"":29.99,""amountInt"":2999,""currency"":""USD""},""cut"":75}}]"
9730,Tycoon City: New York,2023,2023-11-21,2023-11-28,UTC,2023-11-21T00:00:00Z,2023-11-29T00:00:00Z,data/raw/itad/9730.json,ok,,0,0,82,2,True,2,1,1,0,0,1,1,2023-11-21T18:30:17Z,2023-11-28T18:12:21Z,USD,4.99,9.99,50,True,A,55,2023-09-04T19:03:09+02:00,2023-09-04T17:03:09Z,61,Steam,object,3.99,399,USD,9.99,999,USD,60,discount,,"{""timestamp"":""2023-09-04T19:03:09+02:00"",""shop"":{""id"":61,""name"":""Steam""},""deal"":{""price"":{""amount"":3.99,""amountInt"":399,""currency"":""USD""},""regular"":{""amount"":9.99,""amountInt"":999,""currency"":""USD""},""cut"":60}}",77.28947916666667,1,"[{""timestamp"":""2023-09-04T19:03:09+02:00"",""shop"":{""id"":61,""name"":""Steam""},""deal"":{""price"":{""amount"":3.99,""amountInt"":399,""currency"":""USD""},""regular"":{""amount"":9.99,""amountInt"":999,""currency"":""USD""},""cut"":60}}]",52,2023-12-22T01:03:26+01:00,2023-12-22T00:03:26Z,61,Steam,object,4.99,499,USD,9.99,999,USD,50,discount,,"{""timestamp"":""2023-12-22T01:03:26+01:00"",""shop"":{""id"":61,""name"":""Steam""},""deal"":{""price"":{""amount"":4.99,""amountInt"":499,""currency"":""USD""},""regular"":{""amount"":9.99,""amountInt"":999,""currency"":""USD""},""cut"":50}}",23.00238425925926,1,"[{""timestamp"":""2023-12-22T01:03:26+01:00"",""shop"":{""id"":61,""name"":""Steam""},""deal"":{""price"":{""amount"":4.99,""amountInt"":499,""currency"":""USD""},""regular"":{""amount"":9.99,""amountInt"":999,""currency"":""USD""},""cut"":50}}]"
9730,Tycoon City: New York,2024,2024-11-27,2024-12-04,UTC,2024-11-27T00:00:00Z,2024-12-05T00:00:00Z,data/raw/itad/9730.json,ok,,0,0,82,2,True,2,1,1,0,0,1,1,2024-11-27T20:32:18Z,2024-12-04T18:17:53Z,USD,1.99,9.99,80,True,A,39,2024-10-28T18:52:51+01:00,2024-10-28T17:52:51Z,61,Steam,object,9.99,999,USD,9.99,999,USD,0,full_price,,"{""timestamp"":""2024-10-28T18:52:51+01:00"",""shop"":{""id"":61,""name"":""Steam""},""deal"":{""price"":{""amount"":9.99,""amountInt"":999,""currency"":""USD""},""regular"":{""amount"":9.99,""amountInt"":999,""currency"":""USD""},""cut"":0}}",29.254965277777778,1,"[{""timestamp"":""2024-10-28T18:52:51+01:00"",""shop"":{""id"":61,""name"":""Steam""},""deal"":{""price"":{""amount"":9.99,""amountInt"":999,""currency"":""USD""},""regular"":{""amount"":9.99,""amountInt"":999,""currency"":""USD""},""cut"":0}}]",36,2024-12-19T22:39:14+01:00,2024-12-19T21:39:14Z,61,Steam,object,1.99,199,USD,9.99,999,USD,80,discount,,"{""timestamp"":""2024-12-19T22:39:14+01:00"",""shop"":{""id"":61,""name"":""Steam""},""deal"":{""price"":{""amount"":1.99,""amountInt"":199,""currency"":""USD""},""regular"":{""amount"":9.99,""amountInt"":999,""currency"":""USD""},""cut"":80}}",14.90224537037037,1,"[{""timestamp"":""2024-12-19T22:39:14+01:00"",""shop"":{""id"":61,""name"":""Steam""},""deal"":{""price"":{""amount"":1.99,""amountInt"":199,""currency"":""USD""},""regular"":{""amount"":9.99,""amountInt"":999,""currency"":""USD""},""cut"":80}}]"
15170,Heroes of Might & Magic V,2023,2023-11-21,2023-11-28,UTC,2023-11-21T00:00:00Z,2023-11-29T00:00:00Z,data/raw/itad/15170.json,ok,,0,0,101,2,True,2,1,1,0,0,1,1,2023-11-21T18:15:26Z,2023-11-28T18:18:20Z,USD,2.49,9.99,75,True,A,51,2023-11-20T19:03:09+01:00,2023-11-20T18:03:09Z,61,Steam,object,9.99,999,USD,9.99,999,USD,0,full_price,,"{""timestamp"":""2023-11-20T19:03:09+01:00"",""shop"":{""id"":61,""name"":""Steam""},""deal"":{""price"":{""amount"":9.99,""amountInt"":999,""currency"":""USD""},""regular"":{""amount"":9.99,""amountInt"":999,""currency"":""USD""},""cut"":0}}",0.2478125,1,"[{""timestamp"":""2023-11-20T19:03:09+01:00"",""shop"":{""id"":61,""name"":""Steam""},""deal"":{""price"":{""amount"":9.99,""amountInt"":999,""currency"":""USD""},""regular"":{""amount"":9.99,""amountInt"":999,""currency"":""USD""},""cut"":0}}]",48,2023-12-22T01:03:27+01:00,2023-12-22T00:03:27Z,61,Steam,object,2.49,249,USD,9.99,999,USD,75,discount,,"{""timestamp"":""2023-12-22T01:03:27+01:00"",""shop"":{""id"":61,""name"":""Steam""},""deal"":{""price"":{""amount"":2.49,""amountInt"":249,""currency"":""USD""},""regular"":{""amount"":9.99,""amountInt"":999,""currency"":""USD""},""cut"":75}}",23.002395833333335,1,"[{""timestamp"":""2023-12-22T01:03:27+01:00"",""shop"":{""id"":61,""name"":""Steam""},""deal"":{""price"":{""amount"":2.49,""amountInt"":249,""currency"":""USD""},""regular"":{""amount"":9.99,""amountInt"":999,""currency"":""USD""},""cut"":75}}]"
15170,Heroes of Might & Magic V,2024,2024-11-27,2024-12-04,UTC,2024-11-27T00:00:00Z,2024-12-05T00:00:00Z,data/raw/itad/15170.json,ok,,0,0,101,2,True,2,1,1,0,0,1,1,2024-11-27T20:11:08Z,2024-12-04T18:17:53Z,USD,2.49,9.99,75,True,A,33,2024-10-07T19:28:22+02:00,2024-10-07T17:28:22Z,61,Steam,object,9.99,999,USD,9.99,999,USD,0,full_price,,"{""timestamp"":""2024-10-07T19:28:22+02:00"",""shop"":{""id"":61,""name"":""Steam""},""deal"":{""price"":{""amount"":9.99,""amountInt"":999,""currency"":""USD""},""regular"":{""amount"":9.99,""amountInt"":999,""currency"":""USD""},""cut"":0}}",50.271967592592596,1,"[{""timestamp"":""2024-10-07T19:28:22+02:00"",""shop"":{""id"":61,""name"":""Steam""},""deal"":{""price"":{""amount"":9.99,""amountInt"":999,""currency"":""USD""},""regular"":{""amount"":9.99,""amountInt"":999,""currency"":""USD""},""cut"":0}}]",30,2024-12-19T23:53:19+01:00,2024-12-19T22:53:19Z,61,Steam,object,2.49,249,USD,9.99,999,USD,75,discount,,"{""timestamp"":""2024-12-19T23:53:19+01:00"",""shop"":{""id"":61,""name"":""Steam""},""deal"":{""price"":{""amount"":2.49,""amountInt"":249,""currency"":""USD""},""regular"":{""amount"":9.99,""amountInt"":999,""currency"":""USD""},""cut"":75}}",14.95369212962963,1,"[{""timestamp"":""2024-12-19T23:53:19+01:00"",""shop"":{""id"":61,""name"":""Steam""},""deal"":{""price"":{""amount"":2.49,""amountInt"":249,""currency"":""USD""},""regular"":{""amount"":9.99,""amountInt"":999,""currency"":""USD""},""cut"":75}}]"
20710,Mr. Robot,2023,2023-11-21,2023-11-28,UTC,2023-11-21T00:00:00Z,2023-11-29T00:00:00Z,data/raw/itad/20710.json,ok,,0,0,42,2,True,2,1,1,0,0,0,1,2023-11-27T18:35:07Z,2023-11-28T18:12:25Z,USD,1.99,7.99,75,True,A,20,2023-05-01T19:09:21+02:00,2023-05-01T17:09:21Z,61,Steam,object,7.99,799,USD,7.99,799,USD,0,full_price,,"{""timestamp"":""2023-05-01T19:09:21+02:00"",""shop"":{""id"":61,""name"":""Steam""},""deal"":{""price"":{""amount"":7.99,""amountInt"":799,""currency"":""USD""},""regular"":{""amount"":7.99,""amountInt"":799,""currency"":""USD""},""cut"":0}}",203.2851736111111,1,"[{""timestamp"":""2023-05-01T19:09:21+02:00"",""shop"":{""id"":61,""name"":""Steam""},""deal"":{""price"":{""amount"":7.99,""amountInt"":799,""currency"":""USD""},""regular"":{""amount"":7.99,""amountInt"":799,""currency"":""USD""},""cut"":0}}]",17,2023-12-21T19:39:51+01:00,2023-12-21T18:39:51Z,61,Steam,object,1.99,199,USD,7.99,799,USD,75,discount,,"{""timestamp"":""2023-12-21T19:39:51+01:00"",""shop"":{""id"":61,""name"":""Steam""},""deal"":{""price"":{""amount"":1.99,""amountInt"":199,""currency"":""USD""},""regular"":{""amount"":7.99,""amountInt"":799,""currency"":""USD""},""cut"":75}}",22.777673611111112,1,"[{""timestamp"":""2023-12-21T19:39:51+01:00"",""shop"":{""id"":61,""name"":""Steam""},""deal"":{""price"":{""amount"":1.99,""amountInt"":199,""currency"":""USD""},""regular"":{""amount"":7.99,""amountInt"":799,""currency"":""USD""},""cut"":75}}]"
20710,Mr. Robot,2024,2024-11-27,2024-12-04,UTC,2024-11-27T00:00:00Z,2024-12-05T00:00:00Z,data/raw/itad/20710.json,ok,,0,0,42,0,False,0,0,0,0,0,0,0,,,,,,,False,D,14,2024-03-04T19:22:54+01:00,2024-03-04T18:22:54Z,61,Steam,object,7.99,799,USD,7.99,799,USD,0,full_price,,"{""timestamp"":""2024-03-04T19:22:54+01:00"",""shop"":{""id"":61,""name"":""Steam""},""deal"":{""price"":{""amount"":7.99,""amountInt"":799,""currency"":""USD""},""regular"":{""amount"":7.99,""amountInt"":799,""currency"":""USD""},""cut"":0}}",267.2340972222222,1,"[{""timestamp"":""2024-03-04T19:22:54+01:00"",""shop"":{""id"":61,""name"":""Steam""},""deal"":{""price"":{""amount"":7.99,""amountInt"":799,""currency"":""USD""},""regular"":{""amount"":7.99,""amountInt"":799,""currency"":""USD""},""cut"":0}}]",13,2024-12-19T21:30:20+01:00,2024-12-19T20:30:20Z,61,Steam,object,1.99,199,USD,7.99,799,USD,75,discount,,"{""timestamp"":""2024-12-19T21:30:20+01:00"",""shop"":{""id"":61,""name"":""Steam""},""deal"":{""price"":{""amount"":1.99,""amountInt"":199,""currency"":""USD""},""regular"":{""amount"":7.99,""amountInt"":799,""currency"":""USD""},""cut"":75}}",14.854398148148148,1,"[{""timestamp"":""2024-12-19T21:30:20+01:00"",""shop"":{""id"":61,""name"":""Steam""},""deal"":{""price"":{""amount"":1.99,""amountInt"":199,""currency"":""USD""},""regular"":{""amount"":7.99,""amountInt"":799,""currency"":""USD""},""cut"":75}}]"
38210,Roogoo,2023,2023-11-21,2023-11-28,UTC,2023-11-21T00:00:00Z,2023-11-29T00:00:00Z,data/raw/itad/38210.json,ok,,0,0,79,2,True,2,1,1,0,0,1,1,2023-11-21T18:15:41Z,2023-11-28T19:06:29Z,USD,0.99,3.99,75,True,A,45,2023-09-25T19:06:14+02:00,2023-09-25T17:06:14Z,61,Steam,object,3.99,399,USD,3.99,399,USD,0,full_price,,"{""timestamp"":""2023-09-25T19:06:14+02:00"",""shop"":{""id"":61,""name"":""Steam""},""deal"":{""price"":{""amount"":3.99,""amountInt"":399,""currency"":""USD""},""regular"":{""amount"":3.99,""amountInt"":399,""currency"":""USD""},""cut"":0}}",56.287337962962965,1,"[{""timestamp"":""2023-09-25T19:06:14+02:00"",""shop"":{""id"":61,""name"":""Steam""},""deal"":{""price"":{""amount"":3.99,""amountInt"":399,""currency"":""USD""},""regular"":{""amount"":3.99,""amountInt"":399,""currency"":""USD""},""cut"":0}}]",42,2023-12-21T19:40:10+01:00,2023-12-21T18:40:10Z,61,Steam,object,0.99,99,USD,3.99,399,USD,75,discount,,"{""timestamp"":""2023-12-21T19:40:10+01:00"",""shop"":{""id"":61,""name"":""Steam""},""deal"":{""price"":{""amount"":0.99,""amountInt"":99,""currency"":""USD""},""regular"":{""amount"":3.99,""amountInt"":399,""currency"":""USD""},""cut"":75}}",22.777893518518518,1,"[{""timestamp"":""2023-12-21T19:40:10+01:00"",""shop"":{""id"":61,""name"":""Steam""},""deal"":{""price"":{""amount"":0.99,""amountInt"":99,""currency"":""USD""},""regular"":{""amount"":3.99,""amountInt"":399,""currency"":""USD""},""cut"":75}}]"
38210,Roogoo,2024,2024-11-27,2024-12-04,UTC,2024-11-27T00:00:00Z,2024-12-05T00:00:00Z,data/raw/itad/38210.json,ok,,0,0,79,2,True,2,1,1,0,0,1,1,2024-11-27T18:04:04Z,2024-12-04T18:17:56Z,USD,0.67,3.99,83,True,A,31,2024-07-14T19:17:24+02:00,2024-07-14T17:17:24Z,61,Steam,object,3.99,399,USD,3.99,399,USD,0,full_price,,"{""timestamp"":""2024-07-14T19:17:24+02:00"",""shop"":{""id"":61,""name"":""Steam""},""deal"":{""price"":{""amount"":3.99,""amountInt"":399,""currency"":""USD""},""regular"":{""amount"":3.99,""amountInt"":399,""currency"":""USD""},""cut"":0}}",135.27958333333333,1,"[{""timestamp"":""2024-07-14T19:17:24+02:00"",""shop"":{""id"":61,""name"":""Steam""},""deal"":{""price"":{""amount"":3.99,""amountInt"":399,""currency"":""USD""},""regular"":{""amount"":3.99,""amountInt"":399,""currency"":""USD""},""cut"":0}}]",28,2024-12-19T22:39:22+01:00,2024-12-19T21:39:22Z,61,Steam,object,0.67,67,USD,3.99,399,USD,83,discount,,"{""timestamp"":""2024-12-19T22:39:22+01:00"",""shop"":{""id"":61,""name"":""Steam""},""deal"":{""price"":{""amount"":0.67,""amountInt"":67,""currency"":""USD""},""regular"":{""amount"":3.99,""amountInt"":399,""currency"":""USD""},""cut"":83}}",14.902337962962964,1,"[{""timestamp"":""2024-12-19T22:39:22+01:00"",""shop"":{""id"":61,""name"":""Steam""},""deal"":{""price"":{""amount"":0.67,""amountInt"":67,""currency"":""USD""},""regular"":{""amount"":3.99,""amountInt"":399,""currency"":""USD""},""cut"":83}}]"
61600,Zen Bound 2,2023,2023-11-21,2023-11-28,UTC,2023-11-21T00:00:00Z,2023-11-29T00:00:00Z,data/raw/itad/61600.json,ok,,0,0,39,2,True,2,1,1,0,0,1,1,2023-11-21T18:48:47Z,2023-11-28T18:30:29Z,USD,0.74,4.99,85,True,A,23,2023-07-13T19:09:36+02:00,2023-07-13T17:09:36Z,61,Steam,object,4.99,499,USD,4.99,499,USD,0,full_price,,"{""timestamp"":""2023-07-13T19:09:36+02:00"",""shop"":{""id"":61,""name"":""Steam""},""deal"":{""price"":{""amount"":4.99,""amountInt"":499,""currency"":""USD""},""regular"":{""amount"":4.99,""amountInt"":499,""currency"":""USD""},""cut"":0}}",130.285,1,"[{""timestamp"":""2023-07-13T19:09:36+02:00"",""shop"":{""id"":61,""name"":""Steam""},""deal"":{""price"":{""amount"":4.99,""amountInt"":499,""currency"":""USD""},""regular"":{""amount"":4.99,""amountInt"":499,""currency"":""USD""},""cut"":0}}]",20,2023-12-21T19:28:29+01:00,2023-12-21T18:28:29Z,61,Steam,object,0.99,99,USD,4.99,499,USD,80,discount,,"{""timestamp"":""2023-12-21T19:28:29+01:00"",""shop"":{""id"":61,""name"":""Steam""},""deal"":{""price"":{""amount"":0.99,""amountInt"":99,""currency"":""USD""},""regular"":{""amount"":4.99,""amountInt"":499,""currency"":""USD""},""cut"":80}}",22.769780092592594,1,"[{""timestamp"":""2023-12-21T19:28:29+01:00"",""shop"":{""id"":61,""name"":""Steam""},""deal"":{""price"":{""amount"":0.99,""amountInt"":99,""currency"":""USD""},""regular"":{""amount"":4.99,""amountInt"":499,""currency"":""USD""},""cut"":80}}]"
61600,Zen Bound 2,2024,2024-11-27,2024-12-04,UTC,2024-11-27T00:00:00Z,2024-12-05T00:00:00Z,data/raw/itad/61600.json,ok,,0,0,39,2,True,2,1,1,0,0,1,1,2024-11-27T18:47:49Z,2024-12-04T18:17:58Z,USD,0.99,4.99,80,True,A,15,2024-07-11T19:18:53+02:00,2024-07-11T17:18:53Z,61,Steam,object,4.99,499,USD,4.99,499,USD,0,full_price,,"{""timestamp"":""2024-07-11T19:18:53+02:00"",""shop"":{""id"":61,""name"":""Steam""},""deal"":{""price"":{""amount"":4.99,""amountInt"":499,""currency"":""USD""},""regular"":{""amount"":4.99,""amountInt"":499,""currency"":""USD""},""cut"":0}}",138.27855324074073,1,"[{""timestamp"":""2024-07-11T19:18:53+02:00"",""shop"":{""id"":61,""name"":""Steam""},""deal"":{""price"":{""amount"":4.99,""amountInt"":499,""currency"":""USD""},""regular"":{""amount"":4.99,""amountInt"":499,""currency"":""USD""},""cut"":0}}]",12,2024-12-19T22:39:29+01:00,2024-12-19T21:39:29Z,61,Steam,object,0.99,99,USD,4.99,499,USD,80,discount,,"{""timestamp"":""2024-12-19T22:39:29+01:00"",""shop"":{""id"":61,""name"":""Steam""},""deal"":{""price"":{""amount"":0.99,""amountInt"":99,""currency"":""USD""},""regular"":{""amount"":4.99,""amountInt"":499,""currency"":""USD""},""cut"":80}}",14.902418981481482,1,"[{""timestamp"":""2024-12-19T22:39:29+01:00"",""shop"":{""id"":61,""name"":""Steam""},""deal"":{""price"":{""amount"":0.99,""amountInt"":99,""currency"":""USD""},""regular"":{""amount"":4.99,""amountInt"":499,""currency"":""USD""},""cut"":80}}]"
115320,Prototype 2,2023,2023-11-21,2023-11-28,UTC,2023-11-21T00:00:00Z,2023-11-29T00:00:00Z,data/raw/itad/115320.json,ok,,0,0,105,2,True,2,1,1,0,0,1,1,2023-11-21T18:48:56Z,2023-11-28T18:12:51Z,USD,9.99,39.99,75,True,A,51,2023-11-20T19:26:45+01:00,2023-11-20T18:26:45Z,61,Steam,object,39.99,3999,USD,39.99,3999,USD,0,full_price,,"{""timestamp"":""2023-11-20T19:26:45+01:00"",""shop"":{""id"":61,""name"":""Steam""},""deal"":{""price"":{""amount"":39.99,""amountInt"":3999,""currency"":""USD""},""regular"":{""amount"":39.99,""amountInt"":3999,""currency"":""USD""},""cut"":0}}",0.23142361111111112,1,"[{""timestamp"":""2023-11-20T19:26:45+01:00"",""shop"":{""id"":61,""name"":""Steam""},""deal"":{""price"":{""amount"":39.99,""amountInt"":3999,""currency"":""USD""},""regular"":{""amount"":39.99,""amountInt"":3999,""currency"":""USD""},""cut"":0}}]",48,2023-12-21T19:41:12+01:00,2023-12-21T18:41:12Z,61,Steam,object,9.99,999,USD,39.99,3999,USD,75,discount,,"{""timestamp"":""2023-12-21T19:41:12+01:00"",""shop"":{""id"":61,""name"":""Steam""},""deal"":{""price"":{""amount"":9.99,""amountInt"":999,""currency"":""USD""},""regular"":{""amount"":39.99,""amountInt"":3999,""currency"":""USD""},""cut"":75}}",22.77861111111111,1,"[{""timestamp"":""2023-12-21T19:41:12+01:00"",""shop"":{""id"":61,""name"":""Steam""},""deal"":{""price"":{""amount"":9.99,""amountInt"":999,""currency"":""USD""},""regular"":{""amount"":39.99,""amountInt"":3999,""currency"":""USD""},""cut"":75}}]"
115320,Prototype 2,2024,2024-11-27,2024-12-04,UTC,2024-11-27T00:00:00Z,2024-12-05T00:00:00Z,data/raw/itad/115320.json,ok,,0,0,105,2,True,2,1,1,0,0,1,1,2024-11-27T21:40:23Z,2024-12-04T18:18:00Z,USD,9.99,39.99,75,True,A,33,2024-09-24T19:18:46+02:00,2024-09-24T17:18:46Z,61,Steam,object,39.99,3999,USD,39.99,3999,USD,0,full_price,,"{""timestamp"":""2024-09-24T19:18:46+02:00"",""shop"":{""id"":61,""name"":""Steam""},""deal"":{""price"":{""amount"":39.99,""amountInt"":3999,""currency"":""USD""},""regular"":{""amount"":39.99,""amountInt"":3999,""currency"":""USD""},""cut"":0}}",63.278634259259256,1,"[{""timestamp"":""2024-09-24T19:18:46+02:00"",""shop"":{""id"":61,""name"":""Steam""},""deal"":{""price"":{""amount"":39.99,""amountInt"":3999,""currency"":""USD""},""regular"":{""amount"":39.99,""amountInt"":3999,""currency"":""USD""},""cut"":0}}]",30,2024-12-19T23:53:23+01:00,2024-12-19T22:53:23Z,61,Steam,object,9.99,999,USD,39.99,3999,USD,75,discount,,"{""timestamp"":""2024-12-19T23:53:23+01:00"",""shop"":{""id"":61,""name"":""Steam""},""deal"":{""price"":{""amount"":9.99,""amountInt"":999,""currency"":""USD""},""regular"":{""amount"":39.99,""amountInt"":3999,""currency"":""USD""},""cut"":75}}",14.953738425925925,1,"[{""timestamp"":""2024-12-19T23:53:23+01:00"",""shop"":{""id"":61,""name"":""Steam""},""deal"":{""price"":{""amount"":9.99,""amountInt"":999,""currency"":""USD""},""regular"":{""amount"":39.99,""amountInt"":3999,""currency"":""USD""},""cut"":75}}]"
202410,Scoregasm,2023,2023-11-21,2023-11-28,UTC,2023-11-21T00:00:00Z,2023-11-29T00:00:00Z,data/raw/itad/202410.json,ok,,0,0,3,0,False,0,0,0,0,0,0,0,,,,,,,False,D,2,2021-01-01T01:00:00+01:00,2021-01-01T00:00:00Z,61,Steam,object,4.99,499,USD,4.99,499,USD,0,full_price,,"{""timestamp"":""2021-01-01T01:00:00+01:00"",""shop"":{""id"":61,""name"":""Steam""},""deal"":{""price"":{""amount"":4.99,""amountInt"":499,""currency"":""USD""},""regular"":{""amount"":4.99,""amountInt"":499,""currency"":""USD""},""cut"":0}}",1054.0,1,"[{""timestamp"":""2021-01-01T01:00:00+01:00"",""shop"":{""id"":61,""name"":""Steam""},""deal"":{""price"":{""amount"":4.99,""amountInt"":499,""currency"":""USD""},""regular"":{""amount"":4.99,""amountInt"":499,""currency"":""USD""},""cut"":0}}]",1,2026-07-10T07:15:19+02:00,2026-07-10T05:15:19Z,61,Steam,object,5.99,599,USD,5.99,599,USD,0,full_price,,"{""timestamp"":""2026-07-10T07:15:19+02:00"",""shop"":{""id"":61,""name"":""Steam""},""deal"":{""price"":{""amount"":5.99,""amountInt"":599,""currency"":""USD""},""regular"":{""amount"":5.99,""amountInt"":599,""currency"":""USD""},""cut"":0}}",954.2189699074074,1,"[{""timestamp"":""2026-07-10T07:15:19+02:00"",""shop"":{""id"":61,""name"":""Steam""},""deal"":{""price"":{""amount"":5.99,""amountInt"":599,""currency"":""USD""},""regular"":{""amount"":5.99,""amountInt"":599,""currency"":""USD""},""cut"":0}}]"
202410,Scoregasm,2024,2024-11-27,2024-12-04,UTC,2024-11-27T00:00:00Z,2024-12-05T00:00:00Z,data/raw/itad/202410.json,ok,,0,0,3,0,False,0,0,0,0,0,0,0,,,,,,,False,D,2,2021-01-01T01:00:00+01:00,2021-01-01T00:00:00Z,61,Steam,object,4.99,499,USD,4.99,499,USD,0,full_price,,"{""timestamp"":""2021-01-01T01:00:00+01:00"",""shop"":{""id"":61,""name"":""Steam""},""deal"":{""price"":{""amount"":4.99,""amountInt"":499,""currency"":""USD""},""regular"":{""amount"":4.99,""amountInt"":499,""currency"":""USD""},""cut"":0}}",1426.0,1,"[{""timestamp"":""2021-01-01T01:00:00+01:00"",""shop"":{""id"":61,""name"":""Steam""},""deal"":{""price"":{""amount"":4.99,""amountInt"":499,""currency"":""USD""},""regular"":{""amount"":4.99,""amountInt"":499,""currency"":""USD""},""cut"":0}}]",1,2026-07-10T07:15:19+02:00,2026-07-10T05:15:19Z,61,Steam,object,5.99,599,USD,5.99,599,USD,0,full_price,,"{""timestamp"":""2026-07-10T07:15:19+02:00"",""shop"":{""id"":61,""name"":""Steam""},""deal"":{""price"":{""amount"":5.99,""amountInt"":599,""currency"":""USD""},""regular"":{""amount"":5.99,""amountInt"":599,""currency"":""USD""},""cut"":0}}",582.2189699074074,1,"[{""timestamp"":""2026-07-10T07:15:19+02:00"",""shop"":{""id"":61,""name"":""Steam""},""deal"":{""price"":{""amount"":5.99,""amountInt"":599,""currency"":""USD""},""regular"":{""amount"":5.99,""amountInt"":599,""currency"":""USD""},""cut"":0}}]"
213670,South Park™: The Stick of Truth™,2023,2023-11-21,2023-11-28,UTC,2023-11-21T00:00:00Z,2023-11-29T00:00:00Z,data/raw/itad/213670.json,ok,,0,0,101,2,True,2,1,1,0,0,1,1,2023-11-21T18:22:12Z,2023-11-28T18:36:43Z,USD,7.49,29.99,75,True,A,59,2023-10-25T19:22:04+02:00,2023-10-25T17:22:04Z,61,Steam,object,29.99,2999,USD,29.99,2999,USD,0,full_price,,"{""timestamp"":""2023-10-25T19:22:04+02:00"",""shop"":{""id"":61,""name"":""Steam""},""deal"":{""price"":{""amount"":29.99,""amountInt"":2999,""currency"":""USD""},""regular"":{""amount"":29.99,""amountInt"":2999,""currency"":""USD""},""cut"":0}}",26.27634259259259,1,"[{""timestamp"":""2023-10-25T19:22:04+02:00"",""shop"":{""id"":61,""name"":""Steam""},""deal"":{""price"":{""amount"":29.99,""amountInt"":2999,""currency"":""USD""},""regular"":{""amount"":29.99,""amountInt"":2999,""currency"":""USD""},""cut"":0}}]",56,2023-12-13T19:19:50+01:00,2023-12-13T18:19:50Z,61,Steam,object,7.49,749,USD,29.99,2999,USD,75,discount,,"{""timestamp"":""2023-12-13T19:19:50+01:00"",""shop"":{""id"":61,""name"":""Steam""},""deal"":{""price"":{""amount"":7.49,""amountInt"":749,""currency"":""USD""},""regular"":{""amount"":29.99,""amountInt"":2999,""currency"":""USD""},""cut"":75}}",14.763773148148148,1,"[{""timestamp"":""2023-12-13T19:19:50+01:00"",""shop"":{""id"":61,""name"":""Steam""},""deal"":{""price"":{""amount"":7.49,""amountInt"":749,""currency"":""USD""},""regular"":{""amount"":29.99,""amountInt"":2999,""currency"":""USD""},""cut"":75}}]"
213670,South Park™: The Stick of Truth™,2024,2024-11-27,2024-12-04,UTC,2024-11-27T00:00:00Z,2024-12-05T00:00:00Z,data/raw/itad/213670.json,ok,,0,0,101,2,True,2,1,1,0,0,1,1,2024-11-27T20:10:12Z,2024-12-04T18:18:03Z,USD,7.49,29.99,75,True,A,41,2024-10-11T07:15:24+02:00,2024-10-11T05:15:24Z,61,Steam,object,29.99,2999,USD,29.99,2999,USD,0,full_price,,"{""timestamp"":""2024-10-11T07:15:24+02:00"",""shop"":{""id"":61,""name"":""Steam""},""deal"":{""price"":{""amount"":29.99,""amountInt"":2999,""currency"":""USD""},""regular"":{""amount"":29.99,""amountInt"":2999,""currency"":""USD""},""cut"":0}}",46.780972222222225,1,"[{""timestamp"":""2024-10-11T07:15:24+02:00"",""shop"":{""id"":61,""name"":""Steam""},""deal"":{""price"":{""amount"":29.99,""amountInt"":2999,""currency"":""USD""},""regular"":{""amount"":29.99,""amountInt"":2999,""currency"":""USD""},""cut"":0}}]",38,2024-12-08T19:15:14+01:00,2024-12-08T18:15:14Z,61,Steam,object,7.49,749,USD,29.99,2999,USD,75,discount,,"{""timestamp"":""2024-12-08T19:15:14+01:00"",""shop"":{""id"":61,""name"":""Steam""},""deal"":{""price"":{""amount"":7.49,""amountInt"":749,""currency"":""USD""},""regular"":{""amount"":29.99,""amountInt"":2999,""currency"":""USD""},""cut"":75}}",3.7605787037037035,1,"[{""timestamp"":""2024-12-08T19:15:14+01:00"",""shop"":{""id"":61,""name"":""Steam""},""deal"":{""price"":{""amount"":7.49,""amountInt"":749,""currency"":""USD""},""regular"":{""amount"":29.99,""amountInt"":2999,""currency"":""USD""},""cut"":75}}]"
218740,Pid,2023,2023-11-21,2023-11-28,UTC,2023-11-21T00:00:00Z,2023-11-29T00:00:00Z,data/raw/itad/218740.json,ok,,0,0,57,2,True,2,1,1,0,0,1,1,2023-11-21T18:31:06Z,2023-11-28T22:26:21Z,USD,4.99,19.99,75,True,A,31,2023-10-31T18:20:03+01:00,2023-10-31T17:20:03Z,61,Steam,object,19.99,1999,USD,19.99,1999,USD,0,full_price,,"{""timestamp"":""2023-10-31T18:20:03+01:00"",""shop"":{""id"":61,""name"":""Steam""},""deal"":{""price"":{""amount"":19.99,""amountInt"":1999,""currency"":""USD""},""regular"":{""amount"":19.99,""amountInt"":1999,""currency"":""USD""},""cut"":0}}",20.277743055555554,1,"[{""timestamp"":""2023-10-31T18:20:03+01:00"",""shop"":{""id"":61,""name"":""Steam""},""deal"":{""price"":{""amount"":19.99,""amountInt"":1999,""currency"":""USD""},""regular"":{""amount"":19.99,""amountInt"":1999,""currency"":""USD""},""cut"":0}}]",28,2023-12-21T19:29:31+01:00,2023-12-21T18:29:31Z,61,Steam,object,4.99,499,USD,19.99,1999,USD,75,discount,,"{""timestamp"":""2023-12-21T19:29:31+01:00"",""shop"":{""id"":61,""name"":""Steam""},""deal"":{""price"":{""amount"":4.99,""amountInt"":499,""currency"":""USD""},""regular"":{""amount"":19.99,""amountInt"":1999,""currency"":""USD""},""cut"":75}}",22.770497685185184,1,"[{""timestamp"":""2023-12-21T19:29:31+01:00"",""shop"":{""id"":61,""name"":""Steam""},""deal"":{""price"":{""amount"":4.99,""amountInt"":499,""currency"":""USD""},""regular"":{""amount"":19.99,""amountInt"":1999,""currency"":""USD""},""cut"":75}}]"
218740,Pid,2024,2024-11-27,2024-12-04,UTC,2024-11-27T00:00:00Z,2024-12-05T00:00:00Z,data/raw/itad/218740.json,ok,,0,0,57,2,True,2,1,1,0,0,1,1,2024-11-27T18:53:43Z,2024-12-04T18:18:04Z,USD,5.99,19.99,70,True,A,23,2024-07-11T19:19:04+02:00,2024-07-11T17:19:04Z,61,Steam,object,19.99,1999,USD,19.99,1999,USD,0,full_price,,"{""timestamp"":""2024-07-11T19:19:04+02:00"",""shop"":{""id"":61,""name"":""Steam""},""deal"":{""price"":{""amount"":19.99,""amountInt"":1999,""currency"":""USD""},""regular"":{""amount"":19.99,""amountInt"":1999,""currency"":""USD""},""cut"":0}}",138.27842592592592,1,"[{""timestamp"":""2024-07-11T19:19:04+02:00"",""shop"":{""id"":61,""name"":""Steam""},""deal"":{""price"":{""amount"":19.99,""amountInt"":1999,""currency"":""USD""},""regular"":{""amount"":19.99,""amountInt"":1999,""currency"":""USD""},""cut"":0}}]",20,2024-12-19T22:25:52+01:00,2024-12-19T21:25:52Z,61,Steam,object,5.99,599,USD,19.99,1999,USD,70,discount,,"{""timestamp"":""2024-12-19T22:25:52+01:00"",""shop"":{""id"":61,""name"":""Steam""},""deal"":{""price"":{""amount"":5.99,""amountInt"":599,""currency"":""USD""},""regular"":{""amount"":19.99,""amountInt"":1999,""currency"":""USD""},""cut"":70}}",14.892962962962963,1,"[{""timestamp"":""2024-12-19T22:25:52+01:00"",""shop"":{""id"":61,""name"":""Steam""},""deal"":{""price"":{""amount"":5.99,""amountInt"":599,""currency"":""USD""},""regular"":{""amount"":19.99,""amountInt"":1999,""currency"":""USD""},""cut"":70}}]"
219200,Droid Assault,2023,2023-11-21,2023-11-28,UTC,2023-11-21T00:00:00Z,2023-11-29T00:00:00Z,data/raw/itad/219200.json,ok,,0,0,72,2,True,2,1,1,0,0,1,1,2023-11-21T18:40:19Z,2023-11-28T18:48:58Z,USD,4.41,12.99,66,True,A,39,2023-10-30T18:35:16+01:00,2023-10-30T17:35:16Z,61,Steam,object,12.99,1299,USD,12.99,1299,USD,0,full_price,,"{""timestamp"":""2023-10-30T18:35:16+01:00"",""shop"":{""id"":61,""name"":""Steam""},""deal"":{""price"":{""amount"":12.99,""amountInt"":1299,""currency"":""USD""},""regular"":{""amount"":12.99,""amountInt"":1299,""currency"":""USD""},""cut"":0}}",21.267175925925926,1,"[{""timestamp"":""2023-10-30T18:35:16+01:00"",""shop"":{""id"":61,""name"":""Steam""},""deal"":{""price"":{""amount"":12.99,""amountInt"":1299,""currency"":""USD""},""regular"":{""amount"":12.99,""amountInt"":1299,""currency"":""USD""},""cut"":0}}]",36,2023-12-04T20:12:34+01:00,2023-12-04T19:12:34Z,61,Steam,object,8.7,870,USD,12.99,1299,USD,33,discount,,"{""timestamp"":""2023-12-04T20:12:34+01:00"",""shop"":{""id"":61,""name"":""Steam""},""deal"":{""price"":{""amount"":8.7,""amountInt"":870,""currency"":""USD""},""regular"":{""amount"":12.99,""amountInt"":1299,""currency"":""USD""},""cut"":33}}",5.8003935185185185,1,"[{""timestamp"":""2023-12-04T20:12:34+01:00"",""shop"":{""id"":61,""name"":""Steam""},""deal"":{""price"":{""amount"":8.7,""amountInt"":870,""currency"":""USD""},""regular"":{""amount"":12.99,""amountInt"":1299,""currency"":""USD""},""cut"":33}}]"
219200,Droid Assault,2024,2024-11-27,2024-12-04,UTC,2024-11-27T00:00:00Z,2024-12-05T00:00:00Z,data/raw/itad/219200.json,ok,,0,0,72,2,True,2,1,1,0,0,1,1,2024-11-27T19:13:36Z,2024-12-04T19:36:13Z,USD,6.49,12.99,50,True,A,26,2024-07-11T19:19:04+02:00,2024-07-11T17:19:04Z,61,Steam,object,12.99,1299,USD,12.99,1299,USD,0,full_price,,"{""timestamp"":""2024-07-11T19:19:04+02:00"",""shop"":{""id"":61,""name"":""Steam""},""deal"":{""price"":{""amount"":12.99,""amountInt"":1299,""currency"":""USD""},""regular"":{""amount"":12.99,""amountInt"":1299,""currency"":""USD""},""cut"":0}}",138.27842592592592,1,"[{""timestamp"":""2024-07-11T19:19:04+02:00"",""shop"":{""id"":61,""name"":""Steam""},""deal"":{""price"":{""amount"":12.99,""amountInt"":1299,""currency"":""USD""},""regular"":{""amount"":12.99,""amountInt"":1299,""currency"":""USD""},""cut"":0}}]",23,2024-12-19T22:39:44+01:00,2024-12-19T21:39:44Z,61,Steam,object,6.49,649,USD,12.99,1299,USD,50,discount,,"{""timestamp"":""2024-12-19T22:39:44+01:00"",""shop"":{""id"":61,""name"":""Steam""},""deal"":{""price"":{""amount"":6.49,""amountInt"":649,""currency"":""USD""},""regular"":{""amount"":12.99,""amountInt"":1299,""currency"":""USD""},""cut"":50}}",14.902592592592592,1,"[{""timestamp"":""2024-12-19T22:39:44+01:00"",""shop"":{""id"":61,""name"":""Steam""},""deal"":{""price"":{""amount"":6.49,""amountInt"":649,""currency"":""USD""},""regular"":{""amount"":12.99,""amountInt"":1299,""currency"":""USD""},""cut"":50}}]"
228320,A Valley Without Wind 2,2023,2023-11-21,2023-11-28,UTC,2023-11-21T00:00:00Z,2023-11-29T00:00:00Z,data/raw/itad/228320.json,ok,,0,0,7,0,False,0,0,0,0,0,0,0,,,,,,,False,D,0,2021-03-08T19:21:39+01:00,2021-03-08T18:21:39Z,61,Steam,object,3.74,374,USD,14.99,1499,USD,75,discount,,"{""timestamp"":""2021-03-08T19:21:39+01:00"",""shop"":{""id"":61,""name"":""Steam""},""deal"":{""price"":{""amount"":3.74,""amountInt"":374,""currency"":""USD""},""regular"":{""amount"":14.99,""amountInt"":1499,""currency"":""USD""},""cut"":75}}",987.2349652777777,1,"[{""timestamp"":""2021-03-08T19:21:39+01:00"",""shop"":{""id"":61,""name"":""Steam""},""deal"":{""price"":{""amount"":3.74,""amountInt"":374,""currency"":""USD""},""regular"":{""amount"":14.99,""amountInt"":1499,""currency"":""USD""},""cut"":75}}]",,,,,,,,,,,,,,,,,,0,
228320,A Valley Without Wind 2,2024,2024-11-27,2024-12-04,UTC,2024-11-27T00:00:00Z,2024-12-05T00:00:00Z,data/raw/itad/228320.json,ok,,0,0,7,0,False,0,0,0,0,0,0,0,,,,,,,False,D,0,2021-03-08T19:21:39+01:00,2021-03-08T18:21:39Z,61,Steam,object,3.74,374,USD,14.99,1499,USD,75,discount,,"{""timestamp"":""2021-03-08T19:21:39+01:00"",""shop"":{""id"":61,""name"":""Steam""},""deal"":{""price"":{""amount"":3.74,""amountInt"":374,""currency"":""USD""},""regular"":{""amount"":14.99,""amountInt"":1499,""currency"":""USD""},""cut"":75}}",1359.2349652777777,1,"[{""timestamp"":""2021-03-08T19:21:39+01:00"",""shop"":{""id"":61,""name"":""Steam""},""deal"":{""price"":{""amount"":3.74,""amountInt"":374,""currency"":""USD""},""regular"":{""amount"":14.99,""amountInt"":1499,""currency"":""USD""},""cut"":75}}]",,,,,,,,,,,,,,,,,,0,
234490,Rush Bros.,2023,2023-11-21,2023-11-28,UTC,2023-11-21T00:00:00Z,2023-11-29T00:00:00Z,data/raw/itad/234490.json,ok,,0,0,51,2,True,2,1,1,0,0,1,1,2023-11-21T18:55:15Z,2023-11-28T18:13:13Z,USD,3.49,9.99,65,True,A,27,2023-07-13T19:10:07+02:00,2023-07-13T17:10:07Z,61,Steam,object,9.99,999,USD,9.99,999,USD,0,full_price,,"{""timestamp"":""2023-07-13T19:10:07+02:00"",""shop"":{""id"":61,""name"":""Steam""},""deal"":{""price"":{""amount"":9.99,""amountInt"":999,""currency"":""USD""},""regular"":{""amount"":9.99,""amountInt"":999,""currency"":""USD""},""cut"":0}}",130.2846412037037,1,"[{""timestamp"":""2023-07-13T19:10:07+02:00"",""shop"":{""id"":61,""name"":""Steam""},""deal"":{""price"":{""amount"":9.99,""amountInt"":999,""currency"":""USD""},""regular"":{""amount"":9.99,""amountInt"":999,""currency"":""USD""},""cut"":0}}]",24,2023-12-21T19:20:06+01:00,2023-12-21T18:20:06Z,61,Steam,object,0.99,99,USD,9.99,999,USD,90,discount,,"{""timestamp"":""2023-12-21T19:20:06+01:00"",""shop"":{""id"":61,""name"":""Steam""},""deal"":{""price"":{""amount"":0.99,""amountInt"":99,""currency"":""USD""},""regular"":{""amount"":9.99,""amountInt"":999,""currency"":""USD""},""cut"":90}}",22.763958333333335,1,"[{""timestamp"":""2023-12-21T19:20:06+01:00"",""shop"":{""id"":61,""name"":""Steam""},""deal"":{""price"":{""amount"":0.99,""amountInt"":99,""currency"":""USD""},""regular"":{""amount"":9.99,""amountInt"":999,""currency"":""USD""},""cut"":90}}]"
234490,Rush Bros.,2024,2024-11-27,2024-12-04,UTC,2024-11-27T00:00:00Z,2024-12-05T00:00:00Z,data/raw/itad/234490.json,ok,,0,0,51,2,True,2,1,1,0,0,1,1,2024-11-27T21:35:14Z,2024-12-04T18:18:07Z,USD,0.99,9.99,90,True,A,19,2024-07-14T18:32:49+02:00,2024-07-14T16:32:49Z,61,Steam,object,9.99,999,USD,9.99,999,USD,0,full_price,,"{""timestamp"":""2024-07-14T18:32:49+02:00"",""shop"":{""id"":61,""name"":""Steam""},""deal"":{""price"":{""amount"":9.99,""amountInt"":999,""currency"":""USD""},""regular"":{""amount"":9.99,""amountInt"":999,""currency"":""USD""},""cut"":0}}",135.3105439814815,1,"[{""timestamp"":""2024-07-14T18:32:49+02:00"",""shop"":{""id"":61,""name"":""Steam""},""deal"":{""price"":{""amount"":9.99,""amountInt"":999,""currency"":""USD""},""regular"":{""amount"":9.99,""amountInt"":999,""currency"":""USD""},""cut"":0}}]",16,2024-12-19T22:25:55+01:00,2024-12-19T21:25:55Z,61,Steam,object,0.99,99,USD,9.99,999,USD,90,discount,,"{""timestamp"":""2024-12-19T22:25:55+01:00"",""shop"":{""id"":61,""name"":""Steam""},""deal"":{""price"":{""amount"":0.99,""amountInt"":99,""currency"":""USD""},""regular"":{""amount"":9.99,""amountInt"":999,""currency"":""USD""},""cut"":90}}",14.892997685185184,1,"[{""timestamp"":""2024-12-19T22:25:55+01:00"",""shop"":{""id"":61,""name"":""Steam""},""deal"":{""price"":{""amount"":0.99,""amountInt"":99,""currency"":""USD""},""regular"":{""amount"":9.99,""amountInt"":999,""currency"":""USD""},""cut"":90}}]"
242960,Blood Omen 2: Legacy of Kain,2023,2023-11-21,2023-11-28,UTC,2023-11-21T00:00:00Z,2023-11-29T00:00:00Z,data/raw/itad/242960.json,ok,,0,0,87,2,True,2,1,1,0,0,1,1,2023-11-21T23:09:32Z,2023-11-28T18:19:04Z,USD,0.97,6.99,86,True,A,41,2023-11-02T18:34:29+01:00,2023-11-02T17:34:29Z,61,Steam,object,6.99,699,USD,6.99,699,USD,0,full_price,,"{""timestamp"":""2023-11-02T18:34:29+01:00"",""shop"":{""id"":61,""name"":""Steam""},""deal"":{""price"":{""amount"":6.99,""amountInt"":699,""currency"":""USD""},""regular"":{""amount"":6.99,""amountInt"":699,""currency"":""USD""},""cut"":0}}",18.267719907407407,1,"[{""timestamp"":""2023-11-02T18:34:29+01:00"",""shop"":{""id"":61,""name"":""Steam""},""deal"":{""price"":{""amount"":6.99,""amountInt"":699,""currency"":""USD""},""regular"":{""amount"":6.99,""amountInt"":699,""currency"":""USD""},""cut"":0}}]",38,2023-12-07T19:20:34+01:00,2023-12-07T18:20:34Z,61,Steam,object,0.97,97,USD,6.99,699,USD,86,discount,,"{""timestamp"":""2023-12-07T19:20:34+01:00"",""shop"":{""id"":61,""name"":""Steam""},""deal"":{""price"":{""amount"":0.97,""amountInt"":97,""currency"":""USD""},""regular"":{""amount"":6.99,""amountInt"":699,""currency"":""USD""},""cut"":86}}",8.764282407407407,1,"[{""timestamp"":""2023-12-07T19:20:34+01:00"",""shop"":{""id"":61,""name"":""Steam""},""deal"":{""price"":{""amount"":0.97,""amountInt"":97,""currency"":""USD""},""regular"":{""amount"":6.99,""amountInt"":699,""currency"":""USD""},""cut"":86}}]"
242960,Blood Omen 2: Legacy of Kain,2024,2024-11-27,2024-12-04,UTC,2024-11-27T00:00:00Z,2024-12-05T00:00:00Z,data/raw/itad/242960.json,ok,,0,0,87,0,False,0,0,0,0,0,0,0,,,,,,,False,D,23,2024-11-04T19:18:10+01:00,2024-11-04T18:18:10Z,61,Steam,object,6.99,699,USD,6.99,699,USD,0,full_price,,"{""timestamp"":""2024-11-04T19:18:10+01:00"",""shop"":{""id"":61,""name"":""Steam""},""deal"":{""price"":{""amount"":6.99,""amountInt"":699,""currency"":""USD""},""regular"":{""amount"":6.99,""amountInt"":699,""currency"":""USD""},""cut"":0}}",22.237384259259258,1,"[{""timestamp"":""2024-11-04T19:18:10+01:00"",""shop"":{""id"":61,""name"":""Steam""},""deal"":{""price"":{""amount"":6.99,""amountInt"":699,""currency"":""USD""},""regular"":{""amount"":6.99,""amountInt"":699,""currency"":""USD""},""cut"":0}}]",22,2025-05-26T21:20:34+02:00,2025-05-26T19:20:34Z,61,Steam,object,0.97,97,USD,6.99,699,USD,86,discount,,"{""timestamp"":""2025-05-26T21:20:34+02:00"",""shop"":{""id"":61,""name"":""Steam""},""deal"":{""price"":{""amount"":0.97,""amountInt"":97,""currency"":""USD""},""regular"":{""amount"":6.99,""amountInt"":699,""currency"":""USD""},""cut"":86}}",172.80594907407408,1,"[{""timestamp"":""2025-05-26T21:20:34+02:00"",""shop"":{""id"":61,""name"":""Steam""},""deal"":{""price"":{""amount"":0.97,""amountInt"":97,""currency"":""USD""},""regular"":{""amount"":6.99,""amountInt"":699,""currency"":""USD""},""cut"":86}}]"
252490,Rust,2023,2023-11-21,2023-11-28,UTC,2023-11-21T00:00:00Z,2023-11-29T00:00:00Z,data/raw/itad/252490.json,ok,,0,0,89,2,True,2,1,1,0,0,1,1,2023-11-21T18:40:51Z,2023-11-28T18:25:29Z,USD,26.79,39.99,33,True,A,54,2023-07-13T19:16:42+02:00,2023-07-13T17:16:42Z,61,Steam,object,39.99,3999,USD,39.99,3999,USD,0,full_price,,"{""timestamp"":""2023-07-13T19:16:42+02:00"",""shop"":{""id"":61,""name"":""Steam""},""deal"":{""price"":{""amount"":39.99,""amountInt"":3999,""currency"":""USD""},""regular"":{""amount"":39.99,""amountInt"":3999,""currency"":""USD""},""cut"":0}}",130.28006944444445,1,"[{""timestamp"":""2023-07-13T19:16:42+02:00"",""shop"":{""id"":61,""name"":""Steam""},""deal"":{""price"":{""amount"":39.99,""amountInt"":3999,""currency"":""USD""},""regular"":{""amount"":39.99,""amountInt"":3999,""currency"":""USD""},""cut"":0}}]",51,2023-12-14T19:03:23+01:00,2023-12-14T18:03:23Z,61,Steam,object,19.99,1999,USD,39.99,3999,USD,50,discount,,"{""timestamp"":""2023-12-14T19:03:23+01:00"",""shop"":{""id"":61,""name"":""Steam""},""deal"":{""price"":{""amount"":19.99,""amountInt"":1999,""currency"":""USD""},""regular"":{""amount"":39.99,""amountInt"":3999,""currency"":""USD""},""cut"":50}}",15.752349537037038,1,"[{""timestamp"":""2023-12-14T19:03:23+01:00"",""shop"":{""id"":61,""name"":""Steam""},""deal"":{""price"":{""amount"":19.99,""amountInt"":1999,""currency"":""USD""},""regular"":{""amount"":39.99,""amountInt"":3999,""currency"":""USD""},""cut"":50}}]"
252490,Rust,2024,2024-11-27,2024-12-04,UTC,2024-11-27T00:00:00Z,2024-12-05T00:00:00Z,data/raw/itad/252490.json,ok,,0,0,89,2,True,2,1,1,0,0,1,1,2024-11-27T21:28:01Z,2024-12-04T18:18:11Z,USD,23.99,39.99,40,True,A,35,2024-11-09T19:18:09+01:00,2024-11-09T18:18:09Z,61,Steam,object,39.99,3999,USD,39.99,3999,USD,0,full_price,,"{""timestamp"":""2024-11-09T19:18:09+01:00"",""shop"":{""id"":61,""name"":""Steam""},""deal"":{""price"":{""amount"":39.99,""amountInt"":3999,""currency"":""USD""},""regular"":{""amount"":39.99,""amountInt"":3999,""currency"":""USD""},""cut"":0}}",17.237395833333334,1,"[{""timestamp"":""2024-11-09T19:18:09+01:00"",""shop"":{""id"":61,""name"":""Steam""},""deal"":{""price"":{""amount"":39.99,""amountInt"":3999,""currency"":""USD""},""regular"":{""amount"":39.99,""amountInt"":3999,""currency"":""USD""},""cut"":0}}]",32,2024-12-09T19:18:02+01:00,2024-12-09T18:18:02Z,61,Steam,object,19.99,1999,USD,39.99,3999,USD,50,discount,,"{""timestamp"":""2024-12-09T19:18:02+01:00"",""shop"":{""id"":61,""name"":""Steam""},""deal"":{""price"":{""amount"":19.99,""amountInt"":1999,""currency"":""USD""},""regular"":{""amount"":39.99,""amountInt"":3999,""currency"":""USD""},""cut"":50}}",4.762523148148148,1,"[{""timestamp"":""2024-12-09T19:18:02+01:00"",""shop"":{""id"":61,""name"":""Steam""},""deal"":{""price"":{""amount"":19.99,""amountInt"":1999,""currency"":""USD""},""regular"":{""amount"":39.99,""amountInt"":3999,""currency"":""USD""},""cut"":50}}]"
262470,Rollers of the Realm,2023,2023-11-21,2023-11-28,UTC,2023-11-21T00:00:00Z,2023-11-29T00:00:00Z,data/raw/itad/262470.json,ok,,0,0,48,2,True,2,1,1,0,0,1,1,2023-11-21T18:49:50Z,2023-11-28T18:43:08Z,USD,7.49,9.99,25,True,A,20,2023-11-17T16:18:13+01:00,2023-11-17T15:18:13Z,61,Steam,object,9.99,999,USD,9.99,999,USD,0,full_price,,"{""timestamp"":""2023-11-17T16:18:13+01:00"",""shop"":{""id"":61,""name"":""Steam""},""deal"":{""price"":{""amount"":9.99,""amountInt"":999,""currency"":""USD""},""regular"":{""amount"":9.99,""amountInt"":999,""currency"":""USD""},""cut"":0}}",3.362349537037037,1,"[{""timestamp"":""2023-11-17T16:18:13+01:00"",""shop"":{""id"":61,""name"":""Steam""},""deal"":{""price"":{""amount"":9.99,""amountInt"":999,""currency"":""USD""},""regular"":{""amount"":9.99,""amountInt"":999,""currency"":""USD""},""cut"":0}}]",17,2023-12-22T01:27:33+01:00,2023-12-22T00:27:33Z,61,Steam,object,5.99,599,USD,9.99,999,USD,40,discount,,"{""timestamp"":""2023-12-22T01:27:33+01:00"",""shop"":{""id"":61,""name"":""Steam""},""deal"":{""price"":{""amount"":5.99,""amountInt"":599,""currency"":""USD""},""regular"":{""amount"":9.99,""amountInt"":999,""currency"":""USD""},""cut"":40}}",23.019131944444446,1,"[{""timestamp"":""2023-12-22T01:27:33+01:00"",""shop"":{""id"":61,""name"":""Steam""},""deal"":{""price"":{""amount"":5.99,""amountInt"":599,""currency"":""USD""},""regular"":{""amount"":9.99,""amountInt"":999,""currency"":""USD""},""cut"":40}}]"
262470,Rollers of the Realm,2024,2024-11-27,2024-12-04,UTC,2024-11-27T00:00:00Z,2024-12-05T00:00:00Z,data/raw/itad/262470.json,ok,,0,0,48,2,True,2,1,1,0,0,1,1,2024-11-27T18:49:15Z,2024-12-04T18:18:13Z,USD,5.49,9.99,45,True,A,12,2024-07-11T19:19:24+02:00,2024-07-11T17:19:24Z,61,Steam,object,9.99,999,USD,9.99,999,USD,0,full_price,,"{""timestamp"":""2024-07-11T19:19:24+02:00"",""shop"":{""id"":61,""name"":""Steam""},""deal"":{""price"":{""amount"":9.99,""amountInt"":999,""currency"":""USD""},""regular"":{""amount"":9.99,""amountInt"":999,""currency"":""USD""},""cut"":0}}",138.27819444444444,1,"[{""timestamp"":""2024-07-11T19:19:24+02:00"",""shop"":{""id"":61,""name"":""Steam""},""deal"":{""price"":{""amount"":9.99,""amountInt"":999,""currency"":""USD""},""regular"":{""amount"":9.99,""amountInt"":999,""currency"":""USD""},""cut"":0}}]",9,2024-12-19T22:26:07+01:00,2024-12-19T21:26:07Z,61,Steam,object,4.99,499,USD,9.99,999,USD,50,discount,,"{""timestamp"":""2024-12-19T22:26:07+01:00"",""shop"":{""id"":61,""name"":""Steam""},""deal"":{""price"":{""amount"":4.99,""amountInt"":499,""currency"":""USD""},""regular"":{""amount"":9.99,""amountInt"":999,""currency"":""USD""},""cut"":50}}",14.893136574074074,1,"[{""timestamp"":""2024-12-19T22:26:07+01:00"",""shop"":{""id"":61,""name"":""Steam""},""deal"":{""price"":{""amount"":4.99,""amountInt"":499,""currency"":""USD""},""regular"":{""amount"":9.99,""amountInt"":999,""currency"":""USD""},""cut"":50}}]"
270880,American Truck Simulator,2023,2023-11-21,2023-11-28,UTC,2023-11-21T00:00:00Z,2023-11-29T00:00:00Z,data/raw/itad/270880.json,ok,,0,0,133,2,True,2,1,1,0,0,1,1,2023-11-21T18:31:54Z,2023-11-28T18:25:45Z,USD,4.99,19.99,75,True,A,65,2023-10-31T18:20:43+01:00,2023-10-31T17:20:43Z,61,Steam,object,19.99,1999,USD,19.99,1999,USD,0,full_price,,"{""timestamp"":""2023-10-31T18:20:43+01:00"",""shop"":{""id"":61,""name"":""Steam""},""deal"":{""price"":{""amount"":19.99,""amountInt"":1999,""currency"":""USD""},""regular"":{""amount"":19.99,""amountInt"":1999,""currency"":""USD""},""cut"":0}}",20.277280092592594,1,"[{""timestamp"":""2023-10-31T18:20:43+01:00"",""shop"":{""id"":61,""name"":""Steam""},""deal"":{""price"":{""amount"":19.99,""amountInt"":1999,""currency"":""USD""},""regular"":{""amount"":19.99,""amountInt"":1999,""currency"":""USD""},""cut"":0}}]",62,2023-11-30T19:18:51+01:00,2023-11-30T18:18:51Z,61,Steam,object,4.99,499,USD,19.99,1999,USD,75,discount,,"{""timestamp"":""2023-11-30T19:18:51+01:00"",""shop"":{""id"":61,""name"":""Steam""},""deal"":{""price"":{""amount"":4.99,""amountInt"":499,""currency"":""USD""},""regular"":{""amount"":19.99,""amountInt"":1999,""currency"":""USD""},""cut"":75}}",1.7630902777777777,1,"[{""timestamp"":""2023-11-30T19:18:51+01:00"",""shop"":{""id"":61,""name"":""Steam""},""deal"":{""price"":{""amount"":4.99,""amountInt"":499,""currency"":""USD""},""regular"":{""amount"":19.99,""amountInt"":1999,""currency"":""USD""},""cut"":75}}]"
270880,American Truck Simulator,2024,2024-11-27,2024-12-04,UTC,2024-11-27T00:00:00Z,2024-12-05T00:00:00Z,data/raw/itad/270880.json,ok,,0,0,133,1,True,1,1,0,0,0,1,0,2024-11-27T20:40:30Z,2024-11-27T20:40:30Z,USD,4.99,19.99,75,False,A,41,2024-11-03T18:15:37+01:00,2024-11-03T17:15:37Z,61,Steam,object,19.99,1999,USD,19.99,1999,USD,0,full_price,,"{""timestamp"":""2024-11-03T18:15:37+01:00"",""shop"":{""id"":61,""name"":""Steam""},""deal"":{""price"":{""amount"":19.99,""amountInt"":1999,""currency"":""USD""},""regular"":{""amount"":19.99,""amountInt"":1999,""currency"":""USD""},""cut"":0}}",23.280821759259258,1,"[{""timestamp"":""2024-11-03T18:15:37+01:00"",""shop"":{""id"":61,""name"":""Steam""},""deal"":{""price"":{""amount"":19.99,""amountInt"":1999,""currency"":""USD""},""regular"":{""amount"":19.99,""amountInt"":1999,""currency"":""USD""},""cut"":0}}]",39,2024-12-12T19:19:25+01:00,2024-12-12T18:19:25Z,61,Steam,object,19.99,1999,USD,19.99,1999,USD,0,full_price,,"{""timestamp"":""2024-12-12T19:19:25+01:00"",""shop"":{""id"":61,""name"":""Steam""},""deal"":{""price"":{""amount"":19.99,""amountInt"":1999,""currency"":""USD""},""regular"":{""amount"":19.99,""amountInt"":1999,""currency"":""USD""},""cut"":0}}",7.763483796296296,1,"[{""timestamp"":""2024-12-12T19:19:25+01:00"",""shop"":{""id"":61,""name"":""Steam""},""deal"":{""price"":{""amount"":19.99,""amountInt"":1999,""currency"":""USD""},""regular"":{""amount"":19.99,""amountInt"":1999,""currency"":""USD""},""cut"":0}}]"
282010,Carmageddon Max Pack,2023,2023-11-21,2023-11-28,UTC,2023-11-21T00:00:00Z,2023-11-29T00:00:00Z,data/raw/itad/282010.json,ok,,0,0,8,0,False,0,0,0,0,0,0,0,,,,,,,False,D,0,2021-03-05T19:21:14+01:00,2021-03-05T18:21:14Z,61,Steam,object,9.99,999,USD,9.99,999,USD,0,full_price,,"{""timestamp"":""2021-03-05T19:21:14+01:00"",""shop"":{""id"":61,""name"":""Steam""},""deal"":{""price"":{""amount"":9.99,""amountInt"":999,""currency"":""USD""},""regular"":{""amount"":9.99,""amountInt"":999,""currency"":""USD""},""cut"":0}}",990.2352546296296,1,"[{""timestamp"":""2021-03-05T19:21:14+01:00"",""shop"":{""id"":61,""name"":""Steam""},""deal"":{""price"":{""amount"":9.99,""amountInt"":999,""currency"":""USD""},""regular"":{""amount"":9.99,""amountInt"":999,""currency"":""USD""},""cut"":0}}]",,,,,,,,,,,,,,,,,,0,
282010,Carmageddon Max Pack,2024,2024-11-27,2024-12-04,UTC,2024-11-27T00:00:00Z,2024-12-05T00:00:00Z,data/raw/itad/282010.json,ok,,0,0,8,0,False,0,0,0,0,0,0,0,,,,,,,False,D,0,2021-03-05T19:21:14+01:00,2021-03-05T18:21:14Z,61,Steam,object,9.99,999,USD,9.99,999,USD,0,full_price,,"{""timestamp"":""2021-03-05T19:21:14+01:00"",""shop"":{""id"":61,""name"":""Steam""},""deal"":{""price"":{""amount"":9.99,""amountInt"":999,""currency"":""USD""},""regular"":{""amount"":9.99,""amountInt"":999,""currency"":""USD""},""cut"":0}}",1362.2352546296297,1,"[{""timestamp"":""2021-03-05T19:21:14+01:00"",""shop"":{""id"":61,""name"":""Steam""},""deal"":{""price"":{""amount"":9.99,""amountInt"":999,""currency"":""USD""},""regular"":{""amount"":9.99,""amountInt"":999,""currency"":""USD""},""cut"":0}}]",,,,,,,,,,,,,,,,,,0,
292400,Unrest,2023,2023-11-21,2023-11-28,UTC,2023-11-21T00:00:00Z,2023-11-29T00:00:00Z,data/raw/itad/292400.json,ok,,0,0,49,2,True,2,1,1,0,0,1,1,2023-11-21T19:05:59Z,2023-11-28T18:25:58Z,USD,1.99,9.99,80,True,A,25,2023-03-23T19:01:45+01:00,2023-03-23T18:01:45Z,61,Steam,object,9.99,999,USD,9.99,999,USD,0,full_price,,"{""timestamp"":""2023-03-23T19:01:45+01:00"",""shop"":{""id"":61,""name"":""Steam""},""deal"":{""price"":{""amount"":9.99,""amountInt"":999,""currency"":""USD""},""regular"":{""amount"":9.99,""amountInt"":999,""currency"":""USD""},""cut"":0}}",242.2487847222222,1,"[{""timestamp"":""2023-03-23T19:01:45+01:00"",""shop"":{""id"":61,""name"":""Steam""},""deal"":{""price"":{""amount"":9.99,""amountInt"":999,""currency"":""USD""},""regular"":{""amount"":9.99,""amountInt"":999,""currency"":""USD""},""cut"":0}}]",22,2023-12-22T01:27:38+01:00,2023-12-22T00:27:38Z,61,Steam,object,1.99,199,USD,9.99,999,USD,80,discount,,"{""timestamp"":""2023-12-22T01:27:38+01:00"",""shop"":{""id"":61,""name"":""Steam""},""deal"":{""price"":{""amount"":1.99,""amountInt"":199,""currency"":""USD""},""regular"":{""amount"":9.99,""amountInt"":999,""currency"":""USD""},""cut"":80}}",23.019189814814816,1,"[{""timestamp"":""2023-12-22T01:27:38+01:00"",""shop"":{""id"":61,""name"":""Steam""},""deal"":{""price"":{""amount"":1.99,""amountInt"":199,""currency"":""USD""},""regular"":{""amount"":9.99,""amountInt"":999,""currency"":""USD""},""cut"":80}}]"
292400,Unrest,2024,2024-11-27,2024-12-04,UTC,2024-11-27T00:00:00Z,2024-12-05T00:00:00Z,data/raw/itad/292400.json,ok,,0,0,49,2,True,2,1,1,0,0,1,1,2024-11-27T18:49:58Z,2024-12-04T18:18:20Z,USD,1.99,9.99,80,True,A,17,2024-07-11T19:19:38+02:00,2024-07-11T17:19:38Z,61,Steam,object,9.99,999,USD,9.99,999,USD,0,full_price,,"{""timestamp"":""2024-07-11T19:19:38+02:00"",""shop"":{""id"":61,""name"":""Steam""},""deal"":{""price"":{""amount"":9.99,""amountInt"":999,""currency"":""USD""},""regular"":{""amount"":9.99,""amountInt"":999,""currency"":""USD""},""cut"":0}}",138.2780324074074,1,"[{""timestamp"":""2024-07-11T19:19:38+02:00"",""shop"":{""id"":61,""name"":""Steam""},""deal"":{""price"":{""amount"":9.99,""amountInt"":999,""currency"":""USD""},""regular"":{""amount"":9.99,""amountInt"":999,""currency"":""USD""},""cut"":0}}]",14,2024-12-19T22:26:18+01:00,2024-12-19T21:26:18Z,61,Steam,object,1.99,199,USD,9.99,999,USD,80,discount,,"{""timestamp"":""2024-12-19T22:26:18+01:00"",""shop"":{""id"":61,""name"":""Steam""},""deal"":{""price"":{""amount"":1.99,""amountInt"":199,""currency"":""USD""},""regular"":{""amount"":9.99,""amountInt"":999,""currency"":""USD""},""cut"":80}}",14.893263888888889,1,"[{""timestamp"":""2024-12-19T22:26:18+01:00"",""shop"":{""id"":61,""name"":""Steam""},""deal"":{""price"":{""amount"":1.99,""amountInt"":199,""currency"":""USD""},""regular"":{""amount"":9.99,""amountInt"":999,""currency"":""USD""},""cut"":80}}]"
303680,FATE: The Traitor Soul,2023,2023-11-21,2023-11-28,UTC,2023-11-21T00:00:00Z,2023-11-29T00:00:00Z,data/raw/itad/303680.json,ok,,0,0,48,1,True,1,0,1,0,0,0,1,2023-11-28T18:13:59Z,2023-11-28T18:13:59Z,USD,7.99,7.99,0,False,B,22,2023-11-14T19:19:23+01:00,2023-11-14T18:19:23Z,61,Steam,object,4.79,479,USD,7.99,799,USD,40,discount,,"{""timestamp"":""2023-11-14T19:19:23+01:00"",""shop"":{""id"":61,""name"":""Steam""},""deal"":{""price"":{""amount"":4.79,""amountInt"":479,""currency"":""USD""},""regular"":{""amount"":7.99,""amountInt"":799,""currency"":""USD""},""cut"":40}}",6.236539351851852,1,"[{""timestamp"":""2023-11-14T19:19:23+01:00"",""shop"":{""id"":61,""name"":""Steam""},""deal"":{""price"":{""amount"":4.79,""amountInt"":479,""currency"":""USD""},""regular"":{""amount"":7.99,""amountInt"":799,""currency"":""USD""},""cut"":40}}]",20,2023-12-22T01:45:28+01:00,2023-12-22T00:45:28Z,61,Steam,object,3.99,399,USD,7.99,799,USD,50,discount,,"{""timestamp"":""2023-12-22T01:45:28+01:00"",""shop"":{""id"":61,""name"":""Steam""},""deal"":{""price"":{""amount"":3.99,""amountInt"":399,""currency"":""USD""},""regular"":{""amount"":7.99,""amountInt"":799,""currency"":""USD""},""cut"":50}}",23.031574074074076,1,"[{""timestamp"":""2023-12-22T01:45:28+01:00"",""shop"":{""id"":61,""name"":""Steam""},""deal"":{""price"":{""amount"":3.99,""amountInt"":399,""currency"":""USD""},""regular"":{""amount"":7.99,""amountInt"":799,""currency"":""USD""},""cut"":50}}]"
303680,FATE: The Traitor Soul,2024,2024-11-27,2024-12-04,UTC,2024-11-27T00:00:00Z,2024-12-05T00:00:00Z,data/raw/itad/303680.json,ok,,0,0,48,0,False,0,0,0,0,0,0,0,,,,,,,False,D,17,2024-11-11T19:21:23+01:00,2024-11-11T18:21:23Z,61,Steam,object,7.99,799,USD,7.99,799,USD,0,full_price,,"{""timestamp"":""2024-11-11T19:21:23+01:00"",""shop"":{""id"":61,""name"":""Steam""},""deal"":{""price"":{""amount"":7.99,""amountInt"":799,""currency"":""USD""},""regular"":{""amount"":7.99,""amountInt"":799,""currency"":""USD""},""cut"":0}}",15.235150462962963,1,"[{""timestamp"":""2024-11-11T19:21:23+01:00"",""shop"":{""id"":61,""name"":""Steam""},""deal"":{""price"":{""amount"":7.99,""amountInt"":799,""currency"":""USD""},""regular"":{""amount"":7.99,""amountInt"":799,""currency"":""USD""},""cut"":0}}]",16,2025-05-26T21:20:34+02:00,2025-05-26T19:20:34Z,61,Steam,object,6.39,639,USD,7.99,799,USD,20,discount,,"{""timestamp"":""2025-05-26T21:20:34+02:00"",""shop"":{""id"":61,""name"":""Steam""},""deal"":{""price"":{""amount"":6.39,""amountInt"":639,""currency"":""USD""},""regular"":{""amount"":7.99,""amountInt"":799,""currency"":""USD""},""cut"":20}}",172.80594907407408,1,"[{""timestamp"":""2025-05-26T21:20:34+02:00"",""shop"":{""id"":61,""name"":""Steam""},""deal"":{""price"":{""amount"":6.39,""amountInt"":639,""currency"":""USD""},""regular"":{""amount"":7.99,""amountInt"":799,""currency"":""USD""},""cut"":20}}]"
312520,Rain World,2023,2023-11-21,2023-11-28,UTC,2023-11-21T00:00:00Z,2023-11-29T00:00:00Z,data/raw/itad/312520.json,ok,,0,0,106,2,True,2,1,1,0,0,1,1,2023-11-21T18:41:55Z,2023-11-28T18:19:50Z,USD,9.99,24.99,60,True,A,61,2023-10-23T19:51:12+02:00,2023-10-23T17:51:12Z,61,Steam,object,24.99,2499,USD,24.99,2499,USD,0,full_price,,"{""timestamp"":""2023-10-23T19:51:12+02:00"",""shop"":{""id"":61,""name"":""Steam""},""deal"":{""price"":{""amount"":24.99,""amountInt"":2499,""currency"":""USD""},""regular"":{""amount"":24.99,""amountInt"":2499,""currency"":""USD""},""cut"":0}}",28.25611111111111,1,"[{""timestamp"":""2023-10-23T19:51:12+02:00"",""shop"":{""id"":61,""name"":""Steam""},""deal"":{""price"":{""amount"":24.99,""amountInt"":2499,""currency"":""USD""},""regular"":{""amount"":24.99,""amountInt"":2499,""currency"":""USD""},""cut"":0}}]",58,2023-12-21T19:21:38+01:00,2023-12-21T18:21:38Z,61,Steam,object,9.99,999,USD,24.99,2499,USD,60,discount,,"{""timestamp"":""2023-12-21T19:21:38+01:00"",""shop"":{""id"":61,""name"":""Steam""},""deal"":{""price"":{""amount"":9.99,""amountInt"":999,""currency"":""USD""},""regular"":{""amount"":24.99,""amountInt"":2499,""currency"":""USD""},""cut"":60}}",22.76502314814815,1,"[{""timestamp"":""2023-12-21T19:21:38+01:00"",""shop"":{""id"":61,""name"":""Steam""},""deal"":{""price"":{""amount"":9.99,""amountInt"":999,""currency"":""USD""},""regular"":{""amount"":24.99,""amountInt"":2499,""currency"":""USD""},""cut"":60}}]"
312520,Rain World,2024,2024-11-27,2024-12-04,UTC,2024-11-27T00:00:00Z,2024-12-05T00:00:00Z,data/raw/itad/312520.json,ok,,0,0,106,2,True,2,1,1,0,0,1,1,2024-11-27T21:20:18Z,2024-12-04T18:18:25Z,USD,9.99,24.99,60,True,A,41,2024-11-21T19:16:06+01:00,2024-11-21T18:16:06Z,61,Steam,object,24.99,2499,USD,24.99,2499,USD,0,full_price,,"{""timestamp"":""2024-11-21T19:16:06+01:00"",""shop"":{""id"":61,""name"":""Steam""},""deal"":{""price"":{""amount"":24.99,""amountInt"":2499,""currency"":""USD""},""regular"":{""amount"":24.99,""amountInt"":2499,""currency"":""USD""},""cut"":0}}",5.238819444444444,1,"[{""timestamp"":""2024-11-21T19:16:06+01:00"",""shop"":{""id"":61,""name"":""Steam""},""deal"":{""price"":{""amount"":24.99,""amountInt"":2499,""currency"":""USD""},""regular"":{""amount"":24.99,""amountInt"":2499,""currency"":""USD""},""cut"":0}}]",38,2024-12-19T23:53:44+01:00,2024-12-19T22:53:44Z,61,Steam,object,9.99,999,USD,24.99,2499,USD,60,discount,,"{""timestamp"":""2024-12-19T23:53:44+01:00"",""shop"":{""id"":61,""name"":""Steam""},""deal"":{""price"":{""amount"":9.99,""amountInt"":999,""currency"":""USD""},""regular"":{""amount"":24.99,""amountInt"":2499,""currency"":""USD""},""cut"":60}}",14.953981481481481,1,"[{""timestamp"":""2024-12-19T23:53:44+01:00"",""shop"":{""id"":61,""name"":""Steam""},""deal"":{""price"":{""amount"":9.99,""amountInt"":999,""currency"":""USD""},""regular"":{""amount"":24.99,""amountInt"":2499,""currency"":""USD""},""cut"":60}}]"
314300,CubeZ,2023,2023-11-21,2023-11-28,UTC,2023-11-21T00:00:00Z,2023-11-29T00:00:00Z,data/raw/itad/314300.json,ok,,0,0,1,0,False,0,0,0,0,0,0,0,,,,,,,False,D,0,2021-01-01T01:00:00+01:00,2021-01-01T00:00:00Z,61,Steam,object,7.99,799,USD,7.99,799,USD,0,full_price,,"{""timestamp"":""2021-01-01T01:00:00+01:00"",""shop"":{""id"":61,""name"":""Steam""},""deal"":{""price"":{""amount"":7.99,""amountInt"":799,""currency"":""USD""},""regular"":{""amount"":7.99,""amountInt"":799,""currency"":""USD""},""cut"":0}}",1054.0,1,"[{""timestamp"":""2021-01-01T01:00:00+01:00"",""shop"":{""id"":61,""name"":""Steam""},""deal"":{""price"":{""amount"":7.99,""amountInt"":799,""currency"":""USD""},""regular"":{""amount"":7.99,""amountInt"":799,""currency"":""USD""},""cut"":0}}]",,,,,,,,,,,,,,,,,,0,
314300,CubeZ,2024,2024-11-27,2024-12-04,UTC,2024-11-27T00:00:00Z,2024-12-05T00:00:00Z,data/raw/itad/314300.json,ok,,0,0,1,0,False,0,0,0,0,0,0,0,,,,,,,False,D,0,2021-01-01T01:00:00+01:00,2021-01-01T00:00:00Z,61,Steam,object,7.99,799,USD,7.99,799,USD,0,full_price,,"{""timestamp"":""2021-01-01T01:00:00+01:00"",""shop"":{""id"":61,""name"":""Steam""},""deal"":{""price"":{""amount"":7.99,""amountInt"":799,""currency"":""USD""},""regular"":{""amount"":7.99,""amountInt"":799,""currency"":""USD""},""cut"":0}}",1426.0,1,"[{""timestamp"":""2021-01-01T01:00:00+01:00"",""shop"":{""id"":61,""name"":""Steam""},""deal"":{""price"":{""amount"":7.99,""amountInt"":799,""currency"":""USD""},""regular"":{""amount"":7.99,""amountInt"":799,""currency"":""USD""},""cut"":0}}]",,,,,,,,,,,,,,,,,,0,
331200,Grass Simulator,2023,2023-11-21,2023-11-28,UTC,2023-11-21T00:00:00Z,2023-11-29T00:00:00Z,data/raw/itad/331200.json,ok,,0,0,60,2,True,2,1,1,0,0,1,1,2023-11-21T18:17:49Z,2023-11-28T18:07:26Z,USD,2.49,4.99,50,True,A,35,2023-08-21T19:42:56+02:00,2023-08-21T17:42:56Z,61,Steam,object,3.24,324,USD,4.99,499,USD,35,discount,,"{""timestamp"":""2023-08-21T19:42:56+02:00"",""shop"":{""id"":61,""name"":""Steam""},""deal"":{""price"":{""amount"":3.24,""amountInt"":324,""currency"":""USD""},""regular"":{""amount"":4.99,""amountInt"":499,""currency"":""USD""},""cut"":35}}",91.26185185185186,1,"[{""timestamp"":""2023-08-21T19:42:56+02:00"",""shop"":{""id"":61,""name"":""Steam""},""deal"":{""price"":{""amount"":3.24,""amountInt"":324,""currency"":""USD""},""regular"":{""amount"":4.99,""amountInt"":499,""currency"":""USD""},""cut"":35}}]",32,2023-12-21T19:51:56+01:00,2023-12-21T18:51:56Z,61,Steam,object,2.49,249,USD,4.99,499,USD,50,discount,,"{""timestamp"":""2023-12-21T19:51:56+01:00"",""shop"":{""id"":61,""name"":""Steam""},""deal"":{""price"":{""amount"":2.49,""amountInt"":249,""currency"":""USD""},""regular"":{""amount"":4.99,""amountInt"":499,""currency"":""USD""},""cut"":50}}",22.786064814814814,1,"[{""timestamp"":""2023-12-21T19:51:56+01:00"",""shop"":{""id"":61,""name"":""Steam""},""deal"":{""price"":{""amount"":2.49,""amountInt"":249,""currency"":""USD""},""regular"":{""amount"":4.99,""amountInt"":499,""currency"":""USD""},""cut"":50}}]"
331200,Grass Simulator,2024,2024-11-27,2024-12-04,UTC,2024-11-27T00:00:00Z,2024-12-05T00:00:00Z,data/raw/itad/331200.json,ok,,0,0,60,2,True,2,1,1,0,0,1,1,2024-11-27T18:51:30Z,2024-12-04T18:18:32Z,USD,3.34,4.99,33,True,A,27,2024-07-11T19:19:55+02:00,2024-07-11T17:19:55Z,61,Steam,object,4.99,499,USD,4.99,499,USD,0,full_price,,"{""timestamp"":""2024-07-11T19:19:55+02:00"",""shop"":{""id"":61,""name"":""Steam""},""deal"":{""price"":{""amount"":4.99,""amountInt"":499,""currency"":""USD""},""regular"":{""amount"":4.99,""amountInt"":499,""currency"":""USD""},""cut"":0}}",138.27783564814814,1,"[{""timestamp"":""2024-07-11T19:19:55+02:00"",""shop"":{""id"":61,""name"":""Steam""},""deal"":{""price"":{""amount"":4.99,""amountInt"":499,""currency"":""USD""},""regular"":{""amount"":4.99,""amountInt"":499,""currency"":""USD""},""cut"":0}}]",24,2024-12-19T21:32:45+01:00,2024-12-19T20:32:45Z,61,Steam,object,1.49,149,USD,4.99,499,USD,70,discount,,"{""timestamp"":""2024-12-19T21:32:45+01:00"",""shop"":{""id"":61,""name"":""Steam""},""deal"":{""price"":{""amount"":1.49,""amountInt"":149,""currency"":""USD""},""regular"":{""amount"":4.99,""amountInt"":499,""currency"":""USD""},""cut"":70}}",14.856076388888889,1,"[{""timestamp"":""2024-12-19T21:32:45+01:00"",""shop"":{""id"":61,""name"":""Steam""},""deal"":{""price"":{""amount"":1.49,""amountInt"":149,""currency"":""USD""},""regular"":{""amount"":4.99,""amountInt"":499,""currency"":""USD""},""cut"":70}}]"
360430,Mafia III: Definitive Edition,2023,2023-11-21,2023-11-28,UTC,2023-11-21T00:00:00Z,2023-11-29T00:00:00Z,data/raw/itad/360430.json,ok,,0,0,125,2,True,2,1,1,0,0,1,1,2023-11-21T18:42:54Z,2023-11-28T18:50:38Z,USD,9.89,29.99,67,True,A,59,2023-11-20T19:20:09+01:00,2023-11-20T18:20:09Z,61,Steam,object,29.99,2999,USD,29.99,2999,USD,0,full_price,,"{""timestamp"":""2023-11-20T19:20:09+01:00"",""shop"":{""id"":61,""name"":""Steam""},""deal"":{""price"":{""amount"":29.99,""amountInt"":2999,""currency"":""USD""},""regular"":{""amount"":29.99,""amountInt"":2999,""currency"":""USD""},""cut"":0}}",0.23600694444444445,1,"[{""timestamp"":""2023-11-20T19:20:09+01:00"",""shop"":{""id"":61,""name"":""Steam""},""deal"":{""price"":{""amount"":29.99,""amountInt"":2999,""currency"":""USD""},""regular"":{""amount"":29.99,""amountInt"":2999,""currency"":""USD""},""cut"":0}}]",56,2023-12-21T19:36:23+01:00,2023-12-21T18:36:23Z,61,Steam,object,9.89,989,USD,29.99,2999,USD,67,discount,,"{""timestamp"":""2023-12-21T19:36:23+01:00"",""shop"":{""id"":61,""name"":""Steam""},""deal"":{""price"":{""amount"":9.89,""amountInt"":989,""currency"":""USD""},""regular"":{""amount"":29.99,""amountInt"":2999,""currency"":""USD""},""cut"":67}}",22.775266203703705,1,"[{""timestamp"":""2023-12-21T19:36:23+01:00"",""shop"":{""id"":61,""name"":""Steam""},""deal"":{""price"":{""amount"":9.89,""amountInt"":989,""currency"":""USD""},""regular"":{""amount"":29.99,""amountInt"":2999,""currency"":""USD""},""cut"":67}}]"
360430,Mafia III: Definitive Edition,2024,2024-11-27,2024-12-04,UTC,2024-11-27T00:00:00Z,2024-12-05T00:00:00Z,data/raw/itad/360430.json,ok,,0,0,125,2,True,2,1,1,0,0,1,1,2024-11-27T20:33:58Z,2024-12-04T18:24:06Z,USD,7.49,29.99,75,True,A,39,2024-10-31T20:15:21+01:00,2024-10-31T19:15:21Z,61,Steam,object,29.99,2999,USD,29.99,2999,USD,0,full_price,,"{""timestamp"":""2024-10-31T20:15:21+01:00"",""shop"":{""id"":61,""name"":""Steam""},""deal"":{""price"":{""amount"":29.99,""amountInt"":2999,""currency"":""USD""},""regular"":{""amount"":29.99,""amountInt"":2999,""currency"":""USD""},""cut"":0}}",26.19767361111111,1,"[{""timestamp"":""2024-10-31T20:15:21+01:00"",""shop"":{""id"":61,""name"":""Steam""},""deal"":{""price"":{""amount"":29.99,""amountInt"":2999,""currency"":""USD""},""regular"":{""amount"":29.99,""amountInt"":2999,""currency"":""USD""},""cut"":0}}]",36,2024-12-05T19:16:52+01:00,2024-12-05T18:16:52Z,61,Steam,object,7.49,749,USD,29.99,2999,USD,75,discount,,"{""timestamp"":""2024-12-05T19:16:52+01:00"",""shop"":{""id"":61,""name"":""Steam""},""deal"":{""price"":{""amount"":7.49,""amountInt"":749,""currency"":""USD""},""regular"":{""amount"":29.99,""amountInt"":2999,""currency"":""USD""},""cut"":75}}",0.761712962962963,1,"[{""timestamp"":""2024-12-05T19:16:52+01:00"",""shop"":{""id"":61,""name"":""Steam""},""deal"":{""price"":{""amount"":7.49,""amountInt"":749,""currency"":""USD""},""regular"":{""amount"":29.99,""amountInt"":2999,""currency"":""USD""},""cut"":75}}]"
363890,RPG Maker MV,2023,2023-11-21,2023-11-28,UTC,2023-11-21T00:00:00Z,2023-11-29T00:00:00Z,data/raw/itad/363890.json,ok,,0,0,125,2,True,2,1,1,0,0,1,1,2023-11-21T18:34:00Z,2023-11-28T18:14:41Z,USD,11.99,79.99,85,True,A,60,2023-11-11T18:18:42+01:00,2023-11-11T17:18:42Z,61,Steam,object,79.99,7999,USD,79.99,7999,USD,0,full_price,,"{""timestamp"":""2023-11-11T18:18:42+01:00"",""shop"":{""id"":61,""name"":""Steam""},""deal"":{""price"":{""amount"":79.99,""amountInt"":7999,""currency"":""USD""},""regular"":{""amount"":79.99,""amountInt"":7999,""currency"":""USD""},""cut"":0}}",9.278680555555555,1,"[{""timestamp"":""2023-11-11T18:18:42+01:00"",""shop"":{""id"":61,""name"":""Steam""},""deal"":{""price"":{""amount"":79.99,""amountInt"":7999,""currency"":""USD""},""regular"":{""amount"":79.99,""amountInt"":7999,""currency"":""USD""},""cut"":0}}]",57,2023-12-18T19:18:33+01:00,2023-12-18T18:18:33Z,61,Steam,object,11.99,1199,USD,79.99,7999,USD,85,discount,,"{""timestamp"":""2023-12-18T19:18:33+01:00"",""shop"":{""id"":61,""name"":""Steam""},""deal"":{""price"":{""amount"":11.99,""amountInt"":1199,""currency"":""USD""},""regular"":{""amount"":79.99,""amountInt"":7999,""currency"":""USD""},""cut"":85}}",19.762881944444445,1,"[{""timestamp"":""2023-12-18T19:18:33+01:00"",""shop"":{""id"":61,""name"":""Steam""},""deal"":{""price"":{""amount"":11.99,""amountInt"":1199,""currency"":""USD""},""regular"":{""amount"":79.99,""amountInt"":7999,""currency"":""USD""},""cut"":85}}]"
363890,RPG Maker MV,2024,2024-11-27,2024-12-04,UTC,2024-11-27T00:00:00Z,2024-12-05T00:00:00Z,data/raw/itad/363890.json,ok,,0,0,125,2,True,2,1,1,0,0,1,1,2024-11-27T21:20:01Z,2024-12-04T18:24:07Z,USD,11.99,79.99,85,True,A,40,2024-11-09T18:18:44+01:00,2024-11-09T17:18:44Z,61,Steam,object,79.99,7999,USD,79.99,7999,USD,0,full_price,,"{""timestamp"":""2024-11-09T18:18:44+01:00"",""shop"":{""id"":61,""name"":""Steam""},""deal"":{""price"":{""amount"":79.99,""amountInt"":7999,""currency"":""USD""},""regular"":{""amount"":79.99,""amountInt"":7999,""currency"":""USD""},""cut"":0}}",17.278657407407408,1,"[{""timestamp"":""2024-11-09T18:18:44+01:00"",""shop"":{""id"":61,""name"":""Steam""},""deal"":{""price"":{""amount"":79.99,""amountInt"":7999,""currency"":""USD""},""regular"":{""amount"":79.99,""amountInt"":7999,""currency"":""USD""},""cut"":0}}]",37,2024-12-12T19:19:21+01:00,2024-12-12T18:19:21Z,61,Steam,object,11.99,1199,USD,79.99,7999,USD,85,discount,,"{""timestamp"":""2024-12-12T19:19:21+01:00"",""shop"":{""id"":61,""name"":""Steam""},""deal"":{""price"":{""amount"":11.99,""amountInt"":1199,""currency"":""USD""},""regular"":{""amount"":79.99,""amountInt"":7999,""currency"":""USD""},""cut"":85}}",7.7634375,1,"[{""timestamp"":""2024-12-12T19:19:21+01:00"",""shop"":{""id"":61,""name"":""Steam""},""deal"":{""price"":{""amount"":11.99,""amountInt"":1199,""currency"":""USD""},""regular"":{""amount"":79.99,""amountInt"":7999,""currency"":""USD""},""cut"":85}}]"
371450,Awe,2023,2023-11-21,2023-11-28,UTC,2023-11-21T00:00:00Z,2023-11-29T00:00:00Z,data/raw/itad/371450.json,ok,,0,0,17,0,False,0,0,0,0,0,0,0,,,,,,,False,D,0,2022-01-05T20:07:44+01:00,2022-01-05T19:07:44Z,61,Steam,object,0.99,99,USD,0.99,99,USD,0,full_price,,"{""timestamp"":""2022-01-05T20:07:44+01:00"",""shop"":{""id"":61,""name"":""Steam""},""deal"":{""price"":{""amount"":0.99,""amountInt"":99,""currency"":""USD""},""regular"":{""amount"":0.99,""amountInt"":99,""currency"":""USD""},""cut"":0}}",684.2029629629629,1,"[{""timestamp"":""2022-01-05T20:07:44+01:00"",""shop"":{""id"":61,""name"":""Steam""},""deal"":{""price"":{""amount"":0.99,""amountInt"":99,""currency"":""USD""},""regular"":{""amount"":0.99,""amountInt"":99,""currency"":""USD""},""cut"":0}}]",,,,,,,,,,,,,,,,,,0,
371450,Awe,2024,2024-11-27,2024-12-04,UTC,2024-11-27T00:00:00Z,2024-12-05T00:00:00Z,data/raw/itad/371450.json,ok,,0,0,17,0,False,0,0,0,0,0,0,0,,,,,,,False,D,0,2022-01-05T20:07:44+01:00,2022-01-05T19:07:44Z,61,Steam,object,0.99,99,USD,0.99,99,USD,0,full_price,,"{""timestamp"":""2022-01-05T20:07:44+01:00"",""shop"":{""id"":61,""name"":""Steam""},""deal"":{""price"":{""amount"":0.99,""amountInt"":99,""currency"":""USD""},""regular"":{""amount"":0.99,""amountInt"":99,""currency"":""USD""},""cut"":0}}",1056.202962962963,1,"[{""timestamp"":""2022-01-05T20:07:44+01:00"",""shop"":{""id"":61,""name"":""Steam""},""deal"":{""price"":{""amount"":0.99,""amountInt"":99,""currency"":""USD""},""regular"":{""amount"":0.99,""amountInt"":99,""currency"":""USD""},""cut"":0}}]",,,,,,,,,,,,,,,,,,0,
397310,Looterkings,2023,2023-11-21,2023-11-28,UTC,2023-11-21T00:00:00Z,2023-11-29T00:00:00Z,data/raw/itad/397310.json,ok,,0,0,123,2,True,2,1,1,0,0,1,1,2023-11-21T18:18:42Z,2023-11-28T18:14:59Z,USD,1.79,17.99,90,True,A,56,2023-11-15T18:18:40+01:00,2023-11-15T17:18:40Z,61,Steam,object,17.99,1799,USD,17.99,1799,USD,0,full_price,,"{""timestamp"":""2023-11-15T18:18:40+01:00"",""shop"":{""id"":61,""name"":""Steam""},""deal"":{""price"":{""amount"":17.99,""amountInt"":1799,""currency"":""USD""},""regular"":{""amount"":17.99,""amountInt"":1799,""currency"":""USD""},""cut"":0}}",5.2787037037037035,1,"[{""timestamp"":""2023-11-15T18:18:40+01:00"",""shop"":{""id"":61,""name"":""Steam""},""deal"":{""price"":{""amount"":17.99,""amountInt"":1799,""currency"":""USD""},""regular"":{""amount"":17.99,""amountInt"":1799,""currency"":""USD""},""cut"":0}}]",53,2023-12-22T01:40:00+01:00,2023-12-22T00:40:00Z,61,Steam,object,1.79,179,USD,17.99,1799,USD,90,discount,,"{""timestamp"":""2023-12-22T01:40:00+01:00"",""shop"":{""id"":61,""name"":""Steam""},""deal"":{""price"":{""amount"":1.79,""amountInt"":179,""currency"":""USD""},""regular"":{""amount"":17.99,""amountInt"":1799,""currency"":""USD""},""cut"":90}}",23.02777777777778,1,"[{""timestamp"":""2023-12-22T01:40:00+01:00"",""shop"":{""id"":61,""name"":""Steam""},""deal"":{""price"":{""amount"":1.79,""amountInt"":179,""currency"":""USD""},""regular"":{""amount"":17.99,""amountInt"":1799,""currency"":""USD""},""cut"":90}}]"
397310,Looterkings,2024,2024-11-27,2024-12-04,UTC,2024-11-27T00:00:00Z,2024-12-05T00:00:00Z,data/raw/itad/397310.json,ok,,0,0,123,1,True,1,1,0,0,0,1,0,2024-11-27T20:32:15Z,2024-11-27T20:32:15Z,USD,1.79,17.99,90,False,A,36,2024-10-27T18:15:17+01:00,2024-10-27T17:15:17Z,61,Steam,object,17.99,1799,USD,17.99,1799,USD,0,full_price,,"{""timestamp"":""2024-10-27T18:15:17+01:00"",""shop"":{""id"":61,""name"":""Steam""},""deal"":{""price"":{""amount"":17.99,""amountInt"":1799,""currency"":""USD""},""regular"":{""amount"":17.99,""amountInt"":1799,""currency"":""USD""},""cut"":0}}",30.28105324074074,1,"[{""timestamp"":""2024-10-27T18:15:17+01:00"",""shop"":{""id"":61,""name"":""Steam""},""deal"":{""price"":{""amount"":17.99,""amountInt"":1799,""currency"":""USD""},""regular"":{""amount"":17.99,""amountInt"":1799,""currency"":""USD""},""cut"":0}}]",34,2024-12-12T19:19:24+01:00,2024-12-12T18:19:24Z,61,Steam,object,17.99,1799,USD,17.99,1799,USD,0,full_price,,"{""timestamp"":""2024-12-12T19:19:24+01:00"",""shop"":{""id"":61,""name"":""Steam""},""deal"":{""price"":{""amount"":17.99,""amountInt"":1799,""currency"":""USD""},""regular"":{""amount"":17.99,""amountInt"":1799,""currency"":""USD""},""cut"":0}}",7.763472222222222,1,"[{""timestamp"":""2024-12-12T19:19:24+01:00"",""shop"":{""id"":61,""name"":""Steam""},""deal"":{""price"":{""amount"":17.99,""amountInt"":1799,""currency"":""USD""},""regular"":{""amount"":17.99,""amountInt"":1799,""currency"":""USD""},""cut"":0}}]"
418030,Subsistence,2023,2023-11-21,2023-11-28,UTC,2023-11-21T00:00:00Z,2023-11-29T00:00:00Z,data/raw/itad/418030.json,ok,,0,0,109,2,True,2,1,1,0,0,1,1,2023-11-21T18:19:02Z,2023-11-28T18:07:54Z,USD,11.19,13.99,20,True,A,69,2023-10-27T19:32:22+02:00,2023-10-27T17:32:22Z,61,Steam,object,13.99,1399,USD,13.99,1399,USD,0,full_price,,"{""timestamp"":""2023-10-27T19:32:22+02:00"",""shop"":{""id"":61,""name"":""Steam""},""deal"":{""price"":{""amount"":13.99,""amountInt"":1399,""currency"":""USD""},""regular"":{""amount"":13.99,""amountInt"":1399,""currency"":""USD""},""cut"":0}}",24.269189814814816,1,"[{""timestamp"":""2023-10-27T19:32:22+02:00"",""shop"":{""id"":61,""name"":""Steam""},""deal"":{""price"":{""amount"":13.99,""amountInt"":1399,""currency"":""USD""},""regular"":{""amount"":13.99,""amountInt"":1399,""currency"":""USD""},""cut"":0}}]",66,2023-12-21T19:25:42+01:00,2023-12-21T18:25:42Z,61,Steam,object,11.19,1119,USD,13.99,1399,USD,20,discount,,"{""timestamp"":""2023-12-21T19:25:42+01:00"",""shop"":{""id"":61,""name"":""Steam""},""deal"":{""price"":{""amount"":11.19,""amountInt"":1119,""currency"":""USD""},""regular"":{""amount"":13.99,""amountInt"":1399,""currency"":""USD""},""cut"":20}}",22.767847222222223,1,"[{""timestamp"":""2023-12-21T19:25:42+01:00"",""shop"":{""id"":61,""name"":""Steam""},""deal"":{""price"":{""amount"":11.19,""amountInt"":1119,""currency"":""USD""},""regular"":{""amount"":13.99,""amountInt"":1399,""currency"":""USD""},""cut"":20}}]"
418030,Subsistence,2024,2024-11-27,2024-12-04,UTC,2024-11-27T00:00:00Z,2024-12-05T00:00:00Z,data/raw/itad/418030.json,ok,,0,0,109,2,True,2,1,1,0,0,1,1,2024-11-27T20:20:58Z,2024-12-04T18:24:25Z,USD,10.49,13.99,25,True,A,47,2024-10-20T19:15:37+02:00,2024-10-20T17:15:37Z,61,Steam,object,13.99,1399,USD,13.99,1399,USD,0,full_price,,"{""timestamp"":""2024-10-20T19:15:37+02:00"",""shop"":{""id"":61,""name"":""Steam""},""deal"":{""price"":{""amount"":13.99,""amountInt"":1399,""currency"":""USD""},""regular"":{""amount"":13.99,""amountInt"":1399,""currency"":""USD""},""cut"":0}}",37.28082175925926,1,"[{""timestamp"":""2024-10-20T19:15:37+02:00"",""shop"":{""id"":61,""name"":""Steam""},""deal"":{""price"":{""amount"":13.99,""amountInt"":1399,""currency"":""USD""},""regular"":{""amount"":13.99,""amountInt"":1399,""currency"":""USD""},""cut"":0}}]",44,2024-12-19T22:41:26+01:00,2024-12-19T21:41:26Z,61,Steam,object,10.49,1049,USD,13.99,1399,USD,25,discount,,"{""timestamp"":""2024-12-19T22:41:26+01:00"",""shop"":{""id"":61,""name"":""Steam""},""deal"":{""price"":{""amount"":10.49,""amountInt"":1049,""currency"":""USD""},""regular"":{""amount"":13.99,""amountInt"":1399,""currency"":""USD""},""cut"":25}}",14.903773148148149,1,"[{""timestamp"":""2024-12-19T22:41:26+01:00"",""shop"":{""id"":61,""name"":""Steam""},""deal"":{""price"":{""amount"":10.49,""amountInt"":1049,""currency"":""USD""},""regular"":{""amount"":13.99,""amountInt"":1399,""currency"":""USD""},""cut"":25}}]"
445220,Avorion,2023,2023-11-21,2023-11-28,UTC,2023-11-21T00:00:00Z,2023-11-29T00:00:00Z,data/raw/itad/445220.json,ok,,0,0,55,2,True,2,1,1,0,0,1,1,2023-11-21T18:25:30Z,2023-11-28T18:21:21Z,USD,12.49,24.99,50,True,A,31,2023-11-15T19:15:29+01:00,2023-11-15T18:15:29Z,61,Steam,object,24.99,2499,USD,24.99,2499,USD,0,full_price,,"{""timestamp"":""2023-11-15T19:15:29+01:00"",""shop"":{""id"":61,""name"":""Steam""},""deal"":{""price"":{""amount"":24.99,""amountInt"":2499,""currency"":""USD""},""regular"":{""amount"":24.99,""amountInt"":2499,""currency"":""USD""},""cut"":0}}",5.239247685185185,1,"[{""timestamp"":""2023-11-15T19:15:29+01:00"",""shop"":{""id"":61,""name"":""Steam""},""deal"":{""price"":{""amount"":24.99,""amountInt"":2499,""currency"":""USD""},""regular"":{""amount"":24.99,""amountInt"":2499,""currency"":""USD""},""cut"":0}}]",28,2023-12-21T20:19:49+01:00,2023-12-21T19:19:49Z,61,Steam,object,12.49,1249,USD,24.99,2499,USD,50,discount,,"{""timestamp"":""2023-12-21T20:19:49+01:00"",""shop"":{""id"":61,""name"":""Steam""},""deal"":{""price"":{""amount"":12.49,""amountInt"":1249,""currency"":""USD""},""regular"":{""amount"":24.99,""amountInt"":2499,""currency"":""USD""},""cut"":50}}",22.805428240740742,1,"[{""timestamp"":""2023-12-21T20:19:49+01:00"",""shop"":{""id"":61,""name"":""Steam""},""deal"":{""price"":{""amount"":12.49,""amountInt"":1249,""currency"":""USD""},""regular"":{""amount"":24.99,""amountInt"":2499,""currency"":""USD""},""cut"":50}}]"
445220,Avorion,2024,2024-11-27,2024-12-04,UTC,2024-11-27T00:00:00Z,2024-12-05T00:00:00Z,data/raw/itad/445220.json,ok,,0,0,55,2,True,2,1,1,0,0,1,1,2024-11-27T18:52:50Z,2024-12-04T18:24:33Z,USD,12.49,24.99,50,True,A,19,2024-09-09T19:20:34+02:00,2024-09-09T17:20:34Z,61,Steam,object,24.99,2499,USD,24.99,2499,USD,0,full_price,,"{""timestamp"":""2024-09-09T19:20:34+02:00"",""shop"":{""id"":61,""name"":""Steam""},""deal"":{""price"":{""amount"":24.99,""amountInt"":2499,""currency"":""USD""},""regular"":{""amount"":24.99,""amountInt"":2499,""currency"":""USD""},""cut"":0}}",78.27738425925926,1,"[{""timestamp"":""2024-09-09T19:20:34+02:00"",""shop"":{""id"":61,""name"":""Steam""},""deal"":{""price"":{""amount"":24.99,""amountInt"":2499,""currency"":""USD""},""regular"":{""amount"":24.99,""amountInt"":2499,""currency"":""USD""},""cut"":0}}]",16,2024-12-19T22:27:22+01:00,2024-12-19T21:27:22Z,61,Steam,object,12.49,1249,USD,24.99,2499,USD,50,discount,,"{""timestamp"":""2024-12-19T22:27:22+01:00"",""shop"":{""id"":61,""name"":""Steam""},""deal"":{""price"":{""amount"":12.49,""amountInt"":1249,""currency"":""USD""},""regular"":{""amount"":24.99,""amountInt"":2499,""currency"":""USD""},""cut"":50}}",14.89400462962963,1,"[{""timestamp"":""2024-12-19T22:27:22+01:00"",""shop"":{""id"":61,""name"":""Steam""},""deal"":{""price"":{""amount"":12.49,""amountInt"":1249,""currency"":""USD""},""regular"":{""amount"":24.99,""amountInt"":2499,""currency"":""USD""},""cut"":50}}]"
449310,Spunk and Moxie,2023,2023-11-21,2023-11-28,UTC,2023-11-21T00:00:00Z,2023-11-29T00:00:00Z,data/raw/itad/449310.json,ok,,0,0,2,0,False,0,0,0,0,0,0,0,,,,,,,False,D,1,2021-01-01T01:00:00+01:00,2021-01-01T00:00:00Z,61,Steam,object,3.99,399,USD,3.99,399,USD,0,full_price,,"{""timestamp"":""2021-01-01T01:00:00+01:00"",""shop"":{""id"":61,""name"":""Steam""},""deal"":{""price"":{""amount"":3.99,""amountInt"":399,""currency"":""USD""},""regular"":{""amount"":3.99,""amountInt"":399,""currency"":""USD""},""cut"":0}}",1054.0,1,"[{""timestamp"":""2021-01-01T01:00:00+01:00"",""shop"":{""id"":61,""name"":""Steam""},""deal"":{""price"":{""amount"":3.99,""amountInt"":399,""currency"":""USD""},""regular"":{""amount"":3.99,""amountInt"":399,""currency"":""USD""},""cut"":0}}]",0,2024-05-28T18:45:26+02:00,2024-05-28T16:45:26Z,61,Steam,object,0.99,99,USD,0.99,99,USD,0,full_price,,"{""timestamp"":""2024-05-28T18:45:26+02:00"",""shop"":{""id"":61,""name"":""Steam""},""deal"":{""price"":{""amount"":0.99,""amountInt"":99,""currency"":""USD""},""regular"":{""amount"":0.99,""amountInt"":99,""currency"":""USD""},""cut"":0}}",181.69821759259258,1,"[{""timestamp"":""2024-05-28T18:45:26+02:00"",""shop"":{""id"":61,""name"":""Steam""},""deal"":{""price"":{""amount"":0.99,""amountInt"":99,""currency"":""USD""},""regular"":{""amount"":0.99,""amountInt"":99,""currency"":""USD""},""cut"":0}}]"
449310,Spunk and Moxie,2024,2024-11-27,2024-12-04,UTC,2024-11-27T00:00:00Z,2024-12-05T00:00:00Z,data/raw/itad/449310.json,ok,,0,0,2,0,False,0,0,0,0,0,0,0,,,,,,,False,D,0,2024-05-28T18:45:26+02:00,2024-05-28T16:45:26Z,61,Steam,object,0.99,99,USD,0.99,99,USD,0,full_price,,"{""timestamp"":""2024-05-28T18:45:26+02:00"",""shop"":{""id"":61,""name"":""Steam""},""deal"":{""price"":{""amount"":0.99,""amountInt"":99,""currency"":""USD""},""regular"":{""amount"":0.99,""amountInt"":99,""currency"":""USD""},""cut"":0}}",182.30178240740742,1,"[{""timestamp"":""2024-05-28T18:45:26+02:00"",""shop"":{""id"":61,""name"":""Steam""},""deal"":{""price"":{""amount"":0.99,""amountInt"":99,""currency"":""USD""},""regular"":{""amount"":0.99,""amountInt"":99,""currency"":""USD""},""cut"":0}}]",,,,,,,,,,,,,,,,,,0,
451950,EEP Train Simulator Mission,2023,2023-11-21,2023-11-28,UTC,2023-11-21T00:00:00Z,2023-11-29T00:00:00Z,data/raw/itad/451950.json,ok,,0,0,6,0,False,0,0,0,0,0,0,0,,,,,,,False,D,0,2023-07-13T19:19:23+02:00,2023-07-13T17:19:23Z,61,Steam,object,19.99,1999,USD,19.99,1999,USD,0,full_price,,"{""timestamp"":""2023-07-13T19:19:23+02:00"",""shop"":{""id"":61,""name"":""Steam""},""deal"":{""price"":{""amount"":19.99,""amountInt"":1999,""currency"":""USD""},""regular"":{""amount"":19.99,""amountInt"":1999,""currency"":""USD""},""cut"":0}}",130.27820601851852,1,"[{""timestamp"":""2023-07-13T19:19:23+02:00"",""shop"":{""id"":61,""name"":""Steam""},""deal"":{""price"":{""amount"":19.99,""amountInt"":1999,""currency"":""USD""},""regular"":{""amount"":19.99,""amountInt"":1999,""currency"":""USD""},""cut"":0}}]",,,,,,,,,,,,,,,,,,0,
451950,EEP Train Simulator Mission,2024,2024-11-27,2024-12-04,UTC,2024-11-27T00:00:00Z,2024-12-05T00:00:00Z,data/raw/itad/451950.json,ok,,0,0,6,0,False,0,0,0,0,0,0,0,,,,,,,False,D,0,2023-07-13T19:19:23+02:00,2023-07-13T17:19:23Z,61,Steam,object,19.99,1999,USD,19.99,1999,USD,0,full_price,,"{""timestamp"":""2023-07-13T19:19:23+02:00"",""shop"":{""id"":61,""name"":""Steam""},""deal"":{""price"":{""amount"":19.99,""amountInt"":1999,""currency"":""USD""},""regular"":{""amount"":19.99,""amountInt"":1999,""currency"":""USD""},""cut"":0}}",502.2782060185185,1,"[{""timestamp"":""2023-07-13T19:19:23+02:00"",""shop"":{""id"":61,""name"":""Steam""},""deal"":{""price"":{""amount"":19.99,""amountInt"":1999,""currency"":""USD""},""regular"":{""amount"":19.99,""amountInt"":1999,""currency"":""USD""},""cut"":0}}]",,,,,,,,,,,,,,,,,,0,
528950,Nekuia,2023,2023-11-21,2023-11-28,UTC,2023-11-21T00:00:00Z,2023-11-29T00:00:00Z,data/raw/itad/528950.json,ok,,0,0,115,2,True,2,1,1,0,0,1,1,2023-11-21T18:26:37Z,2023-11-28T18:22:22Z,USD,3.19,9.99,68,True,A,67,2023-10-30T18:44:30+01:00,2023-10-30T17:44:30Z,61,Steam,object,9.99,999,USD,9.99,999,USD,0,full_price,,"{""timestamp"":""2023-10-30T18:44:30+01:00"",""shop"":{""id"":61,""name"":""Steam""},""deal"":{""price"":{""amount"":9.99,""amountInt"":999,""currency"":""USD""},""regular"":{""amount"":9.99,""amountInt"":999,""currency"":""USD""},""cut"":0}}",21.26076388888889,1,"[{""timestamp"":""2023-10-30T18:44:30+01:00"",""shop"":{""id"":61,""name"":""Steam""},""deal"":{""price"":{""amount"":9.99,""amountInt"":999,""currency"":""USD""},""regular"":{""amount"":9.99,""amountInt"":999,""currency"":""USD""},""cut"":0}}]",64,2023-12-21T20:29:33+01:00,2023-12-21T19:29:33Z,61,Steam,object,2.49,249,USD,9.99,999,USD,75,discount,,"{""timestamp"":""2023-12-21T20:29:33+01:00"",""shop"":{""id"":61,""name"":""Steam""},""deal"":{""price"":{""amount"":2.49,""amountInt"":249,""currency"":""USD""},""regular"":{""amount"":9.99,""amountInt"":999,""currency"":""USD""},""cut"":75}}",22.8121875,1,"[{""timestamp"":""2023-12-21T20:29:33+01:00"",""shop"":{""id"":61,""name"":""Steam""},""deal"":{""price"":{""amount"":2.49,""amountInt"":249,""currency"":""USD""},""regular"":{""amount"":9.99,""amountInt"":999,""currency"":""USD""},""cut"":75}}]"
528950,Nekuia,2024,2024-11-27,2024-12-04,UTC,2024-11-27T00:00:00Z,2024-12-05T00:00:00Z,data/raw/itad/528950.json,ok,,0,0,115,2,True,2,1,1,0,0,1,1,2024-11-27T20:40:44Z,2024-12-04T18:29:37Z,USD,1.49,9.99,85,True,A,45,2024-11-04T18:18:57+01:00,2024-11-04T17:18:57Z,61,Steam,object,9.99,999,USD,9.99,999,USD,0,full_price,,"{""timestamp"":""2024-11-04T18:18:57+01:00"",""shop"":{""id"":61,""name"":""Steam""},""deal"":{""price"":{""amount"":9.99,""amountInt"":999,""currency"":""USD""},""regular"":{""amount"":9.99,""amountInt"":999,""currency"":""USD""},""cut"":0}}",22.278506944444445,1,"[{""timestamp"":""2024-11-04T18:18:57+01:00"",""shop"":{""id"":61,""name"":""Steam""},""deal"":{""price"":{""amount"":9.99,""amountInt"":999,""currency"":""USD""},""regular"":{""amount"":9.99,""amountInt"":999,""currency"":""USD""},""cut"":0}}]",42,2024-12-05T19:16:51+01:00,2024-12-05T18:16:51Z,61,Steam,object,1.49,149,USD,9.99,999,USD,85,discount,,"{""timestamp"":""2024-12-05T19:16:51+01:00"",""shop"":{""id"":61,""name"":""Steam""},""deal"":{""price"":{""amount"":1.49,""amountInt"":149,""currency"":""USD""},""regular"":{""amount"":9.99,""amountInt"":999,""currency"":""USD""},""cut"":85}}",0.7617013888888889,1,"[{""timestamp"":""2024-12-05T19:16:51+01:00"",""shop"":{""id"":61,""name"":""Steam""},""deal"":{""price"":{""amount"":1.49,""amountInt"":149,""currency"":""USD""},""regular"":{""amount"":9.99,""amountInt"":999,""currency"":""USD""},""cut"":85}}]"
536220,The Walking Dead: A New Frontier,2023,2023-11-21,2023-11-28,UTC,2023-11-21T00:00:00Z,2023-11-29T00:00:00Z,data/raw/itad/536220.json,ok,,0,0,82,2,True,2,1,1,0,0,1,1,2023-11-21T18:26:43Z,2023-11-28T18:40:01Z,USD,3.74,14.99,75,True,A,52,2023-11-03T18:18:32+01:00,2023-11-03T17:18:32Z,61,Steam,object,14.99,1499,USD,14.99,1499,USD,0,full_price,,"{""timestamp"":""2023-11-03T18:18:32+01:00"",""shop"":{""id"":61,""name"":""Steam""},""deal"":{""price"":{""amount"":14.99,""amountInt"":1499,""currency"":""USD""},""regular"":{""amount"":14.99,""amountInt"":1499,""currency"":""USD""},""cut"":0}}",17.278796296296296,1,"[{""timestamp"":""2023-11-03T18:18:32+01:00"",""shop"":{""id"":61,""name"":""Steam""},""deal"":{""price"":{""amount"":14.99,""amountInt"":1499,""currency"":""USD""},""regular"":{""amount"":14.99,""amountInt"":1499,""currency"":""USD""},""cut"":0}}]",49,2023-12-21T20:29:56+01:00,2023-12-21T19:29:56Z,61,Steam,object,3.74,374,USD,14.99,1499,USD,75,discount,,"{""timestamp"":""2023-12-21T20:29:56+01:00"",""shop"":{""id"":61,""name"":""Steam""},""deal"":{""price"":{""amount"":3.74,""amountInt"":374,""currency"":""USD""},""regular"":{""amount"":14.99,""amountInt"":1499,""currency"":""USD""},""cut"":75}}",22.812453703703703,1,"[{""timestamp"":""2023-12-21T20:29:56+01:00"",""shop"":{""id"":61,""name"":""Steam""},""deal"":{""price"":{""amount"":3.74,""amountInt"":374,""currency"":""USD""},""regular"":{""amount"":14.99,""amountInt"":1499,""currency"":""USD""},""cut"":75}}]"
536220,The Walking Dead: A New Frontier,2024,2024-11-27,2024-12-04,UTC,2024-11-27T00:00:00Z,2024-12-05T00:00:00Z,data/raw/itad/536220.json,ok,,0,0,82,2,True,2,1,1,0,0,1,1,2024-11-27T20:41:00Z,2024-12-04T18:29:41Z,USD,3.74,14.99,75,True,A,34,2024-11-04T18:19:03+01:00,2024-11-04T17:19:03Z,61,Steam,object,14.99,1499,USD,14.99,1499,USD,0,full_price,,"{""timestamp"":""2024-11-04T18:19:03+01:00"",""shop"":{""id"":61,""name"":""Steam""},""deal"":{""price"":{""amount"":14.99,""amountInt"":1499,""currency"":""USD""},""regular"":{""amount"":14.99,""amountInt"":1499,""currency"":""USD""},""cut"":0}}",22.2784375,1,"[{""timestamp"":""2024-11-04T18:19:03+01:00"",""shop"":{""id"":61,""name"":""Steam""},""deal"":{""price"":{""amount"":14.99,""amountInt"":1499,""currency"":""USD""},""regular"":{""amount"":14.99,""amountInt"":1499,""currency"":""USD""},""cut"":0}}]",31,2024-12-12T19:19:24+01:00,2024-12-12T18:19:24Z,61,Steam,object,3.74,374,USD,14.99,1499,USD,75,discount,,"{""timestamp"":""2024-12-12T19:19:24+01:00"",""shop"":{""id"":61,""name"":""Steam""},""deal"":{""price"":{""amount"":3.74,""amountInt"":374,""currency"":""USD""},""regular"":{""amount"":14.99,""amountInt"":1499,""currency"":""USD""},""cut"":75}}",7.763472222222222,1,"[{""timestamp"":""2024-12-12T19:19:24+01:00"",""shop"":{""id"":61,""name"":""Steam""},""deal"":{""price"":{""amount"":3.74,""amountInt"":374,""currency"":""USD""},""regular"":{""amount"":14.99,""amountInt"":1499,""currency"":""USD""},""cut"":75}}]"
582660,Black Desert,2023,2023-11-21,2023-11-28,UTC,2023-11-21T00:00:00Z,2023-11-29T00:00:00Z,data/raw/itad/582660.json,ok,,0,0,93,2,True,2,1,1,0,0,1,1,2023-11-21T18:28:29Z,2023-11-28T19:04:55Z,USD,0.99,9.99,90,True,A,42,2023-11-02T18:19:32+01:00,2023-11-02T17:19:32Z,61,Steam,object,9.99,999,USD,9.99,999,USD,0,full_price,,"{""timestamp"":""2023-11-02T18:19:32+01:00"",""shop"":{""id"":61,""name"":""Steam""},""deal"":{""price"":{""amount"":9.99,""amountInt"":999,""currency"":""USD""},""regular"":{""amount"":9.99,""amountInt"":999,""currency"":""USD""},""cut"":0}}",18.27810185185185,1,"[{""timestamp"":""2023-11-02T18:19:32+01:00"",""shop"":{""id"":61,""name"":""Steam""},""deal"":{""price"":{""amount"":9.99,""amountInt"":999,""currency"":""USD""},""regular"":{""amount"":9.99,""amountInt"":999,""currency"":""USD""},""cut"":0}}]",39,2023-12-14T19:20:01+01:00,2023-12-14T18:20:01Z,61,Steam,object,0.99,99,USD,9.99,999,USD,90,discount,,"{""timestamp"":""2023-12-14T19:20:01+01:00"",""shop"":{""id"":61,""name"":""Steam""},""deal"":{""price"":{""amount"":0.99,""amountInt"":99,""currency"":""USD""},""regular"":{""amount"":9.99,""amountInt"":999,""currency"":""USD""},""cut"":90}}",15.763900462962964,1,"[{""timestamp"":""2023-12-14T19:20:01+01:00"",""shop"":{""id"":61,""name"":""Steam""},""deal"":{""price"":{""amount"":0.99,""amountInt"":99,""currency"":""USD""},""regular"":{""amount"":9.99,""amountInt"":999,""currency"":""USD""},""cut"":90}}]"
582660,Black Desert,2024,2024-11-27,2024-12-04,UTC,2024-11-27T00:00:00Z,2024-12-05T00:00:00Z,data/raw/itad/582660.json,ok,,0,0,93,2,True,2,1,1,0,0,1,1,2024-11-27T21:02:15Z,2024-12-04T18:29:53Z,USD,0.99,9.99,90,True,A,28,2024-11-07T18:18:39+01:00,2024-11-07T17:18:39Z,61,Steam,object,9.99,999,USD,9.99,999,USD,0,full_price,,"{""timestamp"":""2024-11-07T18:18:39+01:00"",""shop"":{""id"":61,""name"":""Steam""},""deal"":{""price"":{""amount"":9.99,""amountInt"":999,""currency"":""USD""},""regular"":{""amount"":9.99,""amountInt"":999,""currency"":""USD""},""cut"":0}}",19.278715277777778,1,"[{""timestamp"":""2024-11-07T18:18:39+01:00"",""shop"":{""id"":61,""name"":""Steam""},""deal"":{""price"":{""amount"":9.99,""amountInt"":999,""currency"":""USD""},""regular"":{""amount"":9.99,""amountInt"":999,""currency"":""USD""},""cut"":0}}]",25,2024-12-19T21:39:37+01:00,2024-12-19T20:39:37Z,61,Steam,object,0,0,USD,0,0,USD,0,full_price,,"{""timestamp"":""2024-12-19T21:39:37+01:00"",""shop"":{""id"":61,""name"":""Steam""},""deal"":{""price"":{""amount"":0,""amountInt"":0,""currency"":""USD""},""regular"":{""amount"":0,""amountInt"":0,""currency"":""USD""},""cut"":0}}",14.860844907407408,1,"[{""timestamp"":""2024-12-19T21:39:37+01:00"",""shop"":{""id"":61,""name"":""Steam""},""deal"":{""price"":{""amount"":0,""amountInt"":0,""currency"":""USD""},""regular"":{""amount"":0,""amountInt"":0,""currency"":""USD""},""cut"":0}}]"
595140,Immortal Redneck,2023,2023-11-21,2023-11-28,UTC,2023-11-21T00:00:00Z,2023-11-29T00:00:00Z,data/raw/itad/595140.json,ok,,0,0,46,0,False,0,0,0,0,0,0,0,,,,,,,False,D,27,2023-07-13T20:36:49+02:00,2023-07-13T18:36:49Z,61,Steam,object,19.95,1995,USD,19.95,1995,USD,0,full_price,,"{""timestamp"":""2023-07-13T20:36:49+02:00"",""shop"":{""id"":61,""name"":""Steam""},""deal"":{""price"":{""amount"":19.95,""amountInt"":1995,""currency"":""USD""},""regular"":{""amount"":19.95,""amountInt"":1995,""currency"":""USD""},""cut"":0}}",130.22443287037038,1,"[{""timestamp"":""2023-07-13T20:36:49+02:00"",""shop"":{""id"":61,""name"":""Steam""},""deal"":{""price"":{""amount"":19.95,""amountInt"":1995,""currency"":""USD""},""regular"":{""amount"":19.95,""amountInt"":1995,""currency"":""USD""},""cut"":0}}]",26,2023-12-22T04:50:33+01:00,2023-12-22T03:50:33Z,61,Steam,object,7.98,798,USD,19.95,1995,USD,60,discount,,"{""timestamp"":""2023-12-22T04:50:33+01:00"",""shop"":{""id"":61,""name"":""Steam""},""deal"":{""price"":{""amount"":7.98,""amountInt"":798,""currency"":""USD""},""regular"":{""amount"":19.95,""amountInt"":1995,""currency"":""USD""},""cut"":60}}",23.160104166666667,1,"[{""timestamp"":""2023-12-22T04:50:33+01:00"",""shop"":{""id"":61,""name"":""Steam""},""deal"":{""price"":{""amount"":7.98,""amountInt"":798,""currency"":""USD""},""regular"":{""amount"":19.95,""amountInt"":1995,""currency"":""USD""},""cut"":60}}]"
595140,Immortal Redneck,2024,2024-11-27,2024-12-04,UTC,2024-11-27T00:00:00Z,2024-12-05T00:00:00Z,data/raw/itad/595140.json,ok,,0,0,46,2,True,2,1,1,0,0,1,1,2024-11-27T20:40:37Z,2024-12-04T18:29:56Z,USD,5.58,19.95,72,True,A,17,2024-11-03T19:15:13+01:00,2024-11-03T18:15:13Z,61,Steam,object,19.95,1995,USD,19.95,1995,USD,0,full_price,,"{""timestamp"":""2024-11-03T19:15:13+01:00"",""shop"":{""id"":61,""name"":""Steam""},""deal"":{""price"":{""amount"":19.95,""amountInt"":1995,""currency"":""USD""},""regular"":{""amount"":19.95,""amountInt"":1995,""currency"":""USD""},""cut"":0}}",23.239432870370372,1,"[{""timestamp"":""2024-11-03T19:15:13+01:00"",""shop"":{""id"":61,""name"":""Steam""},""deal"":{""price"":{""amount"":19.95,""amountInt"":1995,""currency"":""USD""},""regular"":{""amount"":19.95,""amountInt"":1995,""currency"":""USD""},""cut"":0}}]",14,2024-12-19T23:59:25+01:00,2024-12-19T22:59:25Z,61,Steam,object,9.97,997,USD,19.95,1995,USD,50,discount,,"{""timestamp"":""2024-12-19T23:59:25+01:00"",""shop"":{""id"":61,""name"":""Steam""},""deal"":{""price"":{""amount"":9.97,""amountInt"":997,""currency"":""USD""},""regular"":{""amount"":19.95,""amountInt"":1995,""currency"":""USD""},""cut"":50}}",14.95792824074074,1,"[{""timestamp"":""2024-12-19T23:59:25+01:00"",""shop"":{""id"":61,""name"":""Steam""},""deal"":{""price"":{""amount"":9.97,""amountInt"":997,""currency"":""USD""},""regular"":{""amount"":19.95,""amountInt"":1995,""currency"":""USD""},""cut"":50}}]"
603210,Valkyries,2023,2023-11-21,2023-11-28,UTC,2023-11-21T00:00:00Z,2023-11-29T00:00:00Z,data/raw/itad/603210.json,ok,,0,0,1,0,False,0,0,0,0,0,0,0,,,,,,,False,D,0,2021-01-01T01:00:00+01:00,2021-01-01T00:00:00Z,61,Steam,object,1.99,199,USD,1.99,199,USD,0,full_price,,"{""timestamp"":""2021-01-01T01:00:00+01:00"",""shop"":{""id"":61,""name"":""Steam""},""deal"":{""price"":{""amount"":1.99,""amountInt"":199,""currency"":""USD""},""regular"":{""amount"":1.99,""amountInt"":199,""currency"":""USD""},""cut"":0}}",1054.0,1,"[{""timestamp"":""2021-01-01T01:00:00+01:00"",""shop"":{""id"":61,""name"":""Steam""},""deal"":{""price"":{""amount"":1.99,""amountInt"":199,""currency"":""USD""},""regular"":{""amount"":1.99,""amountInt"":199,""currency"":""USD""},""cut"":0}}]",,,,,,,,,,,,,,,,,,0,
603210,Valkyries,2024,2024-11-27,2024-12-04,UTC,2024-11-27T00:00:00Z,2024-12-05T00:00:00Z,data/raw/itad/603210.json,ok,,0,0,1,0,False,0,0,0,0,0,0,0,,,,,,,False,D,0,2021-01-01T01:00:00+01:00,2021-01-01T00:00:00Z,61,Steam,object,1.99,199,USD,1.99,199,USD,0,full_price,,"{""timestamp"":""2021-01-01T01:00:00+01:00"",""shop"":{""id"":61,""name"":""Steam""},""deal"":{""price"":{""amount"":1.99,""amountInt"":199,""currency"":""USD""},""regular"":{""amount"":1.99,""amountInt"":199,""currency"":""USD""},""cut"":0}}",1426.0,1,"[{""timestamp"":""2021-01-01T01:00:00+01:00"",""shop"":{""id"":61,""name"":""Steam""},""deal"":{""price"":{""amount"":1.99,""amountInt"":199,""currency"":""USD""},""regular"":{""amount"":1.99,""amountInt"":199,""currency"":""USD""},""cut"":0}}]",,,,,,,,,,,,,,,,,,0,
646350,Tracon!2012:SE,2023,2023-11-21,2023-11-28,UTC,2023-11-21T00:00:00Z,2023-11-29T00:00:00Z,data/raw/itad/646350.json,ok,,0,0,32,0,False,0,0,0,0,0,0,0,,,,,,,False,D,0,2023-03-23T18:50:07+01:00,2023-03-23T17:50:07Z,61,Steam,object,34.99,3499,USD,34.99,3499,USD,0,full_price,,"{""timestamp"":""2023-03-23T18:50:07+01:00"",""shop"":{""id"":61,""name"":""Steam""},""deal"":{""price"":{""amount"":34.99,""amountInt"":3499,""currency"":""USD""},""regular"":{""amount"":34.99,""amountInt"":3499,""currency"":""USD""},""cut"":0}}",242.25686342592593,1,"[{""timestamp"":""2023-03-23T18:50:07+01:00"",""shop"":{""id"":61,""name"":""Steam""},""deal"":{""price"":{""amount"":34.99,""amountInt"":3499,""currency"":""USD""},""regular"":{""amount"":34.99,""amountInt"":3499,""currency"":""USD""},""cut"":0}}]",,,,,,,,,,,,,,,,,,0,
646350,Tracon!2012:SE,2024,2024-11-27,2024-12-04,UTC,2024-11-27T00:00:00Z,2024-12-05T00:00:00Z,data/raw/itad/646350.json,ok,,0,0,32,0,False,0,0,0,0,0,0,0,,,,,,,False,D,0,2023-03-23T18:50:07+01:00,2023-03-23T17:50:07Z,61,Steam,object,34.99,3499,USD,34.99,3499,USD,0,full_price,,"{""timestamp"":""2023-03-23T18:50:07+01:00"",""shop"":{""id"":61,""name"":""Steam""},""deal"":{""price"":{""amount"":34.99,""amountInt"":3499,""currency"":""USD""},""regular"":{""amount"":34.99,""amountInt"":3499,""currency"":""USD""},""cut"":0}}",614.2568634259259,1,"[{""timestamp"":""2023-03-23T18:50:07+01:00"",""shop"":{""id"":61,""name"":""Steam""},""deal"":{""price"":{""amount"":34.99,""amountInt"":3499,""currency"":""USD""},""regular"":{""amount"":34.99,""amountInt"":3499,""currency"":""USD""},""cut"":0}}]",,,,,,,,,,,,,,,,,,0,
666120,Dawn of the killer zombies,2023,2023-11-21,2023-11-28,UTC,2023-11-21T00:00:00Z,2023-11-29T00:00:00Z,data/raw/itad/666120.json,ok,,0,0,1,0,False,0,0,0,0,0,0,0,,,,,,,False,D,0,2021-01-01T01:00:00+01:00,2021-01-01T00:00:00Z,61,Steam,object,4.99,499,USD,4.99,499,USD,0,full_price,,"{""timestamp"":""2021-01-01T01:00:00+01:00"",""shop"":{""id"":61,""name"":""Steam""},""deal"":{""price"":{""amount"":4.99,""amountInt"":499,""currency"":""USD""},""regular"":{""amount"":4.99,""amountInt"":499,""currency"":""USD""},""cut"":0}}",1054.0,1,"[{""timestamp"":""2021-01-01T01:00:00+01:00"",""shop"":{""id"":61,""name"":""Steam""},""deal"":{""price"":{""amount"":4.99,""amountInt"":499,""currency"":""USD""},""regular"":{""amount"":4.99,""amountInt"":499,""currency"":""USD""},""cut"":0}}]",,,,,,,,,,,,,,,,,,0,
666120,Dawn of the killer zombies,2024,2024-11-27,2024-12-04,UTC,2024-11-27T00:00:00Z,2024-12-05T00:00:00Z,data/raw/itad/666120.json,ok,,0,0,1,0,False,0,0,0,0,0,0,0,,,,,,,False,D,0,2021-01-01T01:00:00+01:00,2021-01-01T00:00:00Z,61,Steam,object,4.99,499,USD,4.99,499,USD,0,full_price,,"{""timestamp"":""2021-01-01T01:00:00+01:00"",""shop"":{""id"":61,""name"":""Steam""},""deal"":{""price"":{""amount"":4.99,""amountInt"":499,""currency"":""USD""},""regular"":{""amount"":4.99,""amountInt"":499,""currency"":""USD""},""cut"":0}}",1426.0,1,"[{""timestamp"":""2021-01-01T01:00:00+01:00"",""shop"":{""id"":61,""name"":""Steam""},""deal"":{""price"":{""amount"":4.99,""amountInt"":499,""currency"":""USD""},""regular"":{""amount"":4.99,""amountInt"":499,""currency"":""USD""},""cut"":0}}]",,,,,,,,,,,,,,,,,,0,
700600,Evil Genius 2: World Domination,2023,2023-11-21,2023-11-28,UTC,2023-11-21T00:00:00Z,2023-11-29T00:00:00Z,data/raw/itad/700600.json,ok,,0,0,65,2,True,2,1,1,0,0,1,1,2023-11-21T19:25:31Z,2023-11-28T22:30:16Z,USD,23.99,39.99,40,True,A,31,2023-09-11T19:28:11+02:00,2023-09-11T17:28:11Z,61,Steam,object,39.99,3999,USD,39.99,3999,USD,0,full_price,,"{""timestamp"":""2023-09-11T19:28:11+02:00"",""shop"":{""id"":61,""name"":""Steam""},""deal"":{""price"":{""amount"":39.99,""amountInt"":3999,""currency"":""USD""},""regular"":{""amount"":39.99,""amountInt"":3999,""currency"":""USD""},""cut"":0}}",70.2720949074074,1,"[{""timestamp"":""2023-09-11T19:28:11+02:00"",""shop"":{""id"":61,""name"":""Steam""},""deal"":{""price"":{""amount"":39.99,""amountInt"":3999,""currency"":""USD""},""regular"":{""amount"":39.99,""amountInt"":3999,""currency"":""USD""},""cut"":0}}]",28,2023-12-21T20:46:55+01:00,2023-12-21T19:46:55Z,61,Steam,object,9.99,999,USD,39.99,3999,USD,75,discount,,"{""timestamp"":""2023-12-21T20:46:55+01:00"",""shop"":{""id"":61,""name"":""Steam""},""deal"":{""price"":{""amount"":9.99,""amountInt"":999,""currency"":""USD""},""regular"":{""amount"":39.99,""amountInt"":3999,""currency"":""USD""},""cut"":75}}",22.824247685185185,1,"[{""timestamp"":""2023-12-21T20:46:55+01:00"",""shop"":{""id"":61,""name"":""Steam""},""deal"":{""price"":{""amount"":9.99,""amountInt"":999,""currency"":""USD""},""regular"":{""amount"":39.99,""amountInt"":3999,""currency"":""USD""},""cut"":75}}]"
700600,Evil Genius 2: World Domination,2024,2024-11-27,2024-12-04,UTC,2024-11-27T00:00:00Z,2024-12-05T00:00:00Z,data/raw/itad/700600.json,ok,,0,0,65,2,True,2,1,1,0,0,1,1,2024-11-27T18:53:00Z,2024-12-04T18:30:24Z,USD,3.99,39.99,90,True,A,21,2024-09-12T19:18:48+02:00,2024-09-12T17:18:48Z,61,Steam,object,39.99,3999,USD,39.99,3999,USD,0,full_price,,"{""timestamp"":""2024-09-12T19:18:48+02:00"",""shop"":{""id"":61,""name"":""Steam""},""deal"":{""price"":{""amount"":39.99,""amountInt"":3999,""currency"":""USD""},""regular"":{""amount"":39.99,""amountInt"":3999,""currency"":""USD""},""cut"":0}}",75.2786111111111,1,"[{""timestamp"":""2024-09-12T19:18:48+02:00"",""shop"":{""id"":61,""name"":""Steam""},""deal"":{""price"":{""amount"":39.99,""amountInt"":3999,""currency"":""USD""},""regular"":{""amount"":39.99,""amountInt"":3999,""currency"":""USD""},""cut"":0}}]",18,2024-12-19T22:28:25+01:00,2024-12-19T21:28:25Z,61,Steam,object,3.99,399,USD,39.99,3999,USD,90,discount,,"{""timestamp"":""2024-12-19T22:28:25+01:00"",""shop"":{""id"":61,""name"":""Steam""},""deal"":{""price"":{""amount"":3.99,""amountInt"":399,""currency"":""USD""},""regular"":{""amount"":39.99,""amountInt"":3999,""currency"":""USD""},""cut"":90}}",14.894733796296297,1,"[{""timestamp"":""2024-12-19T22:28:25+01:00"",""shop"":{""id"":61,""name"":""Steam""},""deal"":{""price"":{""amount"":3.99,""amountInt"":399,""currency"":""USD""},""regular"":{""amount"":39.99,""amountInt"":3999,""currency"":""USD""},""cut"":90}}]"
708430,Kamikaze Cube,2023,2023-11-21,2023-11-28,UTC,2023-11-21T00:00:00Z,2023-11-29T00:00:00Z,data/raw/itad/708430.json,ok,,0,0,136,2,True,2,1,1,0,0,1,1,2023-11-21T22:59:09Z,2023-11-28T19:38:50Z,USD,0.49,0.99,51,True,A,69,2023-11-06T19:18:33+01:00,2023-11-06T18:18:33Z,61,Steam,object,0.99,99,USD,0.99,99,USD,0,full_price,,"{""timestamp"":""2023-11-06T19:18:33+01:00"",""shop"":{""id"":61,""name"":""Steam""},""deal"":{""price"":{""amount"":0.99,""amountInt"":99,""currency"":""USD""},""regular"":{""amount"":0.99,""amountInt"":99,""currency"":""USD""},""cut"":0}}",14.237118055555555,1,"[{""timestamp"":""2023-11-06T19:18:33+01:00"",""shop"":{""id"":61,""name"":""Steam""},""deal"":{""price"":{""amount"":0.99,""amountInt"":99,""currency"":""USD""},""regular"":{""amount"":0.99,""amountInt"":99,""currency"":""USD""},""cut"":0}}]",66,2023-12-21T20:47:25+01:00,2023-12-21T19:47:25Z,61,Steam,object,0.49,49,USD,0.99,99,USD,51,discount,,"{""timestamp"":""2023-12-21T20:47:25+01:00"",""shop"":{""id"":61,""name"":""Steam""},""deal"":{""price"":{""amount"":0.49,""amountInt"":49,""currency"":""USD""},""regular"":{""amount"":0.99,""amountInt"":99,""currency"":""USD""},""cut"":51}}",22.82459490740741,1,"[{""timestamp"":""2023-12-21T20:47:25+01:00"",""shop"":{""id"":61,""name"":""Steam""},""deal"":{""price"":{""amount"":0.49,""amountInt"":49,""currency"":""USD""},""regular"":{""amount"":0.99,""amountInt"":99,""currency"":""USD""},""cut"":51}}]"
708430,Kamikaze Cube,2024,2024-11-27,2024-12-04,UTC,2024-11-27T00:00:00Z,2024-12-05T00:00:00Z,data/raw/itad/708430.json,ok,,0,0,136,2,True,2,1,1,0,0,1,1,2024-11-27T21:28:44Z,2024-12-04T18:29:40Z,USD,0.49,0.99,51,True,A,45,2024-11-25T19:20:11+01:00,2024-11-25T18:20:11Z,61,Steam,object,0.99,99,USD,0.99,99,USD,0,full_price,,"{""timestamp"":""2024-11-25T19:20:11+01:00"",""shop"":{""id"":61,""name"":""Steam""},""deal"":{""price"":{""amount"":0.99,""amountInt"":99,""currency"":""USD""},""regular"":{""amount"":0.99,""amountInt"":99,""currency"":""USD""},""cut"":0}}",1.2359837962962963,1,"[{""timestamp"":""2024-11-25T19:20:11+01:00"",""shop"":{""id"":61,""name"":""Steam""},""deal"":{""price"":{""amount"":0.99,""amountInt"":99,""currency"":""USD""},""regular"":{""amount"":0.99,""amountInt"":99,""currency"":""USD""},""cut"":0}}]",42,2024-12-20T02:03:27+01:00,2024-12-20T01:03:27Z,61,Steam,object,0.49,49,USD,0.99,99,USD,51,discount,,"{""timestamp"":""2024-12-20T02:03:27+01:00"",""shop"":{""id"":61,""name"":""Steam""},""deal"":{""price"":{""amount"":0.49,""amountInt"":49,""currency"":""USD""},""regular"":{""amount"":0.99,""amountInt"":99,""currency"":""USD""},""cut"":51}}",15.0440625,1,"[{""timestamp"":""2024-12-20T02:03:27+01:00"",""shop"":{""id"":61,""name"":""Steam""},""deal"":{""price"":{""amount"":0.49,""amountInt"":49,""currency"":""USD""},""regular"":{""amount"":0.99,""amountInt"":99,""currency"":""USD""},""cut"":51}}]"
745880,Touhou Tenkuushou ~ Hidden Star in Four Seasons.,2023,2023-11-21,2023-11-28,UTC,2023-11-21T00:00:00Z,2023-11-29T00:00:00Z,data/raw/itad/745880.json,ok,,0,0,1,0,False,0,0,0,0,0,0,0,,,,,,,False,D,0,2021-01-01T01:00:00+01:00,2021-01-01T00:00:00Z,61,Steam,object,14.99,1499,USD,14.99,1499,USD,0,full_price,,"{""timestamp"":""2021-01-01T01:00:00+01:00"",""shop"":{""id"":61,""name"":""Steam""},""deal"":{""price"":{""amount"":14.99,""amountInt"":1499,""currency"":""USD""},""regular"":{""amount"":14.99,""amountInt"":1499,""currency"":""USD""},""cut"":0}}",1054.0,1,"[{""timestamp"":""2021-01-01T01:00:00+01:00"",""shop"":{""id"":61,""name"":""Steam""},""deal"":{""price"":{""amount"":14.99,""amountInt"":1499,""currency"":""USD""},""regular"":{""amount"":14.99,""amountInt"":1499,""currency"":""USD""},""cut"":0}}]",,,,,,,,,,,,,,,,,,0,
745880,Touhou Tenkuushou ~ Hidden Star in Four Seasons.,2024,2024-11-27,2024-12-04,UTC,2024-11-27T00:00:00Z,2024-12-05T00:00:00Z,data/raw/itad/745880.json,ok,,0,0,1,0,False,0,0,0,0,0,0,0,,,,,,,False,D,0,2021-01-01T01:00:00+01:00,2021-01-01T00:00:00Z,61,Steam,object,14.99,1499,USD,14.99,1499,USD,0,full_price,,"{""timestamp"":""2021-01-01T01:00:00+01:00"",""shop"":{""id"":61,""name"":""Steam""},""deal"":{""price"":{""amount"":14.99,""amountInt"":1499,""currency"":""USD""},""regular"":{""amount"":14.99,""amountInt"":1499,""currency"":""USD""},""cut"":0}}",1426.0,1,"[{""timestamp"":""2021-01-01T01:00:00+01:00"",""shop"":{""id"":61,""name"":""Steam""},""deal"":{""price"":{""amount"":14.99,""amountInt"":1499,""currency"":""USD""},""regular"":{""amount"":14.99,""amountInt"":1499,""currency"":""USD""},""cut"":0}}]",,,,,,,,,,,,,,,,,,0,
757320,Atomicrops,2023,2023-11-21,2023-11-28,UTC,2023-11-21T00:00:00Z,2023-11-29T00:00:00Z,data/raw/itad/757320.json,ok,,0,0,123,2,True,2,1,1,0,0,1,1,2023-11-21T23:16:10Z,2023-11-28T19:42:59Z,USD,3.74,14.99,75,True,A,67,2023-10-02T19:13:31+02:00,2023-10-02T17:13:31Z,61,Steam,object,14.99,1499,USD,14.99,1499,USD,0,full_price,,"{""timestamp"":""2023-10-02T19:13:31+02:00"",""shop"":{""id"":61,""name"":""Steam""},""deal"":{""price"":{""amount"":14.99,""amountInt"":1499,""currency"":""USD""},""regular"":{""amount"":14.99,""amountInt"":1499,""currency"":""USD""},""cut"":0}}",49.28228009259259,1,"[{""timestamp"":""2023-10-02T19:13:31+02:00"",""shop"":{""id"":61,""name"":""Steam""},""deal"":{""price"":{""amount"":14.99,""amountInt"":1499,""currency"":""USD""},""regular"":{""amount"":14.99,""amountInt"":1499,""currency"":""USD""},""cut"":0}}]",64,2023-12-01T19:03:32+01:00,2023-12-01T18:03:32Z,61,Steam,object,7.49,749,USD,14.99,1499,USD,50,discount,,"{""timestamp"":""2023-12-01T19:03:32+01:00"",""shop"":{""id"":61,""name"":""Steam""},""deal"":{""price"":{""amount"":7.49,""amountInt"":749,""currency"":""USD""},""regular"":{""amount"":14.99,""amountInt"":1499,""currency"":""USD""},""cut"":50}}",2.752453703703704,1,"[{""timestamp"":""2023-12-01T19:03:32+01:00"",""shop"":{""id"":61,""name"":""Steam""},""deal"":{""price"":{""amount"":7.49,""amountInt"":749,""currency"":""USD""},""regular"":{""amount"":14.99,""amountInt"":1499,""currency"":""USD""},""cut"":50}}]"
757320,Atomicrops,2024,2024-11-27,2024-12-04,UTC,2024-11-27T00:00:00Z,2024-12-05T00:00:00Z,data/raw/itad/757320.json,ok,,0,0,123,2,True,2,1,1,0,0,1,1,2024-11-27T20:33:54Z,2024-12-04T18:36:09Z,USD,3.74,14.99,75,True,A,43,2024-10-31T18:15:11+01:00,2024-10-31T17:15:11Z,61,Steam,object,14.99,1499,USD,14.99,1499,USD,0,full_price,,"{""timestamp"":""2024-10-31T18:15:11+01:00"",""shop"":{""id"":61,""name"":""Steam""},""deal"":{""price"":{""amount"":14.99,""amountInt"":1499,""currency"":""USD""},""regular"":{""amount"":14.99,""amountInt"":1499,""currency"":""USD""},""cut"":0}}",26.281122685185185,1,"[{""timestamp"":""2024-10-31T18:15:11+01:00"",""shop"":{""id"":61,""name"":""Steam""},""deal"":{""price"":{""amount"":14.99,""amountInt"":1499,""currency"":""USD""},""regular"":{""amount"":14.99,""amountInt"":1499,""currency"":""USD""},""cut"":0}}]",40,2024-12-05T19:16:57+01:00,2024-12-05T18:16:57Z,61,Steam,object,3.74,374,USD,14.99,1499,USD,75,discount,,"{""timestamp"":""2024-12-05T19:16:57+01:00"",""shop"":{""id"":61,""name"":""Steam""},""deal"":{""price"":{""amount"":3.74,""amountInt"":374,""currency"":""USD""},""regular"":{""amount"":14.99,""amountInt"":1499,""currency"":""USD""},""cut"":75}}",0.7617708333333333,1,"[{""timestamp"":""2024-12-05T19:16:57+01:00"",""shop"":{""id"":61,""name"":""Steam""},""deal"":{""price"":{""amount"":3.74,""amountInt"":374,""currency"":""USD""},""regular"":{""amount"":14.99,""amountInt"":1499,""currency"":""USD""},""cut"":75}}]"
791800,Mind Over Mushroom,2023,2023-11-21,2023-11-28,UTC,2023-11-21T00:00:00Z,2023-11-29T00:00:00Z,data/raw/itad/791800.json,ok,,0,0,39,0,False,0,0,0,0,0,0,0,,,,,,,False,D,21,2023-07-13T20:52:20+02:00,2023-07-13T18:52:20Z,61,Steam,object,14.99,1499,USD,14.99,1499,USD,0,full_price,,"{""timestamp"":""2023-07-13T20:52:20+02:00"",""shop"":{""id"":61,""name"":""Steam""},""deal"":{""price"":{""amount"":14.99,""amountInt"":1499,""currency"":""USD""},""regular"":{""amount"":14.99,""amountInt"":1499,""currency"":""USD""},""cut"":0}}",130.2136574074074,1,"[{""timestamp"":""2023-07-13T20:52:20+02:00"",""shop"":{""id"":61,""name"":""Steam""},""deal"":{""price"":{""amount"":14.99,""amountInt"":1499,""currency"":""USD""},""regular"":{""amount"":14.99,""amountInt"":1499,""currency"":""USD""},""cut"":0}}]",20,2023-12-21T20:54:29+01:00,2023-12-21T19:54:29Z,61,Steam,object,7.49,749,USD,14.99,1499,USD,50,discount,,"{""timestamp"":""2023-12-21T20:54:29+01:00"",""shop"":{""id"":61,""name"":""Steam""},""deal"":{""price"":{""amount"":7.49,""amountInt"":749,""currency"":""USD""},""regular"":{""amount"":14.99,""amountInt"":1499,""currency"":""USD""},""cut"":50}}",22.829502314814814,1,"[{""timestamp"":""2023-12-21T20:54:29+01:00"",""shop"":{""id"":61,""name"":""Steam""},""deal"":{""price"":{""amount"":7.49,""amountInt"":749,""currency"":""USD""},""regular"":{""amount"":14.99,""amountInt"":1499,""currency"":""USD""},""cut"":50}}]"
791800,Mind Over Mushroom,2024,2024-11-27,2024-12-04,UTC,2024-11-27T00:00:00Z,2024-12-05T00:00:00Z,data/raw/itad/791800.json,ok,,0,0,39,2,True,2,1,1,0,0,1,1,2024-11-27T18:48:43Z,2024-12-04T18:36:18Z,USD,7.49,14.99,50,True,A,15,2024-07-11T19:37:12+02:00,2024-07-11T17:37:12Z,61,Steam,object,14.99,1499,USD,14.99,1499,USD,0,full_price,,"{""timestamp"":""2024-07-11T19:37:12+02:00"",""shop"":{""id"":61,""name"":""Steam""},""deal"":{""price"":{""amount"":14.99,""amountInt"":1499,""currency"":""USD""},""regular"":{""amount"":14.99,""amountInt"":1499,""currency"":""USD""},""cut"":0}}",138.26583333333335,1,"[{""timestamp"":""2024-07-11T19:37:12+02:00"",""shop"":{""id"":61,""name"":""Steam""},""deal"":{""price"":{""amount"":14.99,""amountInt"":1499,""currency"":""USD""},""regular"":{""amount"":14.99,""amountInt"":1499,""currency"":""USD""},""cut"":0}}]",12,2024-12-20T02:30:34+01:00,2024-12-20T01:30:34Z,61,Steam,object,7.49,749,USD,14.99,1499,USD,50,discount,,"{""timestamp"":""2024-12-20T02:30:34+01:00"",""shop"":{""id"":61,""name"":""Steam""},""deal"":{""price"":{""amount"":7.49,""amountInt"":749,""currency"":""USD""},""regular"":{""amount"":14.99,""amountInt"":1499,""currency"":""USD""},""cut"":50}}",15.062893518518518,1,"[{""timestamp"":""2024-12-20T02:30:34+01:00"",""shop"":{""id"":61,""name"":""Steam""},""deal"":{""price"":{""amount"":7.49,""amountInt"":749,""currency"":""USD""},""regular"":{""amount"":14.99,""amountInt"":1499,""currency"":""USD""},""cut"":50}}]"
799600,Cosmoteer: Starship Architect & Commander,2023,2023-11-21,2023-11-28,UTC,2023-11-21T00:00:00Z,2023-11-29T00:00:00Z,data/raw/itad/799600.json,ok,,0,0,73,2,True,2,1,1,0,0,1,1,2023-11-21T19:34:33Z,2023-11-28T19:45:22Z,USD,15.99,19.99,20,True,A,59,2023-10-18T19:20:12+02:00,2023-10-18T17:20:12Z,61,Steam,object,19.99,1999,USD,19.99,1999,USD,0,full_price,,"{""timestamp"":""2023-10-18T19:20:12+02:00"",""shop"":{""id"":61,""name"":""Steam""},""deal"":{""price"":{""amount"":19.99,""amountInt"":1999,""currency"":""USD""},""regular"":{""amount"":19.99,""amountInt"":1999,""currency"":""USD""},""cut"":0}}",33.27763888888889,1,"[{""timestamp"":""2023-10-18T19:20:12+02:00"",""shop"":{""id"":61,""name"":""Steam""},""deal"":{""price"":{""amount"":19.99,""amountInt"":1999,""currency"":""USD""},""regular"":{""amount"":19.99,""amountInt"":1999,""currency"":""USD""},""cut"":0}}]",56,2023-12-02T19:19:01+01:00,2023-12-02T18:19:01Z,61,Steam,object,15.99,1599,USD,19.99,1999,USD,20,discount,,"{""timestamp"":""2023-12-02T19:19:01+01:00"",""shop"":{""id"":61,""name"":""Steam""},""deal"":{""price"":{""amount"":15.99,""amountInt"":1599,""currency"":""USD""},""regular"":{""amount"":19.99,""amountInt"":1999,""currency"":""USD""},""cut"":20}}",3.7632060185185185,1,"[{""timestamp"":""2023-12-02T19:19:01+01:00"",""shop"":{""id"":61,""name"":""Steam""},""deal"":{""price"":{""amount"":15.99,""amountInt"":1599,""currency"":""USD""},""regular"":{""amount"":19.99,""amountInt"":1999,""currency"":""USD""},""cut"":20}}]"
799600,Cosmoteer: Starship Architect & Commander,2024,2024-11-27,2024-12-04,UTC,2024-11-27T00:00:00Z,2024-12-05T00:00:00Z,data/raw/itad/799600.json,ok,,0,0,73,2,True,2,1,1,0,0,1,1,2024-11-27T21:20:39Z,2024-12-04T18:36:20Z,USD,15.99,19.99,20,True,A,37,2024-10-26T19:15:39+02:00,2024-10-26T17:15:39Z,61,Steam,object,19.99,1999,USD,19.99,1999,USD,0,full_price,,"{""timestamp"":""2024-10-26T19:15:39+02:00"",""shop"":{""id"":61,""name"":""Steam""},""deal"":{""price"":{""amount"":19.99,""amountInt"":1999,""currency"":""USD""},""regular"":{""amount"":19.99,""amountInt"":1999,""currency"":""USD""},""cut"":0}}",31.280798611111113,1,"[{""timestamp"":""2024-10-26T19:15:39+02:00"",""shop"":{""id"":61,""name"":""Steam""},""deal"":{""price"":{""amount"":19.99,""amountInt"":1999,""currency"":""USD""},""regular"":{""amount"":19.99,""amountInt"":1999,""currency"":""USD""},""cut"":0}}]",34,2024-12-06T19:18:34+01:00,2024-12-06T18:18:34Z,61,Steam,object,14.99,1499,USD,19.99,1999,USD,25,discount,,"{""timestamp"":""2024-12-06T19:18:34+01:00"",""shop"":{""id"":61,""name"":""Steam""},""deal"":{""price"":{""amount"":14.99,""amountInt"":1499,""currency"":""USD""},""regular"":{""amount"":19.99,""amountInt"":1999,""currency"":""USD""},""cut"":25}}",1.7628935185185186,1,"[{""timestamp"":""2024-12-06T19:18:34+01:00"",""shop"":{""id"":61,""name"":""Steam""},""deal"":{""price"":{""amount"":14.99,""amountInt"":1499,""currency"":""USD""},""regular"":{""amount"":19.99,""amountInt"":1999,""currency"":""USD""},""cut"":25}}]"
806140,Achievements printer,2023,2023-11-21,2023-11-28,UTC,2023-11-21T00:00:00Z,2023-11-29T00:00:00Z,data/raw/itad/806140.json,ok,,0,0,6,0,False,0,0,0,0,0,0,0,,,,,,,False,D,0,2021-02-15T19:22:48+01:00,2021-02-15T18:22:48Z,61,Steam,object,0.99,99,USD,0.99,99,USD,0,full_price,,"{""timestamp"":""2021-02-15T19:22:48+01:00"",""shop"":{""id"":61,""name"":""Steam""},""deal"":{""price"":{""amount"":0.99,""amountInt"":99,""currency"":""USD""},""regular"":{""amount"":0.99,""amountInt"":99,""currency"":""USD""},""cut"":0}}",1008.2341666666666,1,"[{""timestamp"":""2021-02-15T19:22:48+01:00"",""shop"":{""id"":61,""name"":""Steam""},""deal"":{""price"":{""amount"":0.99,""amountInt"":99,""currency"":""USD""},""regular"":{""amount"":0.99,""amountInt"":99,""currency"":""USD""},""cut"":0}}]",,,,,,,,,,,,,,,,,,0,
806140,Achievements printer,2024,2024-11-27,2024-12-04,UTC,2024-11-27T00:00:00Z,2024-12-05T00:00:00Z,data/raw/itad/806140.json,ok,,0,0,6,0,False,0,0,0,0,0,0,0,,,,,,,False,D,0,2021-02-15T19:22:48+01:00,2021-02-15T18:22:48Z,61,Steam,object,0.99,99,USD,0.99,99,USD,0,full_price,,"{""timestamp"":""2021-02-15T19:22:48+01:00"",""shop"":{""id"":61,""name"":""Steam""},""deal"":{""price"":{""amount"":0.99,""amountInt"":99,""currency"":""USD""},""regular"":{""amount"":0.99,""amountInt"":99,""currency"":""USD""},""cut"":0}}",1380.2341666666666,1,"[{""timestamp"":""2021-02-15T19:22:48+01:00"",""shop"":{""id"":61,""name"":""Steam""},""deal"":{""price"":{""amount"":0.99,""amountInt"":99,""currency"":""USD""},""regular"":{""amount"":0.99,""amountInt"":99,""currency"":""USD""},""cut"":0}}]",,,,,,,,,,,,,,,,,,0,
809230,Unity of Command II,2023,2023-11-21,2023-11-28,UTC,2023-11-21T00:00:00Z,2023-11-29T00:00:00Z,data/raw/itad/809230.json,ok,,0,0,119,2,True,2,1,1,0,0,1,1,2023-11-21T19:35:04Z,2023-11-28T19:45:55Z,USD,7.49,29.99,75,True,A,59,2023-10-30T18:36:11+01:00,2023-10-30T17:36:11Z,61,Steam,object,29.99,2999,USD,29.99,2999,USD,0,full_price,,"{""timestamp"":""2023-10-30T18:36:11+01:00"",""shop"":{""id"":61,""name"":""Steam""},""deal"":{""price"":{""amount"":29.99,""amountInt"":2999,""currency"":""USD""},""regular"":{""amount"":29.99,""amountInt"":2999,""currency"":""USD""},""cut"":0}}",21.26653935185185,1,"[{""timestamp"":""2023-10-30T18:36:11+01:00"",""shop"":{""id"":61,""name"":""Steam""},""deal"":{""price"":{""amount"":29.99,""amountInt"":2999,""currency"":""USD""},""regular"":{""amount"":29.99,""amountInt"":2999,""currency"":""USD""},""cut"":0}}]",56,2023-12-14T19:20:07+01:00,2023-12-14T18:20:07Z,61,Steam,object,7.49,749,USD,29.99,2999,USD,75,discount,,"{""timestamp"":""2023-12-14T19:20:07+01:00"",""shop"":{""id"":61,""name"":""Steam""},""deal"":{""price"":{""amount"":7.49,""amountInt"":749,""currency"":""USD""},""regular"":{""amount"":29.99,""amountInt"":2999,""currency"":""USD""},""cut"":75}}",15.763969907407407,1,"[{""timestamp"":""2023-12-14T19:20:07+01:00"",""shop"":{""id"":61,""name"":""Steam""},""deal"":{""price"":{""amount"":7.49,""amountInt"":749,""currency"":""USD""},""regular"":{""amount"":29.99,""amountInt"":2999,""currency"":""USD""},""cut"":75}}]"
809230,Unity of Command II,2024,2024-11-27,2024-12-04,UTC,2024-11-27T00:00:00Z,2024-12-05T00:00:00Z,data/raw/itad/809230.json,ok,,0,0,119,2,True,2,1,1,0,0,1,1,2024-11-27T20:40:48Z,2024-12-04T18:36:22Z,USD,5.99,29.99,80,True,A,39,2024-11-04T18:19:03+01:00,2024-11-04T17:19:03Z,61,Steam,object,29.99,2999,USD,29.99,2999,USD,0,full_price,,"{""timestamp"":""2024-11-04T18:19:03+01:00"",""shop"":{""id"":61,""name"":""Steam""},""deal"":{""price"":{""amount"":29.99,""amountInt"":2999,""currency"":""USD""},""regular"":{""amount"":29.99,""amountInt"":2999,""currency"":""USD""},""cut"":0}}",22.2784375,1,"[{""timestamp"":""2024-11-04T18:19:03+01:00"",""shop"":{""id"":61,""name"":""Steam""},""deal"":{""price"":{""amount"":29.99,""amountInt"":2999,""currency"":""USD""},""regular"":{""amount"":29.99,""amountInt"":2999,""currency"":""USD""},""cut"":0}}]",36,2024-12-19T22:41:09+01:00,2024-12-19T21:41:09Z,61,Steam,object,5.99,599,USD,29.99,2999,USD,80,discount,,"{""timestamp"":""2024-12-19T22:41:09+01:00"",""shop"":{""id"":61,""name"":""Steam""},""deal"":{""price"":{""amount"":5.99,""amountInt"":599,""currency"":""USD""},""regular"":{""amount"":29.99,""amountInt"":2999,""currency"":""USD""},""cut"":80}}",14.903576388888888,1,"[{""timestamp"":""2024-12-19T22:41:09+01:00"",""shop"":{""id"":61,""name"":""Steam""},""deal"":{""price"":{""amount"":5.99,""amountInt"":599,""currency"":""USD""},""regular"":{""amount"":29.99,""amountInt"":2999,""currency"":""USD""},""cut"":80}}]"
821720,20.000 Leagues Under The Sea - Captain Nemo,2023,2023-11-21,2023-11-28,UTC,2023-11-21T00:00:00Z,2023-11-29T00:00:00Z,data/raw/itad/821720.json,ok,,0,0,115,0,False,0,0,0,0,0,0,0,,,,,,,False,D,59,2023-08-14T19:13:10+02:00,2023-08-14T17:13:10Z,61,Steam,object,1.99,199,USD,1.99,199,USD,0,full_price,,"{""timestamp"":""2023-08-14T19:13:10+02:00"",""shop"":{""id"":61,""name"":""Steam""},""deal"":{""price"":{""amount"":1.99,""amountInt"":199,""currency"":""USD""},""regular"":{""amount"":1.99,""amountInt"":199,""currency"":""USD""},""cut"":0}}",98.28252314814814,1,"[{""timestamp"":""2023-08-14T19:13:10+02:00"",""shop"":{""id"":61,""name"":""Steam""},""deal"":{""price"":{""amount"":1.99,""amountInt"":199,""currency"":""USD""},""regular"":{""amount"":1.99,""amountInt"":199,""currency"":""USD""},""cut"":0}}]",58,2023-12-21T20:56:54+01:00,2023-12-21T19:56:54Z,61,Steam,object,0.99,99,USD,1.99,199,USD,50,discount,,"{""timestamp"":""2023-12-21T20:56:54+01:00"",""shop"":{""id"":61,""name"":""Steam""},""deal"":{""price"":{""amount"":0.99,""amountInt"":99,""currency"":""USD""},""regular"":{""amount"":1.99,""amountInt"":199,""currency"":""USD""},""cut"":50}}",22.831180555555555,1,"[{""timestamp"":""2023-12-21T20:56:54+01:00"",""shop"":{""id"":61,""name"":""Steam""},""deal"":{""price"":{""amount"":0.99,""amountInt"":99,""currency"":""USD""},""regular"":{""amount"":1.99,""amountInt"":199,""currency"":""USD""},""cut"":50}}]"
821720,20.000 Leagues Under The Sea - Captain Nemo,2024,2024-11-27,2024-12-04,UTC,2024-11-27T00:00:00Z,2024-12-05T00:00:00Z,data/raw/itad/821720.json,ok,,0,0,115,2,True,2,1,1,0,0,1,1,2024-11-27T21:10:58Z,2024-12-04T18:36:25Z,USD,0.97,1.99,51,True,A,43,2024-11-12T19:18:42+01:00,2024-11-12T18:18:42Z,61,Steam,object,1.99,199,USD,1.99,199,USD,0,full_price,,"{""timestamp"":""2024-11-12T19:18:42+01:00"",""shop"":{""id"":61,""name"":""Steam""},""deal"":{""price"":{""amount"":1.99,""amountInt"":199,""currency"":""USD""},""regular"":{""amount"":1.99,""amountInt"":199,""currency"":""USD""},""cut"":0}}",14.237013888888889,1,"[{""timestamp"":""2024-11-12T19:18:42+01:00"",""shop"":{""id"":61,""name"":""Steam""},""deal"":{""price"":{""amount"":1.99,""amountInt"":199,""currency"":""USD""},""regular"":{""amount"":1.99,""amountInt"":199,""currency"":""USD""},""cut"":0}}]",40,2024-12-20T02:15:45+01:00,2024-12-20T01:15:45Z,61,Steam,object,0.97,97,USD,1.99,199,USD,51,discount,,"{""timestamp"":""2024-12-20T02:15:45+01:00"",""shop"":{""id"":61,""name"":""Steam""},""deal"":{""price"":{""amount"":0.97,""amountInt"":97,""currency"":""USD""},""regular"":{""amount"":1.99,""amountInt"":199,""currency"":""USD""},""cut"":51}}",15.052604166666667,1,"[{""timestamp"":""2024-12-20T02:15:45+01:00"",""shop"":{""id"":61,""name"":""Steam""},""deal"":{""price"":{""amount"":0.97,""amountInt"":97,""currency"":""USD""},""regular"":{""amount"":1.99,""amountInt"":199,""currency"":""USD""},""cut"":51}}]"
826420,Dark Romance: Heart of the Beast Collector's Edition,2023,2023-11-21,2023-11-28,UTC,2023-11-21T00:00:00Z,2023-11-29T00:00:00Z,data/raw/itad/826420.json,ok,,0,0,48,2,True,2,1,1,0,0,1,1,2023-11-21T19:36:41Z,2023-11-28T19:46:53Z,USD,4.99,9.99,50,True,A,26,2023-07-13T20:54:19+02:00,2023-07-13T18:54:19Z,61,Steam,object,9.99,999,USD,9.99,999,USD,0,full_price,,"{""timestamp"":""2023-07-13T20:54:19+02:00"",""shop"":{""id"":61,""name"":""Steam""},""deal"":{""price"":{""amount"":9.99,""amountInt"":999,""currency"":""USD""},""regular"":{""amount"":9.99,""amountInt"":999,""currency"":""USD""},""cut"":0}}",130.21228009259258,1,"[{""timestamp"":""2023-07-13T20:54:19+02:00"",""shop"":{""id"":61,""name"":""Steam""},""deal"":{""price"":{""amount"":9.99,""amountInt"":999,""currency"":""USD""},""regular"":{""amount"":9.99,""amountInt"":999,""currency"":""USD""},""cut"":0}}]",23,2023-12-21T20:57:18+01:00,2023-12-21T19:57:18Z,61,Steam,object,4.99,499,USD,9.99,999,USD,50,discount,,"{""timestamp"":""2023-12-21T20:57:18+01:00"",""shop"":{""id"":61,""name"":""Steam""},""deal"":{""price"":{""amount"":4.99,""amountInt"":499,""currency"":""USD""},""regular"":{""amount"":9.99,""amountInt"":999,""currency"":""USD""},""cut"":50}}",22.831458333333334,1,"[{""timestamp"":""2023-12-21T20:57:18+01:00"",""shop"":{""id"":61,""name"":""Steam""},""deal"":{""price"":{""amount"":4.99,""amountInt"":499,""currency"":""USD""},""regular"":{""amount"":9.99,""amountInt"":999,""currency"":""USD""},""cut"":50}}]"
826420,Dark Romance: Heart of the Beast Collector's Edition,2024,2024-11-27,2024-12-04,UTC,2024-11-27T00:00:00Z,2024-12-05T00:00:00Z,data/raw/itad/826420.json,ok,,0,0,48,2,True,2,1,1,0,0,1,1,2024-11-27T21:35:58Z,2024-12-04T18:36:26Z,USD,3.99,9.99,60,True,A,20,2024-07-11T19:37:21+02:00,2024-07-11T17:37:21Z,61,Steam,object,9.99,999,USD,9.99,999,USD,0,full_price,,"{""timestamp"":""2024-07-11T19:37:21+02:00"",""shop"":{""id"":61,""name"":""Steam""},""deal"":{""price"":{""amount"":9.99,""amountInt"":999,""currency"":""USD""},""regular"":{""amount"":9.99,""amountInt"":999,""currency"":""USD""},""cut"":0}}",138.26572916666666,1,"[{""timestamp"":""2024-07-11T19:37:21+02:00"",""shop"":{""id"":61,""name"":""Steam""},""deal"":{""price"":{""amount"":9.99,""amountInt"":999,""currency"":""USD""},""regular"":{""amount"":9.99,""amountInt"":999,""currency"":""USD""},""cut"":0}}]",17,2024-12-20T02:48:30+01:00,2024-12-20T01:48:30Z,61,Steam,object,3.49,349,USD,9.99,999,USD,65,discount,,"{""timestamp"":""2024-12-20T02:48:30+01:00"",""shop"":{""id"":61,""name"":""Steam""},""deal"":{""price"":{""amount"":3.49,""amountInt"":349,""currency"":""USD""},""regular"":{""amount"":9.99,""amountInt"":999,""currency"":""USD""},""cut"":65}}",15.075347222222222,1,"[{""timestamp"":""2024-12-20T02:48:30+01:00"",""shop"":{""id"":61,""name"":""Steam""},""deal"":{""price"":{""amount"":3.49,""amountInt"":349,""currency"":""USD""},""regular"":{""amount"":9.99,""amountInt"":999,""currency"":""USD""},""cut"":65}}]"
829590,CryoFall,2023,2023-11-21,2023-11-28,UTC,2023-11-21T00:00:00Z,2023-11-29T00:00:00Z,data/raw/itad/829590.json,ok,,0,0,125,2,True,2,1,1,0,0,1,1,2023-11-21T19:36:53Z,2023-11-28T19:48:12Z,USD,3.99,19.99,80,True,A,61,2023-11-02T18:19:44+01:00,2023-11-02T17:19:44Z,61,Steam,object,19.99,1999,USD,19.99,1999,USD,0,full_price,,"{""timestamp"":""2023-11-02T18:19:44+01:00"",""shop"":{""id"":61,""name"":""Steam""},""deal"":{""price"":{""amount"":19.99,""amountInt"":1999,""currency"":""USD""},""regular"":{""amount"":19.99,""amountInt"":1999,""currency"":""USD""},""cut"":0}}",18.277962962962963,1,"[{""timestamp"":""2023-11-02T18:19:44+01:00"",""shop"":{""id"":61,""name"":""Steam""},""deal"":{""price"":{""amount"":19.99,""amountInt"":1999,""currency"":""USD""},""regular"":{""amount"":19.99,""amountInt"":1999,""currency"":""USD""},""cut"":0}}]",58,2023-12-07T19:21:04+01:00,2023-12-07T18:21:04Z,61,Steam,object,3.99,399,USD,19.99,1999,USD,80,discount,,"{""timestamp"":""2023-12-07T19:21:04+01:00"",""shop"":{""id"":61,""name"":""Steam""},""deal"":{""price"":{""amount"":3.99,""amountInt"":399,""currency"":""USD""},""regular"":{""amount"":19.99,""amountInt"":1999,""currency"":""USD""},""cut"":80}}",8.76462962962963,1,"[{""timestamp"":""2023-12-07T19:21:04+01:00"",""shop"":{""id"":61,""name"":""Steam""},""deal"":{""price"":{""amount"":3.99,""amountInt"":399,""currency"":""USD""},""regular"":{""amount"":19.99,""amountInt"":1999,""currency"":""USD""},""cut"":80}}]"
829590,CryoFall,2024,2024-11-27,2024-12-04,UTC,2024-11-27T00:00:00Z,2024-12-05T00:00:00Z,data/raw/itad/829590.json,ok,,0,0,125,1,True,1,1,0,0,0,1,0,2024-11-27T20:40:43Z,2024-11-27T20:40:43Z,USD,2.99,19.99,85,False,A,39,2024-11-04T18:18:57+01:00,2024-11-04T17:18:57Z,61,Steam,object,19.99,1999,USD,19.99,1999,USD,0,full_price,,"{""timestamp"":""2024-11-04T18:18:57+01:00"",""shop"":{""id"":61,""name"":""Steam""},""deal"":{""price"":{""amount"":19.99,""amountInt"":1999,""currency"":""USD""},""regular"":{""amount"":19.99,""amountInt"":1999,""currency"":""USD""},""cut"":0}}",22.278506944444445,1,"[{""timestamp"":""2024-11-04T18:18:57+01:00"",""shop"":{""id"":61,""name"":""Steam""},""deal"":{""price"":{""amount"":19.99,""amountInt"":1999,""currency"":""USD""},""regular"":{""amount"":19.99,""amountInt"":1999,""currency"":""USD""},""cut"":0}}]",37,2024-12-17T19:18:33+01:00,2024-12-17T18:18:33Z,61,Steam,object,19.99,1999,USD,19.99,1999,USD,0,full_price,,"{""timestamp"":""2024-12-17T19:18:33+01:00"",""shop"":{""id"":61,""name"":""Steam""},""deal"":{""price"":{""amount"":19.99,""amountInt"":1999,""currency"":""USD""},""regular"":{""amount"":19.99,""amountInt"":1999,""currency"":""USD""},""cut"":0}}",12.762881944444445,1,"[{""timestamp"":""2024-12-17T19:18:33+01:00"",""shop"":{""id"":61,""name"":""Steam""},""deal"":{""price"":{""amount"":19.99,""amountInt"":1999,""currency"":""USD""},""regular"":{""amount"":19.99,""amountInt"":1999,""currency"":""USD""},""cut"":0}}]"
887920,Maestro: Music from the Void Collector's Edition,2023,2023-11-21,2023-11-28,UTC,2023-11-21T00:00:00Z,2023-11-29T00:00:00Z,data/raw/itad/887920.json,ok,,0,0,47,2,True,2,1,1,0,0,1,1,2023-11-21T19:40:10Z,2023-11-28T19:51:27Z,USD,4.99,9.99,50,True,A,24,2023-07-13T20:59:24+02:00,2023-07-13T18:59:24Z,61,Steam,object,9.99,999,USD,9.99,999,USD,0,full_price,,"{""timestamp"":""2023-07-13T20:59:24+02:00"",""shop"":{""id"":61,""name"":""Steam""},""deal"":{""price"":{""amount"":9.99,""amountInt"":999,""currency"":""USD""},""regular"":{""amount"":9.99,""amountInt"":999,""currency"":""USD""},""cut"":0}}",130.20875,1,"[{""timestamp"":""2023-07-13T20:59:24+02:00"",""shop"":{""id"":61,""name"":""Steam""},""deal"":{""price"":{""amount"":9.99,""amountInt"":999,""currency"":""USD""},""regular"":{""amount"":9.99,""amountInt"":999,""currency"":""USD""},""cut"":0}}]",21,2023-12-21T21:03:43+01:00,2023-12-21T20:03:43Z,61,Steam,object,4.99,499,USD,9.99,999,USD,50,discount,,"{""timestamp"":""2023-12-21T21:03:43+01:00"",""shop"":{""id"":61,""name"":""Steam""},""deal"":{""price"":{""amount"":4.99,""amountInt"":499,""currency"":""USD""},""regular"":{""amount"":9.99,""amountInt"":999,""currency"":""USD""},""cut"":50}}",22.83591435185185,1,"[{""timestamp"":""2023-12-21T21:03:43+01:00"",""shop"":{""id"":61,""name"":""Steam""},""deal"":{""price"":{""amount"":4.99,""amountInt"":499,""currency"":""USD""},""regular"":{""amount"":9.99,""amountInt"":999,""currency"":""USD""},""cut"":50}}]"
887920,Maestro: Music from the Void Collector's Edition,2024,2024-11-27,2024-12-04,UTC,2024-11-27T00:00:00Z,2024-12-05T00:00:00Z,data/raw/itad/887920.json,ok,,0,0,47,2,True,2,1,1,0,0,1,1,2024-11-27T21:36:05Z,2024-12-04T18:36:41Z,USD,3.99,9.99,60,True,A,18,2024-07-11T19:36:39+02:00,2024-07-11T17:36:39Z,61,Steam,object,9.99,999,USD,9.99,999,USD,0,full_price,,"{""timestamp"":""2024-07-11T19:36:39+02:00"",""shop"":{""id"":61,""name"":""Steam""},""deal"":{""price"":{""amount"":9.99,""amountInt"":999,""currency"":""USD""},""regular"":{""amount"":9.99,""amountInt"":999,""currency"":""USD""},""cut"":0}}",138.26621527777777,1,"[{""timestamp"":""2024-07-11T19:36:39+02:00"",""shop"":{""id"":61,""name"":""Steam""},""deal"":{""price"":{""amount"":9.99,""amountInt"":999,""currency"":""USD""},""regular"":{""amount"":9.99,""amountInt"":999,""currency"":""USD""},""cut"":0}}]",15,2024-12-20T03:03:43+01:00,2024-12-20T02:03:43Z,61,Steam,object,3.49,349,USD,9.99,999,USD,65,discount,,"{""timestamp"":""2024-12-20T03:03:43+01:00"",""shop"":{""id"":61,""name"":""Steam""},""deal"":{""price"":{""amount"":3.49,""amountInt"":349,""currency"":""USD""},""regular"":{""amount"":9.99,""amountInt"":999,""currency"":""USD""},""cut"":65}}",15.085914351851851,1,"[{""timestamp"":""2024-12-20T03:03:43+01:00"",""shop"":{""id"":61,""name"":""Steam""},""deal"":{""price"":{""amount"":3.49,""amountInt"":349,""currency"":""USD""},""regular"":{""amount"":9.99,""amountInt"":999,""currency"":""USD""},""cut"":65}}]"
965590,Sagrada,2023,2023-11-21,2023-11-28,UTC,2023-11-21T00:00:00Z,2023-11-29T00:00:00Z,data/raw/itad/965590.json,ok,,0,0,73,0,False,0,0,0,0,0,0,0,,,,,,,False,D,58,2023-06-12T19:28:00+02:00,2023-06-12T17:28:00Z,61,Steam,object,9.99,999,USD,9.99,999,USD,0,full_price,,"{""timestamp"":""2023-06-12T19:28:00+02:00"",""shop"":{""id"":61,""name"":""Steam""},""deal"":{""price"":{""amount"":9.99,""amountInt"":999,""currency"":""USD""},""regular"":{""amount"":9.99,""amountInt"":999,""currency"":""USD""},""cut"":0}}",161.2722222222222,1,"[{""timestamp"":""2023-06-12T19:28:00+02:00"",""shop"":{""id"":61,""name"":""Steam""},""deal"":{""price"":{""amount"":9.99,""amountInt"":999,""currency"":""USD""},""regular"":{""amount"":9.99,""amountInt"":999,""currency"":""USD""},""cut"":0}}]",57,2023-12-21T21:10:40+01:00,2023-12-21T20:10:40Z,61,Steam,object,4.99,499,USD,9.99,999,USD,50,discount,,"{""timestamp"":""2023-12-21T21:10:40+01:00"",""shop"":{""id"":61,""name"":""Steam""},""deal"":{""price"":{""amount"":4.99,""amountInt"":499,""currency"":""USD""},""regular"":{""amount"":9.99,""amountInt"":999,""currency"":""USD""},""cut"":50}}",22.840740740740742,1,"[{""timestamp"":""2023-12-21T21:10:40+01:00"",""shop"":{""id"":61,""name"":""Steam""},""deal"":{""price"":{""amount"":4.99,""amountInt"":499,""currency"":""USD""},""regular"":{""amount"":9.99,""amountInt"":999,""currency"":""USD""},""cut"":50}}]"
965590,Sagrada,2024,2024-11-27,2024-12-04,UTC,2024-11-27T00:00:00Z,2024-12-05T00:00:00Z,data/raw/itad/965590.json,ok,,0,0,73,2,True,2,1,1,0,0,1,1,2024-11-27T21:02:09Z,2024-12-04T18:42:15Z,USD,3.99,9.99,60,True,A,42,2024-11-07T18:18:38+01:00,2024-11-07T17:18:38Z,61,Steam,object,9.99,999,USD,9.99,999,USD,0,full_price,,"{""timestamp"":""2024-11-07T18:18:38+01:00"",""shop"":{""id"":61,""name"":""Steam""},""deal"":{""price"":{""amount"":9.99,""amountInt"":999,""currency"":""USD""},""regular"":{""amount"":9.99,""amountInt"":999,""currency"":""USD""},""cut"":0}}",19.27872685185185,1,"[{""timestamp"":""2024-11-07T18:18:38+01:00"",""shop"":{""id"":61,""name"":""Steam""},""deal"":{""price"":{""amount"":9.99,""amountInt"":999,""currency"":""USD""},""regular"":{""amount"":9.99,""amountInt"":999,""currency"":""USD""},""cut"":0}}]",39,2024-12-07T19:18:26+01:00,2024-12-07T18:18:26Z,61,Steam,object,3.99,399,USD,9.99,999,USD,60,discount,,"{""timestamp"":""2024-12-07T19:18:26+01:00"",""shop"":{""id"":61,""name"":""Steam""},""deal"":{""price"":{""amount"":3.99,""amountInt"":399,""currency"":""USD""},""regular"":{""amount"":9.99,""amountInt"":999,""currency"":""USD""},""cut"":60}}",2.762800925925926,1,"[{""timestamp"":""2024-12-07T19:18:26+01:00"",""shop"":{""id"":61,""name"":""Steam""},""deal"":{""price"":{""amount"":3.99,""amountInt"":399,""currency"":""USD""},""regular"":{""amount"":9.99,""amountInt"":999,""currency"":""USD""},""cut"":60}}]"
966000,Detective Sherlock Pug - Hidden Object. Relaxing games,2023,2023-11-21,2023-11-28,UTC,2023-11-21T00:00:00Z,2023-11-29T00:00:00Z,data/raw/itad/966000.json,ok,,0,0,3,0,False,0,0,0,0,0,0,0,,,,,,,False,D,0,2021-02-08T19:21:20+01:00,2021-02-08T18:21:20Z,61,Steam,object,1.99,199,USD,1.99,199,USD,0,full_price,,"{""timestamp"":""2021-02-08T19:21:20+01:00"",""shop"":{""id"":61,""name"":""Steam""},""deal"":{""price"":{""amount"":1.99,""amountInt"":199,""currency"":""USD""},""regular"":{""amount"":1.99,""amountInt"":199,""currency"":""USD""},""cut"":0}}",1015.2351851851852,1,"[{""timestamp"":""2021-02-08T19:21:20+01:00"",""shop"":{""id"":61,""name"":""Steam""},""deal"":{""price"":{""amount"":1.99,""amountInt"":199,""currency"":""USD""},""regular"":{""amount"":1.99,""amountInt"":199,""currency"":""USD""},""cut"":0}}]",,,,,,,,,,,,,,,,,,0,
966000,Detective Sherlock Pug - Hidden Object. Relaxing games,2024,2024-11-27,2024-12-04,UTC,2024-11-27T00:00:00Z,2024-12-05T00:00:00Z,data/raw/itad/966000.json,ok,,0,0,3,0,False,0,0,0,0,0,0,0,,,,,,,False,D,0,2021-02-08T19:21:20+01:00,2021-02-08T18:21:20Z,61,Steam,object,1.99,199,USD,1.99,199,USD,0,full_price,,"{""timestamp"":""2021-02-08T19:21:20+01:00"",""shop"":{""id"":61,""name"":""Steam""},""deal"":{""price"":{""amount"":1.99,""amountInt"":199,""currency"":""USD""},""regular"":{""amount"":1.99,""amountInt"":199,""currency"":""USD""},""cut"":0}}",1387.2351851851852,1,"[{""timestamp"":""2021-02-08T19:21:20+01:00"",""shop"":{""id"":61,""name"":""Steam""},""deal"":{""price"":{""amount"":1.99,""amountInt"":199,""currency"":""USD""},""regular"":{""amount"":1.99,""amountInt"":199,""currency"":""USD""},""cut"":0}}]",,,,,,,,,,,,,,,,,,0,
1005530,Club Soccer Director PRO 2020,2023,2023-11-21,2023-11-28,UTC,2023-11-21T00:00:00Z,2023-11-29T00:00:00Z,data/raw/itad/1005530.json,ok,,0,0,1,0,False,0,0,0,0,0,0,0,,,,,,,False,D,0,2021-01-01T01:00:00+01:00,2021-01-01T00:00:00Z,61,Steam,object,24.99,2499,USD,24.99,2499,USD,0,full_price,,"{""timestamp"":""2021-01-01T01:00:00+01:00"",""shop"":{""id"":61,""name"":""Steam""},""deal"":{""price"":{""amount"":24.99,""amountInt"":2499,""currency"":""USD""},""regular"":{""amount"":24.99,""amountInt"":2499,""currency"":""USD""},""cut"":0}}",1054.0,1,"[{""timestamp"":""2021-01-01T01:00:00+01:00"",""shop"":{""id"":61,""name"":""Steam""},""deal"":{""price"":{""amount"":24.99,""amountInt"":2499,""currency"":""USD""},""regular"":{""amount"":24.99,""amountInt"":2499,""currency"":""USD""},""cut"":0}}]",,,,,,,,,,,,,,,,,,0,
1005530,Club Soccer Director PRO 2020,2024,2024-11-27,2024-12-04,UTC,2024-11-27T00:00:00Z,2024-12-05T00:00:00Z,data/raw/itad/1005530.json,ok,,0,0,1,0,False,0,0,0,0,0,0,0,,,,,,,False,D,0,2021-01-01T01:00:00+01:00,2021-01-01T00:00:00Z,61,Steam,object,24.99,2499,USD,24.99,2499,USD,0,full_price,,"{""timestamp"":""2021-01-01T01:00:00+01:00"",""shop"":{""id"":61,""name"":""Steam""},""deal"":{""price"":{""amount"":24.99,""amountInt"":2499,""currency"":""USD""},""regular"":{""amount"":24.99,""amountInt"":2499,""currency"":""USD""},""cut"":0}}",1426.0,1,"[{""timestamp"":""2021-01-01T01:00:00+01:00"",""shop"":{""id"":61,""name"":""Steam""},""deal"":{""price"":{""amount"":24.99,""amountInt"":2499,""currency"":""USD""},""regular"":{""amount"":24.99,""amountInt"":2499,""currency"":""USD""},""cut"":0}}]",,,,,,,,,,,,,,,,,,0,
1023370,Hentai Super Girl,2023,2023-11-21,2023-11-28,UTC,2023-11-21T00:00:00Z,2023-11-29T00:00:00Z,data/raw/itad/1023370.json,ok,,0,0,1,0,False,0,0,0,0,0,0,0,,,,,,,False,D,0,2021-01-01T01:00:00+01:00,2021-01-01T00:00:00Z,61,Steam,object,0.99,99,USD,0.99,99,USD,0,full_price,,"{""timestamp"":""2021-01-01T01:00:00+01:00"",""shop"":{""id"":61,""name"":""Steam""},""deal"":{""price"":{""amount"":0.99,""amountInt"":99,""currency"":""USD""},""regular"":{""amount"":0.99,""amountInt"":99,""currency"":""USD""},""cut"":0}}",1054.0,1,"[{""timestamp"":""2021-01-01T01:00:00+01:00"",""shop"":{""id"":61,""name"":""Steam""},""deal"":{""price"":{""amount"":0.99,""amountInt"":99,""currency"":""USD""},""regular"":{""amount"":0.99,""amountInt"":99,""currency"":""USD""},""cut"":0}}]",,,,,,,,,,,,,,,,,,0,
1023370,Hentai Super Girl,2024,2024-11-27,2024-12-04,UTC,2024-11-27T00:00:00Z,2024-12-05T00:00:00Z,data/raw/itad/1023370.json,ok,,0,0,1,0,False,0,0,0,0,0,0,0,,,,,,,False,D,0,2021-01-01T01:00:00+01:00,2021-01-01T00:00:00Z,61,Steam,object,0.99,99,USD,0.99,99,USD,0,full_price,,"{""timestamp"":""2021-01-01T01:00:00+01:00"",""shop"":{""id"":61,""name"":""Steam""},""deal"":{""price"":{""amount"":0.99,""amountInt"":99,""currency"":""USD""},""regular"":{""amount"":0.99,""amountInt"":99,""currency"":""USD""},""cut"":0}}",1426.0,1,"[{""timestamp"":""2021-01-01T01:00:00+01:00"",""shop"":{""id"":61,""name"":""Steam""},""deal"":{""price"":{""amount"":0.99,""amountInt"":99,""currency"":""USD""},""regular"":{""amount"":0.99,""amountInt"":99,""currency"":""USD""},""cut"":0}}]",,,,,,,,,,,,,,,,,,0,
1063730,New World: Aeternum,2023,2023-11-21,2023-11-28,UTC,2023-11-21T00:00:00Z,2023-11-29T00:00:00Z,data/raw/itad/1063730.json,ok,,0,0,11,0,False,0,0,0,0,0,0,0,,,,,,,False,D,9,2022-04-07T19:20:13+02:00,2022-04-07T17:20:13Z,61,Steam,object,0,0,USD,0,0,USD,0,full_price,,"{""timestamp"":""2022-04-07T19:20:13+02:00"",""shop"":{""id"":61,""name"":""Steam""},""deal"":{""price"":{""amount"":0,""amountInt"":0,""currency"":""USD""},""regular"":{""amount"":0,""amountInt"":0,""currency"":""USD""},""cut"":0}}",592.2776273148148,1,"[{""timestamp"":""2022-04-07T19:20:13+02:00"",""shop"":{""id"":61,""name"":""Steam""},""deal"":{""price"":{""amount"":0,""amountInt"":0,""currency"":""USD""},""regular"":{""amount"":0,""amountInt"":0,""currency"":""USD""},""cut"":0}}]",8,2024-10-15T05:48:05+02:00,2024-10-15T03:48:05Z,61,Steam,object,59.99,5999,USD,59.99,5999,USD,0,full_price,,"{""timestamp"":""2024-10-15T05:48:05+02:00"",""shop"":{""id"":61,""name"":""Steam""},""deal"":{""price"":{""amount"":59.99,""amountInt"":5999,""currency"":""USD""},""regular"":{""amount"":59.99,""amountInt"":5999,""currency"":""USD""},""cut"":0}}",321.15839120370373,1,"[{""timestamp"":""2024-10-15T05:48:05+02:00"",""shop"":{""id"":61,""name"":""Steam""},""deal"":{""price"":{""amount"":59.99,""amountInt"":5999,""currency"":""USD""},""regular"":{""amount"":59.99,""amountInt"":5999,""currency"":""USD""},""cut"":0}}]"
1063730,New World: Aeternum,2024,2024-11-27,2024-12-04,UTC,2024-11-27T00:00:00Z,2024-12-05T00:00:00Z,data/raw/itad/1063730.json,ok,,0,0,11,0,False,0,0,0,0,0,0,0,,,,,,,False,D,8,2024-10-15T05:48:05+02:00,2024-10-15T03:48:05Z,61,Steam,object,59.99,5999,USD,59.99,5999,USD,0,full_price,,"{""timestamp"":""2024-10-15T05:48:05+02:00"",""shop"":{""id"":61,""name"":""Steam""},""deal"":{""price"":{""amount"":59.99,""amountInt"":5999,""currency"":""USD""},""regular"":{""amount"":59.99,""amountInt"":5999,""currency"":""USD""},""cut"":0}}",42.8416087962963,1,"[{""timestamp"":""2024-10-15T05:48:05+02:00"",""shop"":{""id"":61,""name"":""Steam""},""deal"":{""price"":{""amount"":59.99,""amountInt"":5999,""currency"":""USD""},""regular"":{""amount"":59.99,""amountInt"":5999,""currency"":""USD""},""cut"":0}}]",7,2024-12-19T21:30:20+01:00,2024-12-19T20:30:20Z,61,Steam,object,41.99,4199,USD,59.99,5999,USD,30,discount,,"{""timestamp"":""2024-12-19T21:30:20+01:00"",""shop"":{""id"":61,""name"":""Steam""},""deal"":{""price"":{""amount"":41.99,""amountInt"":4199,""currency"":""USD""},""regular"":{""amount"":59.99,""amountInt"":5999,""currency"":""USD""},""cut"":30}}",14.854398148148148,1,"[{""timestamp"":""2024-12-19T21:30:20+01:00"",""shop"":{""id"":61,""name"":""Steam""},""deal"":{""price"":{""amount"":41.99,""amountInt"":4199,""currency"":""USD""},""regular"":{""amount"":59.99,""amountInt"":5999,""currency"":""USD""},""cut"":30}}]"
1083210,符文女孩/Rune Girl,2023,2023-11-21,2023-11-28,UTC,2023-11-21T00:00:00Z,2023-11-29T00:00:00Z,data/raw/itad/1083210.json,ok,,0,0,124,2,True,2,1,1,0,0,1,1,2023-11-21T19:58:41Z,2023-11-28T20:06:43Z,USD,0.49,0.99,51,True,A,67,2023-10-16T19:31:42+02:00,2023-10-16T17:31:42Z,61,Steam,object,0.99,99,USD,0.99,99,USD,0,full_price,,"{""timestamp"":""2023-10-16T19:31:42+02:00"",""shop"":{""id"":61,""name"":""Steam""},""deal"":{""price"":{""amount"":0.99,""amountInt"":99,""currency"":""USD""},""regular"":{""amount"":0.99,""amountInt"":99,""currency"":""USD""},""cut"":0}}",35.26965277777778,1,"[{""timestamp"":""2023-10-16T19:31:42+02:00"",""shop"":{""id"":61,""name"":""Steam""},""deal"":{""price"":{""amount"":0.99,""amountInt"":99,""currency"":""USD""},""regular"":{""amount"":0.99,""amountInt"":99,""currency"":""USD""},""cut"":0}}]",64,2023-12-11T19:07:47+01:00,2023-12-11T18:07:47Z,61,Steam,object,0.49,49,USD,0.99,99,USD,51,discount,,"{""timestamp"":""2023-12-11T19:07:47+01:00"",""shop"":{""id"":61,""name"":""Steam""},""deal"":{""price"":{""amount"":0.49,""amountInt"":49,""currency"":""USD""},""regular"":{""amount"":0.99,""amountInt"":99,""currency"":""USD""},""cut"":51}}",12.755405092592593,1,"[{""timestamp"":""2023-12-11T19:07:47+01:00"",""shop"":{""id"":61,""name"":""Steam""},""deal"":{""price"":{""amount"":0.49,""amountInt"":49,""currency"":""USD""},""regular"":{""amount"":0.99,""amountInt"":99,""currency"":""USD""},""cut"":51}}]"
1083210,符文女孩/Rune Girl,2024,2024-11-27,2024-12-04,UTC,2024-11-27T00:00:00Z,2024-12-05T00:00:00Z,data/raw/itad/1083210.json,ok,,0,0,124,2,True,2,1,1,0,0,1,1,2024-11-27T21:19:58Z,2024-12-04T18:42:31Z,USD,0.49,0.99,51,True,A,43,2024-11-20T19:16:02+01:00,2024-11-20T18:16:02Z,61,Steam,object,0.99,99,USD,0.99,99,USD,0,full_price,,"{""timestamp"":""2024-11-20T19:16:02+01:00"",""shop"":{""id"":61,""name"":""Steam""},""deal"":{""price"":{""amount"":0.99,""amountInt"":99,""currency"":""USD""},""regular"":{""amount"":0.99,""amountInt"":99,""currency"":""USD""},""cut"":0}}",6.23886574074074,1,"[{""timestamp"":""2024-11-20T19:16:02+01:00"",""shop"":{""id"":61,""name"":""Steam""},""deal"":{""price"":{""amount"":0.99,""amountInt"":99,""currency"":""USD""},""regular"":{""amount"":0.99,""amountInt"":99,""currency"":""USD""},""cut"":0}}]",40,2024-12-19T22:27:29+01:00,2024-12-19T21:27:29Z,61,Steam,object,0.49,49,USD,0.99,99,USD,51,discount,,"{""timestamp"":""2024-12-19T22:27:29+01:00"",""shop"":{""id"":61,""name"":""Steam""},""deal"":{""price"":{""amount"":0.49,""amountInt"":49,""currency"":""USD""},""regular"":{""amount"":0.99,""amountInt"":99,""currency"":""USD""},""cut"":51}}",14.894085648148149,1,"[{""timestamp"":""2024-12-19T22:27:29+01:00"",""shop"":{""id"":61,""name"":""Steam""},""deal"":{""price"":{""amount"":0.49,""amountInt"":49,""currency"":""USD""},""regular"":{""amount"":0.99,""amountInt"":99,""currency"":""USD""},""cut"":51}}]"
1090250,Crunch Element,2023,2023-11-21,2023-11-28,UTC,2023-11-21T00:00:00Z,2023-11-29T00:00:00Z,data/raw/itad/1090250.json,ok,,0,0,48,2,True,2,1,1,0,0,0,2,2023-11-28T17:38:12Z,2023-11-28T22:40:00Z,USD,13.39,19.99,33,True,A,16,2023-07-13T21:19:51+02:00,2023-07-13T19:19:51Z,61,Steam,object,19.99,1999,USD,19.99,1999,USD,0,full_price,,"{""timestamp"":""2023-07-13T21:19:51+02:00"",""shop"":{""id"":61,""name"":""Steam""},""deal"":{""price"":{""amount"":19.99,""amountInt"":1999,""currency"":""USD""},""regular"":{""amount"":19.99,""amountInt"":1999,""currency"":""USD""},""cut"":0}}",130.19454861111112,1,"[{""timestamp"":""2023-07-13T21:19:51+02:00"",""shop"":{""id"":61,""name"":""Steam""},""deal"":{""price"":{""amount"":19.99,""amountInt"":1999,""currency"":""USD""},""regular"":{""amount"":19.99,""amountInt"":1999,""currency"":""USD""},""cut"":0}}]",13,2023-12-04T19:50:41+01:00,2023-12-04T18:50:41Z,61,Steam,object,13.39,1339,USD,19.99,1999,USD,33,discount,,"{""timestamp"":""2023-12-04T19:50:41+01:00"",""shop"":{""id"":61,""name"":""Steam""},""deal"":{""price"":{""amount"":13.39,""amountInt"":1339,""currency"":""USD""},""regular"":{""amount"":19.99,""amountInt"":1999,""currency"":""USD""},""cut"":33}}",5.785196759259259,1,"[{""timestamp"":""2023-12-04T19:50:41+01:00"",""shop"":{""id"":61,""name"":""Steam""},""deal"":{""price"":{""amount"":13.39,""amountInt"":1339,""currency"":""USD""},""regular"":{""amount"":19.99,""amountInt"":1999,""currency"":""USD""},""cut"":33}}]"
1090250,Crunch Element,2024,2024-11-27,2024-12-04,UTC,2024-11-27T00:00:00Z,2024-12-05T00:00:00Z,data/raw/itad/1090250.json,ok,,0,0,48,0,False,0,0,0,0,0,0,0,,,,,,,False,D,12,2023-12-11T19:44:15+01:00,2023-12-11T18:44:15Z,61,Steam,object,19.99,1999,USD,19.99,1999,USD,0,full_price,,"{""timestamp"":""2023-12-11T19:44:15+01:00"",""shop"":{""id"":61,""name"":""Steam""},""deal"":{""price"":{""amount"":19.99,""amountInt"":1999,""currency"":""USD""},""regular"":{""amount"":19.99,""amountInt"":1999,""currency"":""USD""},""cut"":0}}",351.2192708333333,1,"[{""timestamp"":""2023-12-11T19:44:15+01:00"",""shop"":{""id"":61,""name"":""Steam""},""deal"":{""price"":{""amount"":19.99,""amountInt"":1999,""currency"":""USD""},""regular"":{""amount"":19.99,""amountInt"":1999,""currency"":""USD""},""cut"":0}}]",11,2025-03-13T19:04:12+01:00,2025-03-13T18:04:12Z,61,Steam,object,15.99,1599,USD,19.99,1999,USD,20,discount,,"{""timestamp"":""2025-03-13T19:04:12+01:00"",""shop"":{""id"":61,""name"":""Steam""},""deal"":{""price"":{""amount"":15.99,""amountInt"":1599,""currency"":""USD""},""regular"":{""amount"":19.99,""amountInt"":1999,""currency"":""USD""},""cut"":20}}",98.75291666666666,1,"[{""timestamp"":""2025-03-13T19:04:12+01:00"",""shop"":{""id"":61,""name"":""Steam""},""deal"":{""price"":{""amount"":15.99,""amountInt"":1599,""currency"":""USD""},""regular"":{""amount"":19.99,""amountInt"":1999,""currency"":""USD""},""cut"":20}}]"
1097370,Paladin Lias,2023,2023-11-21,2023-11-28,UTC,2023-11-21T00:00:00Z,2023-11-29T00:00:00Z,data/raw/itad/1097370.json,ok,,0,0,8,0,False,0,0,0,0,0,0,0,,,,,,,False,D,0,2021-03-08T19:21:32+01:00,2021-03-08T18:21:32Z,61,Steam,object,5.99,599,USD,5.99,599,USD,0,full_price,,"{""timestamp"":""2021-03-08T19:21:32+01:00"",""shop"":{""id"":61,""name"":""Steam""},""deal"":{""price"":{""amount"":5.99,""amountInt"":599,""currency"":""USD""},""regular"":{""amount"":5.99,""amountInt"":599,""currency"":""USD""},""cut"":0}}",987.2350462962963,1,"[{""timestamp"":""2021-03-08T19:21:32+01:00"",""shop"":{""id"":61,""name"":""Steam""},""deal"":{""price"":{""amount"":5.99,""amountInt"":599,""currency"":""USD""},""regular"":{""amount"":5.99,""amountInt"":599,""currency"":""USD""},""cut"":0}}]",,,,,,,,,,,,,,,,,,0,
1097370,Paladin Lias,2024,2024-11-27,2024-12-04,UTC,2024-11-27T00:00:00Z,2024-12-05T00:00:00Z,data/raw/itad/1097370.json,ok,,0,0,8,0,False,0,0,0,0,0,0,0,,,,,,,False,D,0,2021-03-08T19:21:32+01:00,2021-03-08T18:21:32Z,61,Steam,object,5.99,599,USD,5.99,599,USD,0,full_price,,"{""timestamp"":""2021-03-08T19:21:32+01:00"",""shop"":{""id"":61,""name"":""Steam""},""deal"":{""price"":{""amount"":5.99,""amountInt"":599,""currency"":""USD""},""regular"":{""amount"":5.99,""amountInt"":599,""currency"":""USD""},""cut"":0}}",1359.2350462962963,1,"[{""timestamp"":""2021-03-08T19:21:32+01:00"",""shop"":{""id"":61,""name"":""Steam""},""deal"":{""price"":{""amount"":5.99,""amountInt"":599,""currency"":""USD""},""regular"":{""amount"":5.99,""amountInt"":599,""currency"":""USD""},""cut"":0}}]",,,,,,,,,,,,,,,,,,0,
1141280,Super Space Slayer 2,2023,2023-11-21,2023-11-28,UTC,2023-11-21T00:00:00Z,2023-11-29T00:00:00Z,data/raw/itad/1141280.json,ok,,0,0,1,0,False,0,0,0,0,0,0,0,,,,,,,False,D,0,2021-01-01T01:00:00+01:00,2021-01-01T00:00:00Z,61,Steam,object,2.99,299,USD,2.99,299,USD,0,full_price,,"{""timestamp"":""2021-01-01T01:00:00+01:00"",""shop"":{""id"":61,""name"":""Steam""},""deal"":{""price"":{""amount"":2.99,""amountInt"":299,""currency"":""USD""},""regular"":{""amount"":2.99,""amountInt"":299,""currency"":""USD""},""cut"":0}}",1054.0,1,"[{""timestamp"":""2021-01-01T01:00:00+01:00"",""shop"":{""id"":61,""name"":""Steam""},""deal"":{""price"":{""amount"":2.99,""amountInt"":299,""currency"":""USD""},""regular"":{""amount"":2.99,""amountInt"":299,""currency"":""USD""},""cut"":0}}]",,,,,,,,,,,,,,,,,,0,
1141280,Super Space Slayer 2,2024,2024-11-27,2024-12-04,UTC,2024-11-27T00:00:00Z,2024-12-05T00:00:00Z,data/raw/itad/1141280.json,ok,,0,0,1,0,False,0,0,0,0,0,0,0,,,,,,,False,D,0,2021-01-01T01:00:00+01:00,2021-01-01T00:00:00Z,61,Steam,object,2.99,299,USD,2.99,299,USD,0,full_price,,"{""timestamp"":""2021-01-01T01:00:00+01:00"",""shop"":{""id"":61,""name"":""Steam""},""deal"":{""price"":{""amount"":2.99,""amountInt"":299,""currency"":""USD""},""regular"":{""amount"":2.99,""amountInt"":299,""currency"":""USD""},""cut"":0}}",1426.0,1,"[{""timestamp"":""2021-01-01T01:00:00+01:00"",""shop"":{""id"":61,""name"":""Steam""},""deal"":{""price"":{""amount"":2.99,""amountInt"":299,""currency"":""USD""},""regular"":{""amount"":2.99,""amountInt"":299,""currency"":""USD""},""cut"":0}}]",,,,,,,,,,,,,,,,,,0,
1158850,The Great Ace Attorney Chronicles,2023,2023-11-21,2023-11-28,UTC,2023-11-21T00:00:00Z,2023-11-29T00:00:00Z,data/raw/itad/1158850.json,ok,,0,0,86,1,True,1,0,1,0,0,0,1,2023-11-28T20:12:20Z,2023-11-28T20:12:20Z,USD,39.99,39.99,0,False,B,52,2023-11-07T19:21:01+01:00,2023-11-07T18:21:01Z,61,Steam,object,15.99,1599,USD,39.99,3999,USD,60,discount,,"{""timestamp"":""2023-11-07T19:21:01+01:00"",""shop"":{""id"":61,""name"":""Steam""},""deal"":{""price"":{""amount"":15.99,""amountInt"":1599,""currency"":""USD""},""regular"":{""amount"":39.99,""amountInt"":3999,""currency"":""USD""},""cut"":60}}",13.235405092592593,1,"[{""timestamp"":""2023-11-07T19:21:01+01:00"",""shop"":{""id"":61,""name"":""Steam""},""deal"":{""price"":{""amount"":15.99,""amountInt"":1599,""currency"":""USD""},""regular"":{""amount"":39.99,""amountInt"":3999,""currency"":""USD""},""cut"":60}}]",50,2023-12-21T21:29:24+01:00,2023-12-21T20:29:24Z,61,Steam,object,15.99,1599,USD,39.99,3999,USD,60,discount,,"{""timestamp"":""2023-12-21T21:29:24+01:00"",""shop"":{""id"":61,""name"":""Steam""},""deal"":{""price"":{""amount"":15.99,""amountInt"":1599,""currency"":""USD""},""regular"":{""amount"":39.99,""amountInt"":3999,""currency"":""USD""},""cut"":60}}",22.85375,1,"[{""timestamp"":""2023-12-21T21:29:24+01:00"",""shop"":{""id"":61,""name"":""Steam""},""deal"":{""price"":{""amount"":15.99,""amountInt"":1599,""currency"":""USD""},""regular"":{""amount"":39.99,""amountInt"":3999,""currency"":""USD""},""cut"":60}}]"
1158850,The Great Ace Attorney Chronicles,2024,2024-11-27,2024-12-04,UTC,2024-11-27T00:00:00Z,2024-12-05T00:00:00Z,data/raw/itad/1158850.json,ok,,0,0,86,2,True,2,1,1,0,0,1,1,2024-11-27T21:20:27Z,2024-12-04T18:48:22Z,USD,15.99,39.99,60,True,A,35,2024-11-21T19:16:02+01:00,2024-11-21T18:16:02Z,61,Steam,object,39.99,3999,USD,39.99,3999,USD,0,full_price,,"{""timestamp"":""2024-11-21T19:16:02+01:00"",""shop"":{""id"":61,""name"":""Steam""},""deal"":{""price"":{""amount"":39.99,""amountInt"":3999,""currency"":""USD""},""regular"":{""amount"":39.99,""amountInt"":3999,""currency"":""USD""},""cut"":0}}",5.23886574074074,1,"[{""timestamp"":""2024-11-21T19:16:02+01:00"",""shop"":{""id"":61,""name"":""Steam""},""deal"":{""price"":{""amount"":39.99,""amountInt"":3999,""currency"":""USD""},""regular"":{""amount"":39.99,""amountInt"":3999,""currency"":""USD""},""cut"":0}}]",32,2024-12-20T00:02:31+01:00,2024-12-19T23:02:31Z,61,Steam,object,15.99,1599,USD,39.99,3999,USD,60,discount,,"{""timestamp"":""2024-12-20T00:02:31+01:00"",""shop"":{""id"":61,""name"":""Steam""},""deal"":{""price"":{""amount"":15.99,""amountInt"":1599,""currency"":""USD""},""regular"":{""amount"":39.99,""amountInt"":3999,""currency"":""USD""},""cut"":60}}",14.960081018518519,1,"[{""timestamp"":""2024-12-20T00:02:31+01:00"",""shop"":{""id"":61,""name"":""Steam""},""deal"":{""price"":{""amount"":15.99,""amountInt"":1599,""currency"":""USD""},""regular"":{""amount"":39.99,""amountInt"":3999,""currency"":""USD""},""cut"":60}}]"
1200900,Crypto: Against All Odds - Tower Defense,2023,2023-11-21,2023-11-28,UTC,2023-11-21T00:00:00Z,2023-11-29T00:00:00Z,data/raw/itad/1200900.json,ok,,0,0,2,0,False,0,0,0,0,0,0,0,,,,,,,False,D,0,2021-03-09T19:21:11+01:00,2021-03-09T18:21:11Z,61,Steam,object,9.99,999,USD,9.99,999,USD,0,full_price,,"{""timestamp"":""2021-03-09T19:21:11+01:00"",""shop"":{""id"":61,""name"":""Steam""},""deal"":{""price"":{""amount"":9.99,""amountInt"":999,""currency"":""USD""},""regular"":{""amount"":9.99,""amountInt"":999,""currency"":""USD""},""cut"":0}}",986.2352893518519,1,"[{""timestamp"":""2021-03-09T19:21:11+01:00"",""shop"":{""id"":61,""name"":""Steam""},""deal"":{""price"":{""amount"":9.99,""amountInt"":999,""currency"":""USD""},""regular"":{""amount"":9.99,""amountInt"":999,""currency"":""USD""},""cut"":0}}]",,,,,,,,,,,,,,,,,,0,
1200900,Crypto: Against All Odds - Tower Defense,2024,2024-11-27,2024-12-04,UTC,2024-11-27T00:00:00Z,2024-12-05T00:00:00Z,data/raw/itad/1200900.json,ok,,0,0,2,0,False,0,0,0,0,0,0,0,,,,,,,False,D,0,2021-03-09T19:21:11+01:00,2021-03-09T18:21:11Z,61,Steam,object,9.99,999,USD,9.99,999,USD,0,full_price,,"{""timestamp"":""2021-03-09T19:21:11+01:00"",""shop"":{""id"":61,""name"":""Steam""},""deal"":{""price"":{""amount"":9.99,""amountInt"":999,""currency"":""USD""},""regular"":{""amount"":9.99,""amountInt"":999,""currency"":""USD""},""cut"":0}}",1358.2352893518519,1,"[{""timestamp"":""2021-03-09T19:21:11+01:00"",""shop"":{""id"":61,""name"":""Steam""},""deal"":{""price"":{""amount"":9.99,""amountInt"":999,""currency"":""USD""},""regular"":{""amount"":9.99,""amountInt"":999,""currency"":""USD""},""cut"":0}}]",,,,,,,,,,,,,,,,,,0,
1239260,Barro F,2023,2023-11-21,2023-11-28,UTC,2023-11-21T00:00:00Z,2023-11-29T00:00:00Z,data/raw/itad/1239260.json,ok,,0,0,116,2,True,2,1,1,0,0,1,1,2023-11-21T20:11:50Z,2023-11-28T20:18:44Z,USD,0.49,0.99,51,True,A,57,2023-11-01T18:19:08+01:00,2023-11-01T17:19:08Z,61,Steam,object,0.99,99,USD,0.99,99,USD,0,full_price,,"{""timestamp"":""2023-11-01T18:19:08+01:00"",""shop"":{""id"":61,""name"":""Steam""},""deal"":{""price"":{""amount"":0.99,""amountInt"":99,""currency"":""USD""},""regular"":{""amount"":0.99,""amountInt"":99,""currency"":""USD""},""cut"":0}}",19.27837962962963,1,"[{""timestamp"":""2023-11-01T18:19:08+01:00"",""shop"":{""id"":61,""name"":""Steam""},""deal"":{""price"":{""amount"":0.99,""amountInt"":99,""currency"":""USD""},""regular"":{""amount"":0.99,""amountInt"":99,""currency"":""USD""},""cut"":0}}]",54,2023-12-01T19:12:26+01:00,2023-12-01T18:12:26Z,61,Steam,object,0.49,49,USD,0.99,99,USD,51,discount,,"{""timestamp"":""2023-12-01T19:12:26+01:00"",""shop"":{""id"":61,""name"":""Steam""},""deal"":{""price"":{""amount"":0.49,""amountInt"":49,""currency"":""USD""},""regular"":{""amount"":0.99,""amountInt"":99,""currency"":""USD""},""cut"":51}}",2.758634259259259,1,"[{""timestamp"":""2023-12-01T19:12:26+01:00"",""shop"":{""id"":61,""name"":""Steam""},""deal"":{""price"":{""amount"":0.49,""amountInt"":49,""currency"":""USD""},""regular"":{""amount"":0.99,""amountInt"":99,""currency"":""USD""},""cut"":51}}]"
1239260,Barro F,2024,2024-11-27,2024-12-04,UTC,2024-11-27T00:00:00Z,2024-12-05T00:00:00Z,data/raw/itad/1239260.json,ok,,0,0,116,1,True,1,0,1,0,0,0,1,2024-12-04T18:48:03Z,2024-12-04T18:48:03Z,USD,4.99,4.99,0,False,B,34,2024-11-17T19:15:37+01:00,2024-11-17T18:15:37Z,61,Steam,object,0.49,49,USD,4.99,499,USD,90,discount,,"{""timestamp"":""2024-11-17T19:15:37+01:00"",""shop"":{""id"":61,""name"":""Steam""},""deal"":{""price"":{""amount"":0.49,""amountInt"":49,""currency"":""USD""},""regular"":{""amount"":4.99,""amountInt"":499,""currency"":""USD""},""cut"":90}}",9.239155092592593,1,"[{""timestamp"":""2024-11-17T19:15:37+01:00"",""shop"":{""id"":61,""name"":""Steam""},""deal"":{""price"":{""amount"":0.49,""amountInt"":49,""currency"":""USD""},""regular"":{""amount"":4.99,""amountInt"":499,""currency"":""USD""},""cut"":90}}]",32,2024-12-20T00:02:35+01:00,2024-12-19T23:02:35Z,61,Steam,object,0.49,49,USD,4.99,499,USD,90,discount,,"{""timestamp"":""2024-12-20T00:02:35+01:00"",""shop"":{""id"":61,""name"":""Steam""},""deal"":{""price"":{""amount"":0.49,""amountInt"":49,""currency"":""USD""},""regular"":{""amount"":4.99,""amountInt"":499,""currency"":""USD""},""cut"":90}}",14.960127314814814,1,"[{""timestamp"":""2024-12-20T00:02:35+01:00"",""shop"":{""id"":61,""name"":""Steam""},""deal"":{""price"":{""amount"":0.49,""amountInt"":49,""currency"":""USD""},""regular"":{""amount"":4.99,""amountInt"":499,""currency"":""USD""},""cut"":90}}]"
1249680,Ninshi Masuta,2023,2023-11-21,2023-11-28,UTC,2023-11-21T00:00:00Z,2023-11-29T00:00:00Z,data/raw/itad/1249680.json,ok,,0,0,57,2,True,2,1,1,0,0,1,1,2023-11-21T20:12:27Z,2023-11-28T20:19:16Z,USD,3.49,9.99,65,True,A,35,2023-07-13T21:33:12+02:00,2023-07-13T19:33:12Z,61,Steam,object,9.99,999,USD,9.99,999,USD,0,full_price,,"{""timestamp"":""2023-07-13T21:33:12+02:00"",""shop"":{""id"":61,""name"":""Steam""},""deal"":{""price"":{""amount"":9.99,""amountInt"":999,""currency"":""USD""},""regular"":{""amount"":9.99,""amountInt"":999,""currency"":""USD""},""cut"":0}}",130.18527777777777,1,"[{""timestamp"":""2023-07-13T21:33:12+02:00"",""shop"":{""id"":61,""name"":""Steam""},""deal"":{""price"":{""amount"":9.99,""amountInt"":999,""currency"":""USD""},""regular"":{""amount"":9.99,""amountInt"":999,""currency"":""USD""},""cut"":0}}]",32,2023-12-21T21:38:22+01:00,2023-12-21T20:38:22Z,61,Steam,object,3.49,349,USD,9.99,999,USD,65,discount,,"{""timestamp"":""2023-12-21T21:38:22+01:00"",""shop"":{""id"":61,""name"":""Steam""},""deal"":{""price"":{""amount"":3.49,""amountInt"":349,""currency"":""USD""},""regular"":{""amount"":9.99,""amountInt"":999,""currency"":""USD""},""cut"":65}}",22.85997685185185,1,"[{""timestamp"":""2023-12-21T21:38:22+01:00"",""shop"":{""id"":61,""name"":""Steam""},""deal"":{""price"":{""amount"":3.49,""amountInt"":349,""currency"":""USD""},""regular"":{""amount"":9.99,""amountInt"":999,""currency"":""USD""},""cut"":65}}]"
1249680,Ninshi Masuta,2024,2024-11-27,2024-12-04,UTC,2024-11-27T00:00:00Z,2024-12-05T00:00:00Z,data/raw/itad/1249680.json,ok,,0,0,57,2,True,2,1,1,0,0,1,1,2024-11-27T19:51:46Z,2024-12-04T18:48:42Z,USD,3.49,9.99,65,True,A,23,2024-09-09T19:20:38+02:00,2024-09-09T17:20:38Z,61,Steam,object,9.99,999,USD,9.99,999,USD,0,full_price,,"{""timestamp"":""2024-09-09T19:20:38+02:00"",""shop"":{""id"":61,""name"":""Steam""},""deal"":{""price"":{""amount"":9.99,""amountInt"":999,""currency"":""USD""},""regular"":{""amount"":9.99,""amountInt"":999,""currency"":""USD""},""cut"":0}}",78.27733796296296,1,"[{""timestamp"":""2024-09-09T19:20:38+02:00"",""shop"":{""id"":61,""name"":""Steam""},""deal"":{""price"":{""amount"":9.99,""amountInt"":999,""currency"":""USD""},""regular"":{""amount"":9.99,""amountInt"":999,""currency"":""USD""},""cut"":0}}]",20,2024-12-20T05:03:36+01:00,2024-12-20T04:03:36Z,61,Steam,object,3.49,349,USD,9.99,999,USD,65,discount,,"{""timestamp"":""2024-12-20T05:03:36+01:00"",""shop"":{""id"":61,""name"":""Steam""},""deal"":{""price"":{""amount"":3.49,""amountInt"":349,""currency"":""USD""},""regular"":{""amount"":9.99,""amountInt"":999,""currency"":""USD""},""cut"":65}}",15.169166666666667,1,"[{""timestamp"":""2024-12-20T05:03:36+01:00"",""shop"":{""id"":61,""name"":""Steam""},""deal"":{""price"":{""amount"":3.49,""amountInt"":349,""currency"":""USD""},""regular"":{""amount"":9.99,""amountInt"":999,""currency"":""USD""},""cut"":65}}]"
1257270,The Valley of Super Flowers,2023,2023-11-21,2023-11-28,UTC,2023-11-21T00:00:00Z,2023-11-29T00:00:00Z,data/raw/itad/1257270.json,ok,,0,0,129,2,True,2,1,1,0,0,1,1,2023-11-21T20:12:57Z,2023-11-28T20:19:38Z,USD,1.09,4.99,78,True,A,67,2023-10-30T18:46:36+01:00,2023-10-30T17:46:36Z,61,Steam,object,4.99,499,USD,4.99,499,USD,0,full_price,,"{""timestamp"":""2023-10-30T18:46:36+01:00"",""shop"":{""id"":61,""name"":""Steam""},""deal"":{""price"":{""amount"":4.99,""amountInt"":499,""currency"":""USD""},""regular"":{""amount"":4.99,""amountInt"":499,""currency"":""USD""},""cut"":0}}",21.259305555555557,1,"[{""timestamp"":""2023-10-30T18:46:36+01:00"",""shop"":{""id"":61,""name"":""Steam""},""deal"":{""price"":{""amount"":4.99,""amountInt"":499,""currency"":""USD""},""regular"":{""amount"":4.99,""amountInt"":499,""currency"":""USD""},""cut"":0}}]",64,2023-11-29T19:09:14+01:00,2023-11-29T18:09:14Z,61,Steam,object,1.09,109,USD,4.99,499,USD,78,discount,,"{""timestamp"":""2023-11-29T19:09:14+01:00"",""shop"":{""id"":61,""name"":""Steam""},""deal"":{""price"":{""amount"":1.09,""amountInt"":109,""currency"":""USD""},""regular"":{""amount"":4.99,""amountInt"":499,""currency"":""USD""},""cut"":78}}",0.7564120370370371,1,"[{""timestamp"":""2023-11-29T19:09:14+01:00"",""shop"":{""id"":61,""name"":""Steam""},""deal"":{""price"":{""amount"":1.09,""amountInt"":109,""currency"":""USD""},""regular"":{""amount"":4.99,""amountInt"":499,""currency"":""USD""},""cut"":78}}]"
1257270,The Valley of Super Flowers,2024,2024-11-27,2024-12-04,UTC,2024-11-27T00:00:00Z,2024-12-05T00:00:00Z,data/raw/itad/1257270.json,ok,,0,0,129,1,True,1,0,1,0,0,0,1,2024-12-04T18:48:03Z,2024-12-04T18:48:03Z,USD,4.99,4.99,0,False,B,44,2024-11-21T19:16:08+01:00,2024-11-21T18:16:08Z,61,Steam,object,0.49,49,USD,4.99,499,USD,90,discount,,"{""timestamp"":""2024-11-21T19:16:08+01:00"",""shop"":{""id"":61,""name"":""Steam""},""deal"":{""price"":{""amount"":0.49,""amountInt"":49,""currency"":""USD""},""regular"":{""amount"":4.99,""amountInt"":499,""currency"":""USD""},""cut"":90}}",5.238796296296297,1,"[{""timestamp"":""2024-11-21T19:16:08+01:00"",""shop"":{""id"":61,""name"":""Steam""},""deal"":{""price"":{""amount"":0.49,""amountInt"":49,""currency"":""USD""},""regular"":{""amount"":4.99,""amountInt"":499,""currency"":""USD""},""cut"":90}}]",42,2024-12-20T05:03:36+01:00,2024-12-20T04:03:36Z,61,Steam,object,0.49,49,USD,4.99,499,USD,90,discount,,"{""timestamp"":""2024-12-20T05:03:36+01:00"",""shop"":{""id"":61,""name"":""Steam""},""deal"":{""price"":{""amount"":0.49,""amountInt"":49,""currency"":""USD""},""regular"":{""amount"":4.99,""amountInt"":499,""currency"":""USD""},""cut"":90}}",15.169166666666667,1,"[{""timestamp"":""2024-12-20T05:03:36+01:00"",""shop"":{""id"":61,""name"":""Steam""},""deal"":{""price"":{""amount"":0.49,""amountInt"":49,""currency"":""USD""},""regular"":{""amount"":4.99,""amountInt"":499,""currency"":""USD""},""cut"":90}}]"
1271420,Chronicles of Honor,2023,2023-11-21,2023-11-28,UTC,2023-11-21T00:00:00Z,2023-11-29T00:00:00Z,data/raw/itad/1271420.json,ok,,0,0,3,0,False,0,0,0,0,0,0,0,,,,,,,False,D,0,2021-04-13T18:03:10+02:00,2021-04-13T16:03:10Z,61,Steam,object,12.99,1299,USD,12.99,1299,USD,0,full_price,,"{""timestamp"":""2021-04-13T18:03:10+02:00"",""shop"":{""id"":61,""name"":""Steam""},""deal"":{""price"":{""amount"":12.99,""amountInt"":1299,""currency"":""USD""},""regular"":{""amount"":12.99,""amountInt"":1299,""currency"":""USD""},""cut"":0}}",951.3311342592592,1,"[{""timestamp"":""2021-04-13T18:03:10+02:00"",""shop"":{""id"":61,""name"":""Steam""},""deal"":{""price"":{""amount"":12.99,""amountInt"":1299,""currency"":""USD""},""regular"":{""amount"":12.99,""amountInt"":1299,""currency"":""USD""},""cut"":0}}]",,,,,,,,,,,,,,,,,,0,
1271420,Chronicles of Honor,2024,2024-11-27,2024-12-04,UTC,2024-11-27T00:00:00Z,2024-12-05T00:00:00Z,data/raw/itad/1271420.json,ok,,0,0,3,0,False,0,0,0,0,0,0,0,,,,,,,False,D,0,2021-04-13T18:03:10+02:00,2021-04-13T16:03:10Z,61,Steam,object,12.99,1299,USD,12.99,1299,USD,0,full_price,,"{""timestamp"":""2021-04-13T18:03:10+02:00"",""shop"":{""id"":61,""name"":""Steam""},""deal"":{""price"":{""amount"":12.99,""amountInt"":1299,""currency"":""USD""},""regular"":{""amount"":12.99,""amountInt"":1299,""currency"":""USD""},""cut"":0}}",1323.3311342592592,1,"[{""timestamp"":""2021-04-13T18:03:10+02:00"",""shop"":{""id"":61,""name"":""Steam""},""deal"":{""price"":{""amount"":12.99,""amountInt"":1299,""currency"":""USD""},""regular"":{""amount"":12.99,""amountInt"":1299,""currency"":""USD""},""cut"":0}}]",,,,,,,,,,,,,,,,,,0,
1338570,Sheng Tian (升天) - Episode 1,2023,2023-11-21,2023-11-28,UTC,2023-11-21T00:00:00Z,2023-11-29T00:00:00Z,data/raw/itad/1338570.json,ok,,0,0,1,0,False,0,0,0,0,0,0,0,,,,,,,False,D,0,2021-01-01T01:00:00+01:00,2021-01-01T00:00:00Z,61,Steam,object,4.99,499,USD,4.99,499,USD,0,full_price,,"{""timestamp"":""2021-01-01T01:00:00+01:00"",""shop"":{""id"":61,""name"":""Steam""},""deal"":{""price"":{""amount"":4.99,""amountInt"":499,""currency"":""USD""},""regular"":{""amount"":4.99,""amountInt"":499,""currency"":""USD""},""cut"":0}}",1054.0,1,"[{""timestamp"":""2021-01-01T01:00:00+01:00"",""shop"":{""id"":61,""name"":""Steam""},""deal"":{""price"":{""amount"":4.99,""amountInt"":499,""currency"":""USD""},""regular"":{""amount"":4.99,""amountInt"":499,""currency"":""USD""},""cut"":0}}]",,,,,,,,,,,,,,,,,,0,
1338570,Sheng Tian (升天) - Episode 1,2024,2024-11-27,2024-12-04,UTC,2024-11-27T00:00:00Z,2024-12-05T00:00:00Z,data/raw/itad/1338570.json,ok,,0,0,1,0,False,0,0,0,0,0,0,0,,,,,,,False,D,0,2021-01-01T01:00:00+01:00,2021-01-01T00:00:00Z,61,Steam,object,4.99,499,USD,4.99,499,USD,0,full_price,,"{""timestamp"":""2021-01-01T01:00:00+01:00"",""shop"":{""id"":61,""name"":""Steam""},""deal"":{""price"":{""amount"":4.99,""amountInt"":499,""currency"":""USD""},""regular"":{""amount"":4.99,""amountInt"":499,""currency"":""USD""},""cut"":0}}",1426.0,1,"[{""timestamp"":""2021-01-01T01:00:00+01:00"",""shop"":{""id"":61,""name"":""Steam""},""deal"":{""price"":{""amount"":4.99,""amountInt"":499,""currency"":""USD""},""regular"":{""amount"":4.99,""amountInt"":499,""currency"":""USD""},""cut"":0}}]",,,,,,,,,,,,,,,,,,0,
1373180,The Sea Hotel☆Umineko Tei,2023,2023-11-21,2023-11-28,UTC,2023-11-21T00:00:00Z,2023-11-29T00:00:00Z,data/raw/itad/1373180.json,ok,,0,0,41,2,True,2,1,1,0,0,1,1,2023-11-21T20:23:12Z,2023-11-28T20:27:32Z,USD,3.84,6.99,45,True,A,17,2023-07-13T19:05:46+02:00,2023-07-13T17:05:46Z,61,Steam,object,6.99,699,USD,6.99,699,USD,0,full_price,,"{""timestamp"":""2023-07-13T19:05:46+02:00"",""shop"":{""id"":61,""name"":""Steam""},""deal"":{""price"":{""amount"":6.99,""amountInt"":699,""currency"":""USD""},""regular"":{""amount"":6.99,""amountInt"":699,""currency"":""USD""},""cut"":0}}",130.28766203703702,1,"[{""timestamp"":""2023-07-13T19:05:46+02:00"",""shop"":{""id"":61,""name"":""Steam""},""deal"":{""price"":{""amount"":6.99,""amountInt"":699,""currency"":""USD""},""regular"":{""amount"":6.99,""amountInt"":699,""currency"":""USD""},""cut"":0}}]",14,2023-12-21T21:48:30+01:00,2023-12-21T20:48:30Z,61,Steam,object,3.84,384,USD,6.99,699,USD,45,discount,,"{""timestamp"":""2023-12-21T21:48:30+01:00"",""shop"":{""id"":61,""name"":""Steam""},""deal"":{""price"":{""amount"":3.84,""amountInt"":384,""currency"":""USD""},""regular"":{""amount"":6.99,""amountInt"":699,""currency"":""USD""},""cut"":45}}",22.867013888888888,1,"[{""timestamp"":""2023-12-21T21:48:30+01:00"",""shop"":{""id"":61,""name"":""Steam""},""deal"":{""price"":{""amount"":3.84,""amountInt"":384,""currency"":""USD""},""regular"":{""amount"":6.99,""amountInt"":699,""currency"":""USD""},""cut"":45}}]"
1373180,The Sea Hotel☆Umineko Tei,2024,2024-11-27,2024-12-04,UTC,2024-11-27T00:00:00Z,2024-12-05T00:00:00Z,data/raw/itad/1373180.json,ok,,0,0,41,2,True,2,1,1,0,0,0,1,2024-12-01T21:45:28Z,2024-12-04T19:36:22Z,USD,3.84,6.99,45,True,A,11,2024-03-21T18:38:07+01:00,2024-03-21T17:38:07Z,61,Steam,object,6.99,699,USD,6.99,699,USD,0,full_price,,"{""timestamp"":""2024-03-21T18:38:07+01:00"",""shop"":{""id"":61,""name"":""Steam""},""deal"":{""price"":{""amount"":6.99,""amountInt"":699,""currency"":""USD""},""regular"":{""amount"":6.99,""amountInt"":699,""currency"":""USD""},""cut"":0}}",250.26519675925925,1,"[{""timestamp"":""2024-03-21T18:38:07+01:00"",""shop"":{""id"":61,""name"":""Steam""},""deal"":{""price"":{""amount"":6.99,""amountInt"":699,""currency"":""USD""},""regular"":{""amount"":6.99,""amountInt"":699,""currency"":""USD""},""cut"":0}}]",8,2024-12-19T22:39:50+01:00,2024-12-19T21:39:50Z,61,Steam,object,3.63,363,USD,6.99,699,USD,48,discount,,"{""timestamp"":""2024-12-19T22:39:50+01:00"",""shop"":{""id"":61,""name"":""Steam""},""deal"":{""price"":{""amount"":3.63,""amountInt"":363,""currency"":""USD""},""regular"":{""amount"":6.99,""amountInt"":699,""currency"":""USD""},""cut"":48}}",14.902662037037038,1,"[{""timestamp"":""2024-12-19T22:39:50+01:00"",""shop"":{""id"":61,""name"":""Steam""},""deal"":{""price"":{""amount"":3.63,""amountInt"":363,""currency"":""USD""},""regular"":{""amount"":6.99,""amountInt"":699,""currency"":""USD""},""cut"":48}}]"
1413660,Elderand,2023,2023-11-21,2023-11-28,UTC,2023-11-21T00:00:00Z,2023-11-29T00:00:00Z,data/raw/itad/1413660.json,ok,,0,0,77,2,True,2,1,1,0,0,1,1,2023-11-21T20:28:30Z,2023-11-28T20:30:47Z,USD,9.99,19.99,50,True,A,61,2023-11-02T18:26:53+01:00,2023-11-02T17:26:53Z,61,Steam,object,19.99,1999,USD,19.99,1999,USD,0,full_price,,"{""timestamp"":""2023-11-02T18:26:53+01:00"",""shop"":{""id"":61,""name"":""Steam""},""deal"":{""price"":{""amount"":19.99,""amountInt"":1999,""currency"":""USD""},""regular"":{""amount"":19.99,""amountInt"":1999,""currency"":""USD""},""cut"":0}}",18.272997685185185,1,"[{""timestamp"":""2023-11-02T18:26:53+01:00"",""shop"":{""id"":61,""name"":""Steam""},""deal"":{""price"":{""amount"":19.99,""amountInt"":1999,""currency"":""USD""},""regular"":{""amount"":19.99,""amountInt"":1999,""currency"":""USD""},""cut"":0}}]",58,2023-12-21T21:51:35+01:00,2023-12-21T20:51:35Z,61,Steam,object,9.99,999,USD,19.99,1999,USD,50,discount,,"{""timestamp"":""2023-12-21T21:51:35+01:00"",""shop"":{""id"":61,""name"":""Steam""},""deal"":{""price"":{""amount"":9.99,""amountInt"":999,""currency"":""USD""},""regular"":{""amount"":19.99,""amountInt"":1999,""currency"":""USD""},""cut"":50}}",22.869155092592592,1,"[{""timestamp"":""2023-12-21T21:51:35+01:00"",""shop"":{""id"":61,""name"":""Steam""},""deal"":{""price"":{""amount"":9.99,""amountInt"":999,""currency"":""USD""},""regular"":{""amount"":19.99,""amountInt"":1999,""currency"":""USD""},""cut"":50}}]"
1413660,Elderand,2024,2024-11-27,2024-12-04,UTC,2024-11-27T00:00:00Z,2024-12-05T00:00:00Z,data/raw/itad/1413660.json,ok,,0,0,77,1,True,1,1,0,0,0,1,0,2024-11-27T20:41:48Z,2024-11-27T20:41:48Z,USD,7.99,19.99,60,False,A,41,2024-11-04T19:18:39+01:00,2024-11-04T18:18:39Z,61,Steam,object,19.99,1999,USD,19.99,1999,USD,0,full_price,,"{""timestamp"":""2024-11-04T19:18:39+01:00"",""shop"":{""id"":61,""name"":""Steam""},""deal"":{""price"":{""amount"":19.99,""amountInt"":1999,""currency"":""USD""},""regular"":{""amount"":19.99,""amountInt"":1999,""currency"":""USD""},""cut"":0}}",22.23704861111111,1,"[{""timestamp"":""2024-11-04T19:18:39+01:00"",""shop"":{""id"":61,""name"":""Steam""},""deal"":{""price"":{""amount"":19.99,""amountInt"":1999,""currency"":""USD""},""regular"":{""amount"":19.99,""amountInt"":1999,""currency"":""USD""},""cut"":0}}]",39,2024-12-18T19:16:09+01:00,2024-12-18T18:16:09Z,61,Steam,object,19.99,1999,USD,19.99,1999,USD,0,full_price,,"{""timestamp"":""2024-12-18T19:16:09+01:00"",""shop"":{""id"":61,""name"":""Steam""},""deal"":{""price"":{""amount"":19.99,""amountInt"":1999,""currency"":""USD""},""regular"":{""amount"":19.99,""amountInt"":1999,""currency"":""USD""},""cut"":0}}",13.761215277777778,1,"[{""timestamp"":""2024-12-18T19:16:09+01:00"",""shop"":{""id"":61,""name"":""Steam""},""deal"":{""price"":{""amount"":19.99,""amountInt"":1999,""currency"":""USD""},""regular"":{""amount"":19.99,""amountInt"":1999,""currency"":""USD""},""cut"":0}}]"
1418360,Lonesome Village,2023,2023-11-21,2023-11-28,UTC,2023-11-21T00:00:00Z,2023-11-29T00:00:00Z,data/raw/itad/1418360.json,ok,,0,0,86,2,True,2,1,1,0,0,1,1,2023-11-21T20:28:49Z,2023-11-28T20:31:02Z,USD,14.99,19.99,25,True,A,67,2023-10-30T19:38:44+01:00,2023-10-30T18:38:44Z,61,Steam,object,19.99,1999,USD,19.99,1999,USD,0,full_price,,"{""timestamp"":""2023-10-30T19:38:44+01:00"",""shop"":{""id"":61,""name"":""Steam""},""deal"":{""price"":{""amount"":19.99,""amountInt"":1999,""currency"":""USD""},""regular"":{""amount"":19.99,""amountInt"":1999,""currency"":""USD""},""cut"":0}}",21.22310185185185,1,"[{""timestamp"":""2023-10-30T19:38:44+01:00"",""shop"":{""id"":61,""name"":""Steam""},""deal"":{""price"":{""amount"":19.99,""amountInt"":1999,""currency"":""USD""},""regular"":{""amount"":19.99,""amountInt"":1999,""currency"":""USD""},""cut"":0}}]",64,2023-12-04T19:27:05+01:00,2023-12-04T18:27:05Z,61,Steam,object,14.39,1439,USD,19.99,1999,USD,28,discount,,"{""timestamp"":""2023-12-04T19:27:05+01:00"",""shop"":{""id"":61,""name"":""Steam""},""deal"":{""price"":{""amount"":14.39,""amountInt"":1439,""currency"":""USD""},""regular"":{""amount"":19.99,""amountInt"":1999,""currency"":""USD""},""cut"":28}}",5.76880787037037,1,"[{""timestamp"":""2023-12-04T19:27:05+01:00"",""shop"":{""id"":61,""name"":""Steam""},""deal"":{""price"":{""amount"":14.39,""amountInt"":1439,""currency"":""USD""},""regular"":{""amount"":19.99,""amountInt"":1999,""currency"":""USD""},""cut"":28}}]"
1418360,Lonesome Village,2024,2024-11-27,2024-12-04,UTC,2024-11-27T00:00:00Z,2024-12-05T00:00:00Z,data/raw/itad/1418360.json,ok,,0,0,86,2,True,2,1,1,0,0,1,1,2024-11-27T21:11:16Z,2024-12-04T18:54:37Z,USD,11.99,19.99,40,True,A,43,2024-11-13T19:18:49+01:00,2024-11-13T18:18:49Z,61,Steam,object,19.99,1999,USD,19.99,1999,USD,0,full_price,,"{""timestamp"":""2024-11-13T19:18:49+01:00"",""shop"":{""id"":61,""name"":""Steam""},""deal"":{""price"":{""amount"":19.99,""amountInt"":1999,""currency"":""USD""},""regular"":{""amount"":19.99,""amountInt"":1999,""currency"":""USD""},""cut"":0}}",13.23693287037037,1,"[{""timestamp"":""2024-11-13T19:18:49+01:00"",""shop"":{""id"":61,""name"":""Steam""},""deal"":{""price"":{""amount"":19.99,""amountInt"":1999,""currency"":""USD""},""regular"":{""amount"":19.99,""amountInt"":1999,""currency"":""USD""},""cut"":0}}]",40,2024-12-20T00:02:48+01:00,2024-12-19T23:02:48Z,61,Steam,object,11.99,1199,USD,19.99,1999,USD,40,discount,,"{""timestamp"":""2024-12-20T00:02:48+01:00"",""shop"":{""id"":61,""name"":""Steam""},""deal"":{""price"":{""amount"":11.99,""amountInt"":1199,""currency"":""USD""},""regular"":{""amount"":19.99,""amountInt"":1999,""currency"":""USD""},""cut"":40}}",14.960277777777778,1,"[{""timestamp"":""2024-12-20T00:02:48+01:00"",""shop"":{""id"":61,""name"":""Steam""},""deal"":{""price"":{""amount"":11.99,""amountInt"":1199,""currency"":""USD""},""regular"":{""amount"":19.99,""amountInt"":1999,""currency"":""USD""},""cut"":40}}]"
1465260,Cyberpunk SFX,2023,2023-11-21,2023-11-28,UTC,2023-11-21T00:00:00Z,2023-11-29T00:00:00Z,data/raw/itad/1465260.json,ok,,0,0,117,2,True,2,1,1,0,0,1,1,2023-11-21T20:31:45Z,2023-11-28T20:33:20Z,USD,1.19,11.99,90,True,A,60,2023-09-18T19:13:14+02:00,2023-09-18T17:13:14Z,61,Steam,object,11.99,1199,USD,11.99,1199,USD,0,full_price,,"{""timestamp"":""2023-09-18T19:13:14+02:00"",""shop"":{""id"":61,""name"":""Steam""},""deal"":{""price"":{""amount"":11.99,""amountInt"":1199,""currency"":""USD""},""regular"":{""amount"":11.99,""amountInt"":1199,""currency"":""USD""},""cut"":0}}",63.282476851851854,1,"[{""timestamp"":""2023-09-18T19:13:14+02:00"",""shop"":{""id"":61,""name"":""Steam""},""deal"":{""price"":{""amount"":11.99,""amountInt"":1199,""currency"":""USD""},""regular"":{""amount"":11.99,""amountInt"":1199,""currency"":""USD""},""cut"":0}}]",57,2023-12-02T19:03:21+01:00,2023-12-02T18:03:21Z,61,Steam,object,1.19,119,USD,11.99,1199,USD,90,discount,,"{""timestamp"":""2023-12-02T19:03:21+01:00"",""shop"":{""id"":61,""name"":""Steam""},""deal"":{""price"":{""amount"":1.19,""amountInt"":119,""currency"":""USD""},""regular"":{""amount"":11.99,""amountInt"":1199,""currency"":""USD""},""cut"":90}}",3.7523263888888887,1,"[{""timestamp"":""2023-12-02T19:03:21+01:00"",""shop"":{""id"":61,""name"":""Steam""},""deal"":{""price"":{""amount"":1.19,""amountInt"":119,""currency"":""USD""},""regular"":{""amount"":11.99,""amountInt"":1199,""currency"":""USD""},""cut"":90}}]"
1465260,Cyberpunk SFX,2024,2024-11-27,2024-12-04,UTC,2024-11-27T00:00:00Z,2024-12-05T00:00:00Z,data/raw/itad/1465260.json,ok,,0,0,117,0,False,0,0,0,0,0,0,0,,,,,,,False,D,37,2024-11-11T14:15:15+01:00,2024-11-11T13:15:15Z,61,Steam,object,19.99,1999,USD,19.99,1999,USD,0,full_price,,"{""timestamp"":""2024-11-11T14:15:15+01:00"",""shop"":{""id"":61,""name"":""Steam""},""deal"":{""price"":{""amount"":19.99,""amountInt"":1999,""currency"":""USD""},""regular"":{""amount"":19.99,""amountInt"":1999,""currency"":""USD""},""cut"":0}}",15.447743055555556,1,"[{""timestamp"":""2024-11-11T14:15:15+01:00"",""shop"":{""id"":61,""name"":""Steam""},""deal"":{""price"":{""amount"":19.99,""amountInt"":1999,""currency"":""USD""},""regular"":{""amount"":19.99,""amountInt"":1999,""currency"":""USD""},""cut"":0}}]",36,2024-12-20T06:30:44+01:00,2024-12-20T05:30:44Z,61,Steam,object,0.99,99,USD,19.99,1999,USD,95,discount,,"{""timestamp"":""2024-12-20T06:30:44+01:00"",""shop"":{""id"":61,""name"":""Steam""},""deal"":{""price"":{""amount"":0.99,""amountInt"":99,""currency"":""USD""},""regular"":{""amount"":19.99,""amountInt"":1999,""currency"":""USD""},""cut"":95}}",15.229675925925926,1,"[{""timestamp"":""2024-12-20T06:30:44+01:00"",""shop"":{""id"":61,""name"":""Steam""},""deal"":{""price"":{""amount"":0.99,""amountInt"":99,""currency"":""USD""},""regular"":{""amount"":19.99,""amountInt"":1999,""currency"":""USD""},""cut"":95}}]"
1532510,Purrfect Apawcalypse: Love at Furst Bite,2023,2023-11-21,2023-11-28,UTC,2023-11-21T00:00:00Z,2023-11-29T00:00:00Z,data/raw/itad/1532510.json,ok,,0,0,28,2,True,2,1,1,0,0,1,1,2023-11-21T21:01:58Z,2023-11-28T20:38:09Z,USD,0.99,4.99,80,True,A,23,2023-07-13T21:54:54+02:00,2023-07-13T19:54:54Z,61,Steam,object,4.99,499,USD,4.99,499,USD,0,full_price,,"{""timestamp"":""2023-07-13T21:54:54+02:00"",""shop"":{""id"":61,""name"":""Steam""},""deal"":{""price"":{""amount"":4.99,""amountInt"":499,""currency"":""USD""},""regular"":{""amount"":4.99,""amountInt"":499,""currency"":""USD""},""cut"":0}}",130.17020833333333,1,"[{""timestamp"":""2023-07-13T21:54:54+02:00"",""shop"":{""id"":61,""name"":""Steam""},""deal"":{""price"":{""amount"":4.99,""amountInt"":499,""currency"":""USD""},""regular"":{""amount"":4.99,""amountInt"":499,""currency"":""USD""},""cut"":0}}]",20,2023-12-21T22:07:15+01:00,2023-12-21T21:07:15Z,61,Steam,object,0.99,99,USD,4.99,499,USD,80,discount,,"{""timestamp"":""2023-12-21T22:07:15+01:00"",""shop"":{""id"":61,""name"":""Steam""},""deal"":{""price"":{""amount"":0.99,""amountInt"":99,""currency"":""USD""},""regular"":{""amount"":4.99,""amountInt"":499,""currency"":""USD""},""cut"":80}}",22.880034722222224,1,"[{""timestamp"":""2023-12-21T22:07:15+01:00"",""shop"":{""id"":61,""name"":""Steam""},""deal"":{""price"":{""amount"":0.99,""amountInt"":99,""currency"":""USD""},""regular"":{""amount"":4.99,""amountInt"":499,""currency"":""USD""},""cut"":80}}]"
1532510,Purrfect Apawcalypse: Love at Furst Bite,2024,2024-11-27,2024-12-04,UTC,2024-11-27T00:00:00Z,2024-12-05T00:00:00Z,data/raw/itad/1532510.json,ok,,0,0,28,2,True,2,1,1,0,0,1,1,2024-11-27T19:15:48Z,2024-12-04T19:00:11Z,USD,1.99,4.99,60,True,A,15,2024-07-11T20:02:43+02:00,2024-07-11T18:02:43Z,61,Steam,object,4.99,499,USD,4.99,499,USD,0,full_price,,"{""timestamp"":""2024-07-11T20:02:43+02:00"",""shop"":{""id"":61,""name"":""Steam""},""deal"":{""price"":{""amount"":4.99,""amountInt"":499,""currency"":""USD""},""regular"":{""amount"":4.99,""amountInt"":499,""currency"":""USD""},""cut"":0}}",138.24811342592594,1,"[{""timestamp"":""2024-07-11T20:02:43+02:00"",""shop"":{""id"":61,""name"":""Steam""},""deal"":{""price"":{""amount"":4.99,""amountInt"":499,""currency"":""USD""},""regular"":{""amount"":4.99,""amountInt"":499,""currency"":""USD""},""cut"":0}}]",12,2024-12-19T23:19:46+01:00,2024-12-19T22:19:46Z,61,Steam,object,1.99,199,USD,4.99,499,USD,60,discount,,"{""timestamp"":""2024-12-19T23:19:46+01:00"",""shop"":{""id"":61,""name"":""Steam""},""deal"":{""price"":{""amount"":1.99,""amountInt"":199,""currency"":""USD""},""regular"":{""amount"":4.99,""amountInt"":499,""currency"":""USD""},""cut"":60}}",14.93039351851852,1,"[{""timestamp"":""2024-12-19T23:19:46+01:00"",""shop"":{""id"":61,""name"":""Steam""},""deal"":{""price"":{""amount"":1.99,""amountInt"":199,""currency"":""USD""},""regular"":{""amount"":4.99,""amountInt"":499,""currency"":""USD""},""cut"":60}}]"
1544810,HANDMADE CARPROGRAM,2023,2023-11-21,2023-11-28,UTC,2023-11-21T00:00:00Z,2023-11-29T00:00:00Z,data/raw/itad/1544810.json,ok,,0,0,2,0,False,0,0,0,0,0,0,0,,,,,,,False,D,0,2021-03-16T19:49:07+01:00,2021-03-16T18:49:07Z,61,Steam,object,2.99,299,USD,4.99,499,USD,40,discount,,"{""timestamp"":""2021-03-16T19:49:07+01:00"",""shop"":{""id"":61,""name"":""Steam""},""deal"":{""price"":{""amount"":2.99,""amountInt"":299,""currency"":""USD""},""regular"":{""amount"":4.99,""amountInt"":499,""currency"":""USD""},""cut"":40}}",979.2158912037037,1,"[{""timestamp"":""2021-03-16T19:49:07+01:00"",""shop"":{""id"":61,""name"":""Steam""},""deal"":{""price"":{""amount"":2.99,""amountInt"":299,""currency"":""USD""},""regular"":{""amount"":4.99,""amountInt"":499,""currency"":""USD""},""cut"":40}}]",,,,,,,,,,,,,,,,,,0,
1544810,HANDMADE CARPROGRAM,2024,2024-11-27,2024-12-04,UTC,2024-11-27T00:00:00Z,2024-12-05T00:00:00Z,data/raw/itad/1544810.json,ok,,0,0,2,0,False,0,0,0,0,0,0,0,,,,,,,False,D,0,2021-03-16T19:49:07+01:00,2021-03-16T18:49:07Z,61,Steam,object,2.99,299,USD,4.99,499,USD,40,discount,,"{""timestamp"":""2021-03-16T19:49:07+01:00"",""shop"":{""id"":61,""name"":""Steam""},""deal"":{""price"":{""amount"":2.99,""amountInt"":299,""currency"":""USD""},""regular"":{""amount"":4.99,""amountInt"":499,""currency"":""USD""},""cut"":40}}",1351.2158912037037,1,"[{""timestamp"":""2021-03-16T19:49:07+01:00"",""shop"":{""id"":61,""name"":""Steam""},""deal"":{""price"":{""amount"":2.99,""amountInt"":299,""currency"":""USD""},""regular"":{""amount"":4.99,""amountInt"":499,""currency"":""USD""},""cut"":40}}]",,,,,,,,,,,,,,,,,,0,
1560770,Tower of Waifus 2,2023,2023-11-21,2023-11-28,UTC,2023-11-21T00:00:00Z,2023-11-29T00:00:00Z,data/raw/itad/1560770.json,ok,,0,0,91,2,True,2,1,1,0,0,1,1,2023-11-21T21:03:22Z,2023-11-28T20:39:36Z,USD,1.25,1.99,37,True,A,63,2023-09-25T19:31:36+02:00,2023-09-25T17:31:36Z,61,Steam,object,1.99,199,USD,1.99,199,USD,0,full_price,,"{""timestamp"":""2023-09-25T19:31:36+02:00"",""shop"":{""id"":61,""name"":""Steam""},""deal"":{""price"":{""amount"":1.99,""amountInt"":199,""currency"":""USD""},""regular"":{""amount"":1.99,""amountInt"":199,""currency"":""USD""},""cut"":0}}",56.26972222222222,1,"[{""timestamp"":""2023-09-25T19:31:36+02:00"",""shop"":{""id"":61,""name"":""Steam""},""deal"":{""price"":{""amount"":1.99,""amountInt"":199,""currency"":""USD""},""regular"":{""amount"":1.99,""amountInt"":199,""currency"":""USD""},""cut"":0}}]",60,2023-12-21T22:09:36+01:00,2023-12-21T21:09:36Z,61,Steam,object,1.23,123,USD,1.99,199,USD,38,discount,,"{""timestamp"":""2023-12-21T22:09:36+01:00"",""shop"":{""id"":61,""name"":""Steam""},""deal"":{""price"":{""amount"":1.23,""amountInt"":123,""currency"":""USD""},""regular"":{""amount"":1.99,""amountInt"":199,""currency"":""USD""},""cut"":38}}",22.881666666666668,1,"[{""timestamp"":""2023-12-21T22:09:36+01:00"",""shop"":{""id"":61,""name"":""Steam""},""deal"":{""price"":{""amount"":1.23,""amountInt"":123,""currency"":""USD""},""regular"":{""amount"":1.99,""amountInt"":199,""currency"":""USD""},""cut"":38}}]"
1560770,Tower of Waifus 2,2024,2024-11-27,2024-12-04,UTC,2024-11-27T00:00:00Z,2024-12-05T00:00:00Z,data/raw/itad/1560770.json,ok,,0,0,91,2,True,2,1,1,0,0,1,1,2024-11-27T21:28:41Z,2024-12-04T19:00:19Z,USD,1.19,1.99,40,True,A,41,2024-11-25T19:22:01+01:00,2024-11-25T18:22:01Z,61,Steam,object,1.99,199,USD,1.99,199,USD,0,full_price,,"{""timestamp"":""2024-11-25T19:22:01+01:00"",""shop"":{""id"":61,""name"":""Steam""},""deal"":{""price"":{""amount"":1.99,""amountInt"":199,""currency"":""USD""},""regular"":{""amount"":1.99,""amountInt"":199,""currency"":""USD""},""cut"":0}}",1.2347106481481482,1,"[{""timestamp"":""2024-11-25T19:22:01+01:00"",""shop"":{""id"":61,""name"":""Steam""},""deal"":{""price"":{""amount"":1.99,""amountInt"":199,""currency"":""USD""},""regular"":{""amount"":1.99,""amountInt"":199,""currency"":""USD""},""cut"":0}}]",38,2024-12-19T23:03:40+01:00,2024-12-19T22:03:40Z,61,Steam,object,0.99,99,USD,1.99,199,USD,50,discount,,"{""timestamp"":""2024-12-19T23:03:40+01:00"",""shop"":{""id"":61,""name"":""Steam""},""deal"":{""price"":{""amount"":0.99,""amountInt"":99,""currency"":""USD""},""regular"":{""amount"":1.99,""amountInt"":199,""currency"":""USD""},""cut"":50}}",14.919212962962963,1,"[{""timestamp"":""2024-12-19T23:03:40+01:00"",""shop"":{""id"":61,""name"":""Steam""},""deal"":{""price"":{""amount"":0.99,""amountInt"":99,""currency"":""USD""},""regular"":{""amount"":1.99,""amountInt"":199,""currency"":""USD""},""cut"":50}}]"
1575230,Paid Trade,2023,2023-11-21,2023-11-28,UTC,2023-11-21T00:00:00Z,2023-11-29T00:00:00Z,data/raw/itad/1575230.json,ok,,0,0,11,0,False,0,0,0,0,0,0,0,,,,,,,False,D,7,2023-08-17T16:18:18+02:00,2023-08-17T14:18:18Z,61,Steam,object,0.99,99,USD,0.99,99,USD,0,full_price,,"{""timestamp"":""2023-08-17T16:18:18+02:00"",""shop"":{""id"":61,""name"":""Steam""},""deal"":{""price"":{""amount"":0.99,""amountInt"":99,""currency"":""USD""},""regular"":{""amount"":0.99,""amountInt"":99,""currency"":""USD""},""cut"":0}}",95.40395833333334,1,"[{""timestamp"":""2023-08-17T16:18:18+02:00"",""shop"":{""id"":61,""name"":""Steam""},""deal"":{""price"":{""amount"":0.99,""amountInt"":99,""currency"":""USD""},""regular"":{""amount"":0.99,""amountInt"":99,""currency"":""USD""},""cut"":0}}]",6,2023-12-14T08:18:14+01:00,2023-12-14T07:18:14Z,61,Steam,object,0.75,75,USD,0.99,99,USD,24,discount,,"{""timestamp"":""2023-12-14T08:18:14+01:00"",""shop"":{""id"":61,""name"":""Steam""},""deal"":{""price"":{""amount"":0.75,""amountInt"":75,""currency"":""USD""},""regular"":{""amount"":0.99,""amountInt"":99,""currency"":""USD""},""cut"":24}}",15.304328703703703,1,"[{""timestamp"":""2023-12-14T08:18:14+01:00"",""shop"":{""id"":61,""name"":""Steam""},""deal"":{""price"":{""amount"":0.75,""amountInt"":75,""currency"":""USD""},""regular"":{""amount"":0.99,""amountInt"":99,""currency"":""USD""},""cut"":24}}]"
1575230,Paid Trade,2024,2024-11-27,2024-12-04,UTC,2024-11-27T00:00:00Z,2024-12-05T00:00:00Z,data/raw/itad/1575230.json,ok,,0,0,11,0,False,0,0,0,0,0,0,0,,,,,,,False,D,2,2024-06-08T19:15:17+02:00,2024-06-08T17:15:17Z,61,Steam,object,1.99,199,USD,1.99,199,USD,0,full_price,,"{""timestamp"":""2024-06-08T19:15:17+02:00"",""shop"":{""id"":61,""name"":""Steam""},""deal"":{""price"":{""amount"":1.99,""amountInt"":199,""currency"":""USD""},""regular"":{""amount"":1.99,""amountInt"":199,""currency"":""USD""},""cut"":0}}",171.28105324074073,1,"[{""timestamp"":""2024-06-08T19:15:17+02:00"",""shop"":{""id"":61,""name"":""Steam""},""deal"":{""price"":{""amount"":1.99,""amountInt"":199,""currency"":""USD""},""regular"":{""amount"":1.99,""amountInt"":199,""currency"":""USD""},""cut"":0}}]",1,2026-08-20T03:46:02+02:00,2026-08-20T01:46:02Z,61,Steam,object,0.97,97,USD,1.99,199,USD,51,discount,,"{""timestamp"":""2026-08-20T03:46:02+02:00"",""shop"":{""id"":61,""name"":""Steam""},""deal"":{""price"":{""amount"":0.97,""amountInt"":97,""currency"":""USD""},""regular"":{""amount"":1.99,""amountInt"":199,""currency"":""USD""},""cut"":51}}",623.0736342592593,1,"[{""timestamp"":""2026-08-20T03:46:02+02:00"",""shop"":{""id"":61,""name"":""Steam""},""deal"":{""price"":{""amount"":0.97,""amountInt"":97,""currency"":""USD""},""regular"":{""amount"":1.99,""amountInt"":199,""currency"":""USD""},""cut"":51}}]"
1588760,Switchball HD,2023,2023-11-21,2023-11-28,UTC,2023-11-21T00:00:00Z,2023-11-29T00:00:00Z,data/raw/itad/1588760.json,ok,,0,0,118,2,True,2,1,1,0,0,1,1,2023-11-21T23:08:39Z,2023-11-28T20:43:04Z,USD,4.49,8.99,50,True,A,65,2023-11-20T19:15:52+01:00,2023-11-20T18:15:52Z,61,Steam,object,8.99,899,USD,8.99,899,USD,0,full_price,,"{""timestamp"":""2023-11-20T19:15:52+01:00"",""shop"":{""id"":61,""name"":""Steam""},""deal"":{""price"":{""amount"":8.99,""amountInt"":899,""currency"":""USD""},""regular"":{""amount"":8.99,""amountInt"":899,""currency"":""USD""},""cut"":0}}",0.2389814814814815,1,"[{""timestamp"":""2023-11-20T19:15:52+01:00"",""shop"":{""id"":61,""name"":""Steam""},""deal"":{""price"":{""amount"":8.99,""amountInt"":899,""currency"":""USD""},""regular"":{""amount"":8.99,""amountInt"":899,""currency"":""USD""},""cut"":0}}]",62,2023-12-20T19:19:33+01:00,2023-12-20T18:19:33Z,61,Steam,object,4.49,449,USD,8.99,899,USD,50,discount,,"{""timestamp"":""2023-12-20T19:19:33+01:00"",""shop"":{""id"":61,""name"":""Steam""},""deal"":{""price"":{""amount"":4.49,""amountInt"":449,""currency"":""USD""},""regular"":{""amount"":8.99,""amountInt"":899,""currency"":""USD""},""cut"":50}}",21.76357638888889,1,"[{""timestamp"":""2023-12-20T19:19:33+01:00"",""shop"":{""id"":61,""name"":""Steam""},""deal"":{""price"":{""amount"":4.49,""amountInt"":449,""currency"":""USD""},""regular"":{""amount"":8.99,""amountInt"":899,""currency"":""USD""},""cut"":50}}]"
1588760,Switchball HD,2024,2024-11-27,2024-12-04,UTC,2024-11-27T00:00:00Z,2024-12-05T00:00:00Z,data/raw/itad/1588760.json,ok,,0,0,118,2,True,2,1,1,0,0,1,1,2024-11-27T21:27:58Z,2024-12-04T19:00:29Z,USD,2.6,8.99,71,True,A,43,2024-11-23T19:15:20+01:00,2024-11-23T18:15:20Z,61,Steam,object,8.99,899,USD,8.99,899,USD,0,full_price,,"{""timestamp"":""2024-11-23T19:15:20+01:00"",""shop"":{""id"":61,""name"":""Steam""},""deal"":{""price"":{""amount"":8.99,""amountInt"":899,""currency"":""USD""},""regular"":{""amount"":8.99,""amountInt"":899,""currency"":""USD""},""cut"":0}}",3.239351851851852,1,"[{""timestamp"":""2024-11-23T19:15:20+01:00"",""shop"":{""id"":61,""name"":""Steam""},""deal"":{""price"":{""amount"":8.99,""amountInt"":899,""currency"":""USD""},""regular"":{""amount"":8.99,""amountInt"":899,""currency"":""USD""},""cut"":0}}]",40,2024-12-19T23:19:46+01:00,2024-12-19T22:19:46Z,61,Steam,object,6.02,602,USD,8.99,899,USD,33,discount,,"{""timestamp"":""2024-12-19T23:19:46+01:00"",""shop"":{""id"":61,""name"":""Steam""},""deal"":{""price"":{""amount"":6.02,""amountInt"":602,""currency"":""USD""},""regular"":{""amount"":8.99,""amountInt"":899,""currency"":""USD""},""cut"":33}}",14.93039351851852,1,"[{""timestamp"":""2024-12-19T23:19:46+01:00"",""shop"":{""id"":61,""name"":""Steam""},""deal"":{""price"":{""amount"":6.02,""amountInt"":602,""currency"":""USD""},""regular"":{""amount"":8.99,""amountInt"":899,""currency"":""USD""},""cut"":33}}]"
1655440,Themes of Dark and Light,2023,2023-11-21,2023-11-28,UTC,2023-11-21T00:00:00Z,2023-11-29T00:00:00Z,data/raw/itad/1655440.json,ok,,0,0,36,2,True,2,1,1,0,0,1,1,2023-11-21T21:09:12Z,2023-11-28T20:46:14Z,USD,5.59,6.99,20,True,A,18,2023-07-13T22:03:26+02:00,2023-07-13T20:03:26Z,61,Steam,object,6.99,699,USD,6.99,699,USD,0,full_price,,"{""timestamp"":""2023-07-13T22:03:26+02:00"",""shop"":{""id"":61,""name"":""Steam""},""deal"":{""price"":{""amount"":6.99,""amountInt"":699,""currency"":""USD""},""regular"":{""amount"":6.99,""amountInt"":699,""currency"":""USD""},""cut"":0}}",130.1642824074074,1,"[{""timestamp"":""2023-07-13T22:03:26+02:00"",""shop"":{""id"":61,""name"":""Steam""},""deal"":{""price"":{""amount"":6.99,""amountInt"":699,""currency"":""USD""},""regular"":{""amount"":6.99,""amountInt"":699,""currency"":""USD""},""cut"":0}}]",15,2023-12-21T19:04:15+01:00,2023-12-21T18:04:15Z,61,Steam,object,4.19,419,USD,6.99,699,USD,40,discount,,"{""timestamp"":""2023-12-21T19:04:15+01:00"",""shop"":{""id"":61,""name"":""Steam""},""deal"":{""price"":{""amount"":4.19,""amountInt"":419,""currency"":""USD""},""regular"":{""amount"":6.99,""amountInt"":699,""currency"":""USD""},""cut"":40}}",22.75295138888889,1,"[{""timestamp"":""2023-12-21T19:04:15+01:00"",""shop"":{""id"":61,""name"":""Steam""},""deal"":{""price"":{""amount"":4.19,""amountInt"":419,""currency"":""USD""},""regular"":{""amount"":6.99,""amountInt"":699,""currency"":""USD""},""cut"":40}}]"
1655440,Themes of Dark and Light,2024,2024-11-27,2024-12-04,UTC,2024-11-27T00:00:00Z,2024-12-05T00:00:00Z,data/raw/itad/1655440.json,ok,,0,0,36,0,False,0,0,0,0,0,0,0,,,,,,,False,D,10,2024-07-11T20:09:02+02:00,2024-07-11T18:09:02Z,61,Steam,object,6.99,699,USD,6.99,699,USD,0,full_price,,"{""timestamp"":""2024-07-11T20:09:02+02:00"",""shop"":{""id"":61,""name"":""Steam""},""deal"":{""price"":{""amount"":6.99,""amountInt"":699,""currency"":""USD""},""regular"":{""amount"":6.99,""amountInt"":699,""currency"":""USD""},""cut"":0}}",138.24372685185185,1,"[{""timestamp"":""2024-07-11T20:09:02+02:00"",""shop"":{""id"":61,""name"":""Steam""},""deal"":{""price"":{""amount"":6.99,""amountInt"":699,""currency"":""USD""},""regular"":{""amount"":6.99,""amountInt"":699,""currency"":""USD""},""cut"":0}}]",9,2024-12-20T08:15:46+01:00,2024-12-20T07:15:46Z,61,Steam,object,3.49,349,USD,6.99,699,USD,50,discount,,"{""timestamp"":""2024-12-20T08:15:46+01:00"",""shop"":{""id"":61,""name"":""Steam""},""deal"":{""price"":{""amount"":3.49,""amountInt"":349,""currency"":""USD""},""regular"":{""amount"":6.99,""amountInt"":699,""currency"":""USD""},""cut"":50}}",15.302615740740741,1,"[{""timestamp"":""2024-12-20T08:15:46+01:00"",""shop"":{""id"":61,""name"":""Steam""},""deal"":{""price"":{""amount"":3.49,""amountInt"":349,""currency"":""USD""},""regular"":{""amount"":6.99,""amountInt"":699,""currency"":""USD""},""cut"":50}}]"
1708340,BlazingAngel Mistletear,2023,2023-11-21,2023-11-28,UTC,2023-11-21T00:00:00Z,2023-11-29T00:00:00Z,data/raw/itad/1708340.json,ok,,0,0,16,0,False,0,0,0,0,0,0,0,,,,,,,False,D,15,2023-07-21T05:18:07+02:00,2023-07-21T03:18:07Z,61,Steam,object,15.99,1599,USD,15.99,1599,USD,0,full_price,,"{""timestamp"":""2023-07-21T05:18:07+02:00"",""shop"":{""id"":61,""name"":""Steam""},""deal"":{""price"":{""amount"":15.99,""amountInt"":1599,""currency"":""USD""},""regular"":{""amount"":15.99,""amountInt"":1599,""currency"":""USD""},""cut"":0}}",122.86241898148148,1,"[{""timestamp"":""2023-07-21T05:18:07+02:00"",""shop"":{""id"":61,""name"":""Steam""},""deal"":{""price"":{""amount"":15.99,""amountInt"":1599,""currency"":""USD""},""regular"":{""amount"":15.99,""amountInt"":1599,""currency"":""USD""},""cut"":0}}]",14,2024-12-20T01:18:38+01:00,2024-12-20T00:18:38Z,61,Steam,object,11.19,1119,USD,15.99,1599,USD,30,discount,,"{""timestamp"":""2024-12-20T01:18:38+01:00"",""shop"":{""id"":61,""name"":""Steam""},""deal"":{""price"":{""amount"":11.19,""amountInt"":1119,""currency"":""USD""},""regular"":{""amount"":15.99,""amountInt"":1599,""currency"":""USD""},""cut"":30}}",387.01293981481484,1,"[{""timestamp"":""2024-12-20T01:18:38+01:00"",""shop"":{""id"":61,""name"":""Steam""},""deal"":{""price"":{""amount"":11.19,""amountInt"":1119,""currency"":""USD""},""regular"":{""amount"":15.99,""amountInt"":1599,""currency"":""USD""},""cut"":30}}]"
1708340,BlazingAngel Mistletear,2024,2024-11-27,2024-12-04,UTC,2024-11-27T00:00:00Z,2024-12-05T00:00:00Z,data/raw/itad/1708340.json,ok,,0,0,16,0,False,0,0,0,0,0,0,0,,,,,,,False,D,15,2023-07-21T05:18:07+02:00,2023-07-21T03:18:07Z,61,Steam,object,15.99,1599,USD,15.99,1599,USD,0,full_price,,"{""timestamp"":""2023-07-21T05:18:07+02:00"",""shop"":{""id"":61,""name"":""Steam""},""deal"":{""price"":{""amount"":15.99,""amountInt"":1599,""currency"":""USD""},""regular"":{""amount"":15.99,""amountInt"":1599,""currency"":""USD""},""cut"":0}}",494.8624189814815,1,"[{""timestamp"":""2023-07-21T05:18:07+02:00"",""shop"":{""id"":61,""name"":""Steam""},""deal"":{""price"":{""amount"":15.99,""amountInt"":1599,""currency"":""USD""},""regular"":{""amount"":15.99,""amountInt"":1599,""currency"":""USD""},""cut"":0}}]",14,2024-12-20T01:18:38+01:00,2024-12-20T00:18:38Z,61,Steam,object,11.19,1119,USD,15.99,1599,USD,30,discount,,"{""timestamp"":""2024-12-20T01:18:38+01:00"",""shop"":{""id"":61,""name"":""Steam""},""deal"":{""price"":{""amount"":11.19,""amountInt"":1119,""currency"":""USD""},""regular"":{""amount"":15.99,""amountInt"":1599,""currency"":""USD""},""cut"":30}}",15.012939814814814,1,"[{""timestamp"":""2024-12-20T01:18:38+01:00"",""shop"":{""id"":61,""name"":""Steam""},""deal"":{""price"":{""amount"":11.19,""amountInt"":1119,""currency"":""USD""},""regular"":{""amount"":15.99,""amountInt"":1599,""currency"":""USD""},""cut"":30}}]"
1740720,Have a Nice Death,2023,2023-11-21,2023-11-28,UTC,2023-11-21T00:00:00Z,2023-11-29T00:00:00Z,data/raw/itad/1740720.json,ok,,0,0,65,0,False,0,0,0,0,0,0,0,,,,,,,False,D,47,2023-11-02T18:28:19+01:00,2023-11-02T17:28:19Z,61,Steam,object,24.99,2499,USD,24.99,2499,USD,0,full_price,,"{""timestamp"":""2023-11-02T18:28:19+01:00"",""shop"":{""id"":61,""name"":""Steam""},""deal"":{""price"":{""amount"":24.99,""amountInt"":2499,""currency"":""USD""},""regular"":{""amount"":24.99,""amountInt"":2499,""currency"":""USD""},""cut"":0}}",18.272002314814817,1,"[{""timestamp"":""2023-11-02T18:28:19+01:00"",""shop"":{""id"":61,""name"":""Steam""},""deal"":{""price"":{""amount"":24.99,""amountInt"":2499,""currency"":""USD""},""regular"":{""amount"":24.99,""amountInt"":2499,""currency"":""USD""},""cut"":0}}]",46,2023-12-21T23:16:33+01:00,2023-12-21T22:16:33Z,61,Steam,object,16.74,1674,USD,24.99,2499,USD,33,discount,,"{""timestamp"":""2023-12-21T23:16:33+01:00"",""shop"":{""id"":61,""name"":""Steam""},""deal"":{""price"":{""amount"":16.74,""amountInt"":1674,""currency"":""USD""},""regular"":{""amount"":24.99,""amountInt"":2499,""currency"":""USD""},""cut"":33}}",22.928159722222222,1,"[{""timestamp"":""2023-12-21T23:16:33+01:00"",""shop"":{""id"":61,""name"":""Steam""},""deal"":{""price"":{""amount"":16.74,""amountInt"":1674,""currency"":""USD""},""regular"":{""amount"":24.99,""amountInt"":2499,""currency"":""USD""},""cut"":33}}]"
1740720,Have a Nice Death,2024,2024-11-27,2024-12-04,UTC,2024-11-27T00:00:00Z,2024-12-05T00:00:00Z,data/raw/itad/1740720.json,ok,,0,0,65,2,True,2,1,1,0,0,1,1,2024-11-27T20:50:22Z,2024-12-04T19:06:19Z,USD,12.49,24.99,50,True,A,31,2024-11-04T19:23:46+01:00,2024-11-04T18:23:46Z,61,Steam,object,24.99,2499,USD,24.99,2499,USD,0,full_price,,"{""timestamp"":""2024-11-04T19:23:46+01:00"",""shop"":{""id"":61,""name"":""Steam""},""deal"":{""price"":{""amount"":24.99,""amountInt"":2499,""currency"":""USD""},""regular"":{""amount"":24.99,""amountInt"":2499,""currency"":""USD""},""cut"":0}}",22.23349537037037,1,"[{""timestamp"":""2024-11-04T19:23:46+01:00"",""shop"":{""id"":61,""name"":""Steam""},""deal"":{""price"":{""amount"":24.99,""amountInt"":2499,""currency"":""USD""},""regular"":{""amount"":24.99,""amountInt"":2499,""currency"":""USD""},""cut"":0}}]",28,2024-12-19T22:28:31+01:00,2024-12-19T21:28:31Z,61,Steam,object,12.49,1249,USD,24.99,2499,USD,50,discount,,"{""timestamp"":""2024-12-19T22:28:31+01:00"",""shop"":{""id"":61,""name"":""Steam""},""deal"":{""price"":{""amount"":12.49,""amountInt"":1249,""currency"":""USD""},""regular"":{""amount"":24.99,""amountInt"":2499,""currency"":""USD""},""cut"":50}}",14.89480324074074,1,"[{""timestamp"":""2024-12-19T22:28:31+01:00"",""shop"":{""id"":61,""name"":""Steam""},""deal"":{""price"":{""amount"":12.49,""amountInt"":1249,""currency"":""USD""},""regular"":{""amount"":24.99,""amountInt"":2499,""currency"":""USD""},""cut"":50}}]"
1785150,Friends vs Friends,2023,2023-11-21,2023-11-28,UTC,2023-11-21T00:00:00Z,2023-11-29T00:00:00Z,data/raw/itad/1785150.json,ok,,0,0,80,2,True,2,1,1,0,0,1,1,2023-11-21T21:21:18Z,2023-11-28T21:03:33Z,USD,4.99,9.99,50,True,A,69,2023-11-07T14:03:19+01:00,2023-11-07T13:03:19Z,61,Steam,object,9.99,999,USD,9.99,999,USD,0,full_price,,"{""timestamp"":""2023-11-07T14:03:19+01:00"",""shop"":{""id"":61,""name"":""Steam""},""deal"":{""price"":{""amount"":9.99,""amountInt"":999,""currency"":""USD""},""regular"":{""amount"":9.99,""amountInt"":999,""currency"":""USD""},""cut"":0}}",13.456030092592593,1,"[{""timestamp"":""2023-11-07T14:03:19+01:00"",""shop"":{""id"":61,""name"":""Steam""},""deal"":{""price"":{""amount"":9.99,""amountInt"":999,""currency"":""USD""},""regular"":{""amount"":9.99,""amountInt"":999,""currency"":""USD""},""cut"":0}}]",66,2023-12-08T19:06:33+01:00,2023-12-08T18:06:33Z,61,Steam,object,4.99,499,USD,9.99,999,USD,50,discount,,"{""timestamp"":""2023-12-08T19:06:33+01:00"",""shop"":{""id"":61,""name"":""Steam""},""deal"":{""price"":{""amount"":4.99,""amountInt"":499,""currency"":""USD""},""regular"":{""amount"":9.99,""amountInt"":999,""currency"":""USD""},""cut"":50}}",9.754548611111112,1,"[{""timestamp"":""2023-12-08T19:06:33+01:00"",""shop"":{""id"":61,""name"":""Steam""},""deal"":{""price"":{""amount"":4.99,""amountInt"":499,""currency"":""USD""},""regular"":{""amount"":9.99,""amountInt"":999,""currency"":""USD""},""cut"":50}}]"
1785150,Friends vs Friends,2024,2024-11-27,2024-12-04,UTC,2024-11-27T00:00:00Z,2024-12-05T00:00:00Z,data/raw/itad/1785150.json,ok,,0,0,80,2,True,2,1,1,0,0,1,1,2024-11-27T21:03:02Z,2024-12-04T19:05:41Z,USD,2.99,9.99,70,True,A,47,2024-11-11T19:21:36+01:00,2024-11-11T18:21:36Z,61,Steam,object,9.99,999,USD,9.99,999,USD,0,full_price,,"{""timestamp"":""2024-11-11T19:21:36+01:00"",""shop"":{""id"":61,""name"":""Steam""},""deal"":{""price"":{""amount"":9.99,""amountInt"":999,""currency"":""USD""},""regular"":{""amount"":9.99,""amountInt"":999,""currency"":""USD""},""cut"":0}}",15.235,1,"[{""timestamp"":""2024-11-11T19:21:36+01:00"",""shop"":{""id"":61,""name"":""Steam""},""deal"":{""price"":{""amount"":9.99,""amountInt"":999,""currency"":""USD""},""regular"":{""amount"":9.99,""amountInt"":999,""currency"":""USD""},""cut"":0}}]",44,2024-12-11T19:18:52+01:00,2024-12-11T18:18:52Z,61,Steam,object,2.99,299,USD,9.99,999,USD,70,discount,,"{""timestamp"":""2024-12-11T19:18:52+01:00"",""shop"":{""id"":61,""name"":""Steam""},""deal"":{""price"":{""amount"":2.99,""amountInt"":299,""currency"":""USD""},""regular"":{""amount"":9.99,""amountInt"":999,""currency"":""USD""},""cut"":70}}",6.763101851851852,1,"[{""timestamp"":""2024-12-11T19:18:52+01:00"",""shop"":{""id"":61,""name"":""Steam""},""deal"":{""price"":{""amount"":2.99,""amountInt"":299,""currency"":""USD""},""regular"":{""amount"":9.99,""amountInt"":999,""currency"":""USD""},""cut"":70}}]"
1836120,QUICKERFLAK,2023,2023-11-21,2023-11-28,UTC,2023-11-21T00:00:00Z,2023-11-29T00:00:00Z,data/raw/itad/1836120.json,ok,,0,0,73,1,True,1,0,1,0,0,0,1,2023-11-28T21:06:13Z,2023-11-28T21:06:13Z,USD,0.99,0.99,0,False,B,49,2023-11-08T19:04:14+01:00,2023-11-08T18:04:14Z,61,Steam,object,0.49,49,USD,0.99,99,USD,51,discount,,"{""timestamp"":""2023-11-08T19:04:14+01:00"",""shop"":{""id"":61,""name"":""Steam""},""deal"":{""price"":{""amount"":0.49,""amountInt"":49,""currency"":""USD""},""regular"":{""amount"":0.99,""amountInt"":99,""currency"":""USD""},""cut"":51}}",12.247060185185186,1,"[{""timestamp"":""2023-11-08T19:04:14+01:00"",""shop"":{""id"":61,""name"":""Steam""},""deal"":{""price"":{""amount"":0.49,""amountInt"":49,""currency"":""USD""},""regular"":{""amount"":0.99,""amountInt"":99,""currency"":""USD""},""cut"":51}}]",47,2023-12-21T23:22:05+01:00,2023-12-21T22:22:05Z,61,Steam,object,0.49,49,USD,0.99,99,USD,51,discount,,"{""timestamp"":""2023-12-21T23:22:05+01:00"",""shop"":{""id"":61,""name"":""Steam""},""deal"":{""price"":{""amount"":0.49,""amountInt"":49,""currency"":""USD""},""regular"":{""amount"":0.99,""amountInt"":99,""currency"":""USD""},""cut"":51}}",22.932002314814813,1,"[{""timestamp"":""2023-12-21T23:22:05+01:00"",""shop"":{""id"":61,""name"":""Steam""},""deal"":{""price"":{""amount"":0.49,""amountInt"":49,""currency"":""USD""},""regular"":{""amount"":0.99,""amountInt"":99,""currency"":""USD""},""cut"":51}}]"
1836120,QUICKERFLAK,2024,2024-11-27,2024-12-04,UTC,2024-11-27T00:00:00Z,2024-12-05T00:00:00Z,data/raw/itad/1836120.json,ok,,0,0,73,2,True,2,1,1,0,0,1,1,2024-11-27T21:01:43Z,2024-12-04T19:11:46Z,USD,0.49,0.99,51,True,A,30,2024-11-05T18:18:42+01:00,2024-11-05T17:18:42Z,61,Steam,object,0.99,99,USD,0.99,99,USD,0,full_price,,"{""timestamp"":""2024-11-05T18:18:42+01:00"",""shop"":{""id"":61,""name"":""Steam""},""deal"":{""price"":{""amount"":0.99,""amountInt"":99,""currency"":""USD""},""regular"":{""amount"":0.99,""amountInt"":99,""currency"":""USD""},""cut"":0}}",21.278680555555557,1,"[{""timestamp"":""2024-11-05T18:18:42+01:00"",""shop"":{""id"":61,""name"":""Steam""},""deal"":{""price"":{""amount"":0.99,""amountInt"":99,""currency"":""USD""},""regular"":{""amount"":0.99,""amountInt"":99,""currency"":""USD""},""cut"":0}}]",27,2024-12-05T19:17:20+01:00,2024-12-05T18:17:20Z,61,Steam,object,0.49,49,USD,0.99,99,USD,51,discount,,"{""timestamp"":""2024-12-05T19:17:20+01:00"",""shop"":{""id"":61,""name"":""Steam""},""deal"":{""price"":{""amount"":0.49,""amountInt"":49,""currency"":""USD""},""regular"":{""amount"":0.99,""amountInt"":99,""currency"":""USD""},""cut"":51}}",0.7620370370370371,1,"[{""timestamp"":""2024-12-05T19:17:20+01:00"",""shop"":{""id"":61,""name"":""Steam""},""deal"":{""price"":{""amount"":0.49,""amountInt"":49,""currency"":""USD""},""regular"":{""amount"":0.99,""amountInt"":99,""currency"":""USD""},""cut"":51}}]"
1882420,Learn Programming: Python - Remake,2023,2023-11-21,2023-11-28,UTC,2023-11-21T00:00:00Z,2023-11-29T00:00:00Z,data/raw/itad/1882420.json,ok,,0,0,39,1,True,1,0,1,0,0,0,1,2023-11-28T21:10:19Z,2023-11-28T21:10:19Z,USD,2.99,2.99,0,False,B,28,2023-06-29T22:28:47+02:00,2023-06-29T20:28:47Z,61,Steam,object,1.79,179,USD,2.99,299,USD,40,discount,,"{""timestamp"":""2023-06-29T22:28:47+02:00"",""shop"":{""id"":61,""name"":""Steam""},""deal"":{""price"":{""amount"":1.79,""amountInt"":179,""currency"":""USD""},""regular"":{""amount"":2.99,""amountInt"":299,""currency"":""USD""},""cut"":40}}",144.14667824074073,1,"[{""timestamp"":""2023-06-29T22:28:47+02:00"",""shop"":{""id"":61,""name"":""Steam""},""deal"":{""price"":{""amount"":1.79,""amountInt"":179,""currency"":""USD""},""regular"":{""amount"":2.99,""amountInt"":299,""currency"":""USD""},""cut"":40}}]",26,2023-12-21T23:37:31+01:00,2023-12-21T22:37:31Z,61,Steam,object,1.79,179,USD,2.99,299,USD,40,discount,,"{""timestamp"":""2023-12-21T23:37:31+01:00"",""shop"":{""id"":61,""name"":""Steam""},""deal"":{""price"":{""amount"":1.79,""amountInt"":179,""currency"":""USD""},""regular"":{""amount"":2.99,""amountInt"":299,""currency"":""USD""},""cut"":40}}",22.942719907407408,1,"[{""timestamp"":""2023-12-21T23:37:31+01:00"",""shop"":{""id"":61,""name"":""Steam""},""deal"":{""price"":{""amount"":1.79,""amountInt"":179,""currency"":""USD""},""regular"":{""amount"":2.99,""amountInt"":299,""currency"":""USD""},""cut"":40}}]"
1882420,Learn Programming: Python - Remake,2024,2024-11-27,2024-12-04,UTC,2024-11-27T00:00:00Z,2024-12-05T00:00:00Z,data/raw/itad/1882420.json,ok,,0,0,39,2,True,2,1,1,0,0,1,1,2024-11-27T19:28:56Z,2024-12-04T19:11:58Z,USD,1.79,2.99,40,True,A,19,2024-07-11T20:15:26+02:00,2024-07-11T18:15:26Z,61,Steam,object,2.99,299,USD,2.99,299,USD,0,full_price,,"{""timestamp"":""2024-07-11T20:15:26+02:00"",""shop"":{""id"":61,""name"":""Steam""},""deal"":{""price"":{""amount"":2.99,""amountInt"":299,""currency"":""USD""},""regular"":{""amount"":2.99,""amountInt"":299,""currency"":""USD""},""cut"":0}}",138.23928240740742,1,"[{""timestamp"":""2024-07-11T20:15:26+02:00"",""shop"":{""id"":61,""name"":""Steam""},""deal"":{""price"":{""amount"":2.99,""amountInt"":299,""currency"":""USD""},""regular"":{""amount"":2.99,""amountInt"":299,""currency"":""USD""},""cut"":0}}]",16,2024-12-20T08:15:46+01:00,2024-12-20T07:15:46Z,61,Steam,object,1.79,179,USD,2.99,299,USD,40,discount,,"{""timestamp"":""2024-12-20T08:15:46+01:00"",""shop"":{""id"":61,""name"":""Steam""},""deal"":{""price"":{""amount"":1.79,""amountInt"":179,""currency"":""USD""},""regular"":{""amount"":2.99,""amountInt"":299,""currency"":""USD""},""cut"":40}}",15.302615740740741,1,"[{""timestamp"":""2024-12-20T08:15:46+01:00"",""shop"":{""id"":61,""name"":""Steam""},""deal"":{""price"":{""amount"":1.79,""amountInt"":179,""currency"":""USD""},""regular"":{""amount"":2.99,""amountInt"":299,""currency"":""USD""},""cut"":40}}]"
1894600,Monster,2023,2023-11-21,2023-11-28,UTC,2023-11-21T00:00:00Z,2023-11-29T00:00:00Z,data/raw/itad/1894600.json,ok,,0,0,0,0,False,0,0,0,0,0,0,0,,,,,,,False,D,,,,,,,,,,,,,,,,,,0,,,,,,,,,,,,,,,,,,,0,
1894600,Monster,2024,2024-11-27,2024-12-04,UTC,2024-11-27T00:00:00Z,2024-12-05T00:00:00Z,data/raw/itad/1894600.json,ok,,0,0,0,0,False,0,0,0,0,0,0,0,,,,,,,False,D,,,,,,,,,,,,,,,,,,0,,,,,,,,,,,,,,,,,,,0,
2009420,Zaxterion: Space Frenzy!,2023,2023-11-21,2023-11-28,UTC,2023-11-21T00:00:00Z,2023-11-29T00:00:00Z,data/raw/itad/2009420.json,ok,,0,0,68,2,True,2,1,1,0,0,1,1,2023-11-21T21:34:21Z,2023-11-28T21:17:56Z,USD,4.99,9.99,50,True,A,42,2023-11-13T19:29:55+01:00,2023-11-13T18:29:55Z,61,Steam,object,9.99,999,USD,9.99,999,USD,0,full_price,,"{""timestamp"":""2023-11-13T19:29:55+01:00"",""shop"":{""id"":61,""name"":""Steam""},""deal"":{""price"":{""amount"":9.99,""amountInt"":999,""currency"":""USD""},""regular"":{""amount"":9.99,""amountInt"":999,""currency"":""USD""},""cut"":0}}",7.229224537037037,1,"[{""timestamp"":""2023-11-13T19:29:55+01:00"",""shop"":{""id"":61,""name"":""Steam""},""deal"":{""price"":{""amount"":9.99,""amountInt"":999,""currency"":""USD""},""regular"":{""amount"":9.99,""amountInt"":999,""currency"":""USD""},""cut"":0}}]",39,2023-12-22T00:42:03+01:00,2023-12-21T23:42:03Z,61,Steam,object,4.99,499,USD,9.99,999,USD,50,discount,,"{""timestamp"":""2023-12-22T00:42:03+01:00"",""shop"":{""id"":61,""name"":""Steam""},""deal"":{""price"":{""amount"":4.99,""amountInt"":499,""currency"":""USD""},""regular"":{""amount"":9.99,""amountInt"":999,""currency"":""USD""},""cut"":50}}",22.98753472222222,1,"[{""timestamp"":""2023-12-22T00:42:03+01:00"",""shop"":{""id"":61,""name"":""Steam""},""deal"":{""price"":{""amount"":4.99,""amountInt"":499,""currency"":""USD""},""regular"":{""amount"":9.99,""amountInt"":999,""currency"":""USD""},""cut"":50}}]"
2009420,Zaxterion: Space Frenzy!,2024,2024-11-27,2024-12-04,UTC,2024-11-27T00:00:00Z,2024-12-05T00:00:00Z,data/raw/itad/2009420.json,ok,,0,0,68,2,True,2,1,1,0,0,1,1,2024-11-27T21:36:33Z,2024-12-04T19:18:05Z,USD,3.99,9.99,60,True,A,22,2024-11-11T18:18:27+01:00,2024-11-11T17:18:27Z,61,Steam,object,9.99,999,USD,9.99,999,USD,0,full_price,,"{""timestamp"":""2024-11-11T18:18:27+01:00"",""shop"":{""id"":61,""name"":""Steam""},""deal"":{""price"":{""amount"":9.99,""amountInt"":999,""currency"":""USD""},""regular"":{""amount"":9.99,""amountInt"":999,""currency"":""USD""},""cut"":0}}",15.278854166666667,1,"[{""timestamp"":""2024-11-11T18:18:27+01:00"",""shop"":{""id"":61,""name"":""Steam""},""deal"":{""price"":{""amount"":9.99,""amountInt"":999,""currency"":""USD""},""regular"":{""amount"":9.99,""amountInt"":999,""currency"":""USD""},""cut"":0}}]",19,2024-12-21T17:18:32+01:00,2024-12-21T16:18:32Z,61,Steam,object,3.49,349,USD,9.99,999,USD,65,discount,,"{""timestamp"":""2024-12-21T17:18:32+01:00"",""shop"":{""id"":61,""name"":""Steam""},""deal"":{""price"":{""amount"":3.49,""amountInt"":349,""currency"":""USD""},""regular"":{""amount"":9.99,""amountInt"":999,""currency"":""USD""},""cut"":65}}",16.679537037037036,1,"[{""timestamp"":""2024-12-21T17:18:32+01:00"",""shop"":{""id"":61,""name"":""Steam""},""deal"":{""price"":{""amount"":3.49,""amountInt"":349,""currency"":""USD""},""regular"":{""amount"":9.99,""amountInt"":999,""currency"":""USD""},""cut"":65}}]"
2062610,Phantom Club (CPC/Spectrum),2023,2023-11-21,2023-11-28,UTC,2023-11-21T00:00:00Z,2023-11-29T00:00:00Z,data/raw/itad/2062610.json,ok,,0,0,0,0,False,0,0,0,0,0,0,0,,,,,,,False,D,,,,,,,,,,,,,,,,,,0,,,,,,,,,,,,,,,,,,,0,
2062610,Phantom Club (CPC/Spectrum),2024,2024-11-27,2024-12-04,UTC,2024-11-27T00:00:00Z,2024-12-05T00:00:00Z,data/raw/itad/2062610.json,ok,,0,0,0,0,False,0,0,0,0,0,0,0,,,,,,,False,D,,,,,,,,,,,,,,,,,,0,,,,,,,,,,,,,,,,,,,0,
2123430,BULLCRAP!,2023,2023-11-21,2023-11-28,UTC,2023-11-21T00:00:00Z,2023-11-29T00:00:00Z,data/raw/itad/2123430.json,ok,,0,0,15,0,False,0,0,0,0,0,0,0,,,,,,,False,D,14,2023-10-05T08:07:46+02:00,2023-10-05T06:07:46Z,61,Steam,object,5.99,599,USD,5.99,599,USD,0,full_price,,"{""timestamp"":""2023-10-05T08:07:46+02:00"",""shop"":{""id"":61,""name"":""Steam""},""deal"":{""price"":{""amount"":5.99,""amountInt"":599,""currency"":""USD""},""regular"":{""amount"":5.99,""amountInt"":599,""currency"":""USD""},""cut"":0}}",46.74460648148148,1,"[{""timestamp"":""2023-10-05T08:07:46+02:00"",""shop"":{""id"":61,""name"":""Steam""},""deal"":{""price"":{""amount"":5.99,""amountInt"":599,""currency"":""USD""},""regular"":{""amount"":5.99,""amountInt"":599,""currency"":""USD""},""cut"":0}}]",13,2023-12-21T23:49:05+01:00,2023-12-21T22:49:05Z,61,Steam,object,4.19,419,USD,5.99,599,USD,30,discount,,"{""timestamp"":""2023-12-21T23:49:05+01:00"",""shop"":{""id"":61,""name"":""Steam""},""deal"":{""price"":{""amount"":4.19,""amountInt"":419,""currency"":""USD""},""regular"":{""amount"":5.99,""amountInt"":599,""currency"":""USD""},""cut"":30}}",22.950752314814814,1,"[{""timestamp"":""2023-12-21T23:49:05+01:00"",""shop"":{""id"":61,""name"":""Steam""},""deal"":{""price"":{""amount"":4.19,""amountInt"":419,""currency"":""USD""},""regular"":{""amount"":5.99,""amountInt"":599,""currency"":""USD""},""cut"":30}}]"
2123430,BULLCRAP!,2024,2024-11-27,2024-12-04,UTC,2024-11-27T00:00:00Z,2024-12-05T00:00:00Z,data/raw/itad/2123430.json,ok,,0,0,15,2,True,2,1,1,0,0,1,1,2024-11-27T19:52:01Z,2024-12-04T19:18:23Z,USD,3.59,5.99,40,True,A,6,2024-09-16T02:18:07+02:00,2024-09-16T00:18:07Z,61,Steam,object,5.99,599,USD,5.99,599,USD,0,full_price,,"{""timestamp"":""2024-09-16T02:18:07+02:00"",""shop"":{""id"":61,""name"":""Steam""},""deal"":{""price"":{""amount"":5.99,""amountInt"":599,""currency"":""USD""},""regular"":{""amount"":5.99,""amountInt"":599,""currency"":""USD""},""cut"":0}}",71.98741898148148,1,"[{""timestamp"":""2024-09-16T02:18:07+02:00"",""shop"":{""id"":61,""name"":""Steam""},""deal"":{""price"":{""amount"":5.99,""amountInt"":599,""currency"":""USD""},""regular"":{""amount"":5.99,""amountInt"":599,""currency"":""USD""},""cut"":0}}]",3,2024-12-07T07:03:17+01:00,2024-12-07T06:03:17Z,61,Steam,object,2.99,299,USD,5.99,599,USD,50,discount,,"{""timestamp"":""2024-12-07T07:03:17+01:00"",""shop"":{""id"":61,""name"":""Steam""},""deal"":{""price"":{""amount"":2.99,""amountInt"":299,""currency"":""USD""},""regular"":{""amount"":5.99,""amountInt"":599,""currency"":""USD""},""cut"":50}}",2.2522800925925925,1,"[{""timestamp"":""2024-12-07T07:03:17+01:00"",""shop"":{""id"":61,""name"":""Steam""},""deal"":{""price"":{""amount"":2.99,""amountInt"":299,""currency"":""USD""},""regular"":{""amount"":5.99,""amountInt"":599,""currency"":""USD""},""cut"":50}}]"
2164880,Tilecraft,2023,2023-11-21,2023-11-28,UTC,2023-11-21T00:00:00Z,2023-11-29T00:00:00Z,data/raw/itad/2164880.json,ok,,0,0,6,0,False,0,0,0,0,0,0,0,,,,,,,False,D,2,2023-01-05T21:30:37+01:00,2023-01-05T20:30:37Z,61,Steam,object,4.99,499,USD,4.99,499,USD,0,full_price,,"{""timestamp"":""2023-01-05T21:30:37+01:00"",""shop"":{""id"":61,""name"":""Steam""},""deal"":{""price"":{""amount"":4.99,""amountInt"":499,""currency"":""USD""},""regular"":{""amount"":4.99,""amountInt"":499,""currency"":""USD""},""cut"":0}}",319.14540509259257,1,"[{""timestamp"":""2023-01-05T21:30:37+01:00"",""shop"":{""id"":61,""name"":""Steam""},""deal"":{""price"":{""amount"":4.99,""amountInt"":499,""currency"":""USD""},""regular"":{""amount"":4.99,""amountInt"":499,""currency"":""USD""},""cut"":0}}]",1,2025-03-12T00:30:29+01:00,2025-03-11T23:30:29Z,61,Steam,object,0.99,99,USD,0.99,99,USD,0,full_price,,"{""timestamp"":""2025-03-12T00:30:29+01:00"",""shop"":{""id"":61,""name"":""Steam""},""deal"":{""price"":{""amount"":0.99,""amountInt"":99,""currency"":""USD""},""regular"":{""amount"":0.99,""amountInt"":99,""currency"":""USD""},""cut"":0}}",468.9795023148148,1,"[{""timestamp"":""2025-03-12T00:30:29+01:00"",""shop"":{""id"":61,""name"":""Steam""},""deal"":{""price"":{""amount"":0.99,""amountInt"":99,""currency"":""USD""},""regular"":{""amount"":0.99,""amountInt"":99,""currency"":""USD""},""cut"":0}}]"
2164880,Tilecraft,2024,2024-11-27,2024-12-04,UTC,2024-11-27T00:00:00Z,2024-12-05T00:00:00Z,data/raw/itad/2164880.json,ok,,0,0,6,0,False,0,0,0,0,0,0,0,,,,,,,False,D,2,2023-01-05T21:30:37+01:00,2023-01-05T20:30:37Z,61,Steam,object,4.99,499,USD,4.99,499,USD,0,full_price,,"{""timestamp"":""2023-01-05T21:30:37+01:00"",""shop"":{""id"":61,""name"":""Steam""},""deal"":{""price"":{""amount"":4.99,""amountInt"":499,""currency"":""USD""},""regular"":{""amount"":4.99,""amountInt"":499,""currency"":""USD""},""cut"":0}}",691.1454050925926,1,"[{""timestamp"":""2023-01-05T21:30:37+01:00"",""shop"":{""id"":61,""name"":""Steam""},""deal"":{""price"":{""amount"":4.99,""amountInt"":499,""currency"":""USD""},""regular"":{""amount"":4.99,""amountInt"":499,""currency"":""USD""},""cut"":0}}]",1,2025-03-12T00:30:29+01:00,2025-03-11T23:30:29Z,61,Steam,object,0.99,99,USD,0.99,99,USD,0,full_price,,"{""timestamp"":""2025-03-12T00:30:29+01:00"",""shop"":{""id"":61,""name"":""Steam""},""deal"":{""price"":{""amount"":0.99,""amountInt"":99,""currency"":""USD""},""regular"":{""amount"":0.99,""amountInt"":99,""currency"":""USD""},""cut"":0}}",96.97950231481481,1,"[{""timestamp"":""2025-03-12T00:30:29+01:00"",""shop"":{""id"":61,""name"":""Steam""},""deal"":{""price"":{""amount"":0.99,""amountInt"":99,""currency"":""USD""},""regular"":{""amount"":0.99,""amountInt"":99,""currency"":""USD""},""cut"":0}}]"
2205710,Hentai Beauty,2023,2023-11-21,2023-11-28,UTC,2023-11-21T00:00:00Z,2023-11-29T00:00:00Z,data/raw/itad/2205710.json,ok,,0,0,75,2,True,2,1,1,0,0,1,1,2023-11-21T22:56:43Z,2023-11-28T21:29:21Z,USD,0.49,0.99,51,True,A,59,2023-10-25T19:21:57+02:00,2023-10-25T17:21:57Z,61,Steam,object,0.99,99,USD,0.99,99,USD,0,full_price,,"{""timestamp"":""2023-10-25T19:21:57+02:00"",""shop"":{""id"":61,""name"":""Steam""},""deal"":{""price"":{""amount"":0.99,""amountInt"":99,""currency"":""USD""},""regular"":{""amount"":0.99,""amountInt"":99,""currency"":""USD""},""cut"":0}}",26.27642361111111,1,"[{""timestamp"":""2023-10-25T19:21:57+02:00"",""shop"":{""id"":61,""name"":""Steam""},""deal"":{""price"":{""amount"":0.99,""amountInt"":99,""currency"":""USD""},""regular"":{""amount"":0.99,""amountInt"":99,""currency"":""USD""},""cut"":0}}]",56,2023-12-03T19:18:31+01:00,2023-12-03T18:18:31Z,61,Steam,object,0.49,49,USD,0.99,99,USD,51,discount,,"{""timestamp"":""2023-12-03T19:18:31+01:00"",""shop"":{""id"":61,""name"":""Steam""},""deal"":{""price"":{""amount"":0.49,""amountInt"":49,""currency"":""USD""},""regular"":{""amount"":0.99,""amountInt"":99,""currency"":""USD""},""cut"":51}}",4.762858796296296,1,"[{""timestamp"":""2023-12-03T19:18:31+01:00"",""shop"":{""id"":61,""name"":""Steam""},""deal"":{""price"":{""amount"":0.49,""amountInt"":49,""currency"":""USD""},""regular"":{""amount"":0.99,""amountInt"":99,""currency"":""USD""},""cut"":51}}]"
2205710,Hentai Beauty,2024,2024-11-27,2024-12-04,UTC,2024-11-27T00:00:00Z,2024-12-05T00:00:00Z,data/raw/itad/2205710.json,ok,,0,0,75,2,True,2,1,1,0,0,1,1,2024-11-27T21:10:59Z,2024-12-04T19:23:49Z,USD,0.49,0.99,51,True,A,39,2024-11-13T18:15:31+01:00,2024-11-13T17:15:31Z,61,Steam,object,0.99,99,USD,0.99,99,USD,0,full_price,,"{""timestamp"":""2024-11-13T18:15:31+01:00"",""shop"":{""id"":61,""name"":""Steam""},""deal"":{""price"":{""amount"":0.99,""amountInt"":99,""currency"":""USD""},""regular"":{""amount"":0.99,""amountInt"":99,""currency"":""USD""},""cut"":0}}",13.280891203703703,1,"[{""timestamp"":""2024-11-13T18:15:31+01:00"",""shop"":{""id"":61,""name"":""Steam""},""deal"":{""price"":{""amount"":0.99,""amountInt"":99,""currency"":""USD""},""regular"":{""amount"":0.99,""amountInt"":99,""currency"":""USD""},""cut"":0}}]",36,2024-12-20T11:48:38+01:00,2024-12-20T10:48:38Z,61,Steam,object,0.49,49,USD,0.99,99,USD,51,discount,,"{""timestamp"":""2024-12-20T11:48:38+01:00"",""shop"":{""id"":61,""name"":""Steam""},""deal"":{""price"":{""amount"":0.49,""amountInt"":49,""currency"":""USD""},""regular"":{""amount"":0.99,""amountInt"":99,""currency"":""USD""},""cut"":51}}",15.450439814814814,1,"[{""timestamp"":""2024-12-20T11:48:38+01:00"",""shop"":{""id"":61,""name"":""Steam""},""deal"":{""price"":{""amount"":0.49,""amountInt"":49,""currency"":""USD""},""regular"":{""amount"":0.99,""amountInt"":99,""currency"":""USD""},""cut"":51}}]"
2265760,Chosun Zombie Defense,2023,2023-11-21,2023-11-28,UTC,2023-11-21T00:00:00Z,2023-11-29T00:00:00Z,data/raw/itad/2265760.json,ok,,0,0,21,0,False,0,0,0,0,0,0,0,,,,,,,False,D,18,2023-03-23T22:18:10+01:00,2023-03-23T21:18:10Z,61,Steam,object,18.99,1899,USD,18.99,1899,USD,0,full_price,,"{""timestamp"":""2023-03-23T22:18:10+01:00"",""shop"":{""id"":61,""name"":""Steam""},""deal"":{""price"":{""amount"":18.99,""amountInt"":1899,""currency"":""USD""},""regular"":{""amount"":18.99,""amountInt"":1899,""currency"":""USD""},""cut"":0}}",242.11238425925927,1,"[{""timestamp"":""2023-03-23T22:18:10+01:00"",""shop"":{""id"":61,""name"":""Steam""},""deal"":{""price"":{""amount"":18.99,""amountInt"":1899,""currency"":""USD""},""regular"":{""amount"":18.99,""amountInt"":1899,""currency"":""USD""},""cut"":0}}]",17,2024-11-27T20:11:14+01:00,2024-11-27T19:11:14Z,61,Steam,object,13.29,1329,USD,18.99,1899,USD,30,discount,,"{""timestamp"":""2024-11-27T20:11:14+01:00"",""shop"":{""id"":61,""name"":""Steam""},""deal"":{""price"":{""amount"":13.29,""amountInt"":1329,""currency"":""USD""},""regular"":{""amount"":18.99,""amountInt"":1899,""currency"":""USD""},""cut"":30}}",364.7994675925926,1,"[{""timestamp"":""2024-11-27T20:11:14+01:00"",""shop"":{""id"":61,""name"":""Steam""},""deal"":{""price"":{""amount"":13.29,""amountInt"":1329,""currency"":""USD""},""regular"":{""amount"":18.99,""amountInt"":1899,""currency"":""USD""},""cut"":30}}]"
2265760,Chosun Zombie Defense,2024,2024-11-27,2024-12-04,UTC,2024-11-27T00:00:00Z,2024-12-05T00:00:00Z,data/raw/itad/2265760.json,ok,,0,0,21,2,True,2,1,1,0,0,1,1,2024-11-27T19:11:14Z,2024-12-04T19:24:02Z,USD,13.29,18.99,30,True,A,18,2023-03-23T22:18:10+01:00,2023-03-23T21:18:10Z,61,Steam,object,18.99,1899,USD,18.99,1899,USD,0,full_price,,"{""timestamp"":""2023-03-23T22:18:10+01:00"",""shop"":{""id"":61,""name"":""Steam""},""deal"":{""price"":{""amount"":18.99,""amountInt"":1899,""currency"":""USD""},""regular"":{""amount"":18.99,""amountInt"":1899,""currency"":""USD""},""cut"":0}}",614.1123842592592,1,"[{""timestamp"":""2023-03-23T22:18:10+01:00"",""shop"":{""id"":61,""name"":""Steam""},""deal"":{""price"":{""amount"":18.99,""amountInt"":1899,""currency"":""USD""},""regular"":{""amount"":18.99,""amountInt"":1899,""currency"":""USD""},""cut"":0}}]",15,2024-12-20T12:18:35+01:00,2024-12-20T11:18:35Z,61,Steam,object,13.29,1329,USD,18.99,1899,USD,30,discount,,"{""timestamp"":""2024-12-20T12:18:35+01:00"",""shop"":{""id"":61,""name"":""Steam""},""deal"":{""price"":{""amount"":13.29,""amountInt"":1329,""currency"":""USD""},""regular"":{""amount"":18.99,""amountInt"":1899,""currency"":""USD""},""cut"":30}}",15.471238425925925,1,"[{""timestamp"":""2024-12-20T12:18:35+01:00"",""shop"":{""id"":61,""name"":""Steam""},""deal"":{""price"":{""amount"":13.29,""amountInt"":1329,""currency"":""USD""},""regular"":{""amount"":18.99,""amountInt"":1899,""currency"":""USD""},""cut"":30}}]"
2268470,HOPE LEFT ME,2023,2023-11-21,2023-11-28,UTC,2023-11-21T00:00:00Z,2023-11-29T00:00:00Z,data/raw/itad/2268470.json,ok,,0,0,5,1,True,1,0,1,0,0,0,0,2023-11-25T18:24:20Z,2023-11-25T18:24:20Z,USD,1.99,1.99,0,False,B,1,2023-11-18T19:03:43+01:00,2023-11-18T18:03:43Z,61,Steam,object,1.59,159,USD,1.99,199,USD,20,discount,,"{""timestamp"":""2023-11-18T19:03:43+01:00"",""shop"":{""id"":61,""name"":""Steam""},""deal"":{""price"":{""amount"":1.59,""amountInt"":159,""currency"":""USD""},""regular"":{""amount"":1.99,""amountInt"":199,""currency"":""USD""},""cut"":20}}",2.2474189814814816,1,"[{""timestamp"":""2023-11-18T19:03:43+01:00"",""shop"":{""id"":61,""name"":""Steam""},""deal"":{""price"":{""amount"":1.59,""amountInt"":159,""currency"":""USD""},""regular"":{""amount"":1.99,""amountInt"":199,""currency"":""USD""},""cut"":20}}]",,,,,,,,,,,,,,,,,,0,
2268470,HOPE LEFT ME,2024,2024-11-27,2024-12-04,UTC,2024-11-27T00:00:00Z,2024-12-05T00:00:00Z,data/raw/itad/2268470.json,ok,,0,0,5,0,False,0,0,0,0,0,0,0,,,,,,,False,D,0,2023-11-25T19:24:20+01:00,2023-11-25T18:24:20Z,61,Steam,object,1.99,199,USD,1.99,199,USD,0,full_price,,"{""timestamp"":""2023-11-25T19:24:20+01:00"",""shop"":{""id"":61,""name"":""Steam""},""deal"":{""price"":{""amount"":1.99,""amountInt"":199,""currency"":""USD""},""regular"":{""amount"":1.99,""amountInt"":199,""currency"":""USD""},""cut"":0}}",367.23310185185187,1,"[{""timestamp"":""2023-11-25T19:24:20+01:00"",""shop"":{""id"":61,""name"":""Steam""},""deal"":{""price"":{""amount"":1.99,""amountInt"":199,""currency"":""USD""},""regular"":{""amount"":1.99,""amountInt"":199,""currency"":""USD""},""cut"":0}}]",,,,,,,,,,,,,,,,,,0,
2270520,No Way Out,2023,2023-11-21,2023-11-28,UTC,2023-11-21T00:00:00Z,2023-11-29T00:00:00Z,data/raw/itad/2270520.json,ok,,0,0,56,2,True,2,1,1,0,0,1,1,2023-11-21T21:46:15Z,2023-11-28T21:33:51Z,USD,3.24,4.99,35,True,A,45,2023-10-09T19:18:32+02:00,2023-10-09T17:18:32Z,61,Steam,object,4.99,499,USD,4.99,499,USD,0,full_price,,"{""timestamp"":""2023-10-09T19:18:32+02:00"",""shop"":{""id"":61,""name"":""Steam""},""deal"":{""price"":{""amount"":4.99,""amountInt"":499,""currency"":""USD""},""regular"":{""amount"":4.99,""amountInt"":499,""currency"":""USD""},""cut"":0}}",42.2787962962963,1,"[{""timestamp"":""2023-10-09T19:18:32+02:00"",""shop"":{""id"":61,""name"":""Steam""},""deal"":{""price"":{""amount"":4.99,""amountInt"":499,""currency"":""USD""},""regular"":{""amount"":4.99,""amountInt"":499,""currency"":""USD""},""cut"":0}}]",42,2023-12-04T20:41:01+01:00,2023-12-04T19:41:01Z,61,Steam,object,3.24,324,USD,4.99,499,USD,35,discount,,"{""timestamp"":""2023-12-04T20:41:01+01:00"",""shop"":{""id"":61,""name"":""Steam""},""deal"":{""price"":{""amount"":3.24,""amountInt"":324,""currency"":""USD""},""regular"":{""amount"":4.99,""amountInt"":499,""currency"":""USD""},""cut"":35}}",5.820150462962963,1,"[{""timestamp"":""2023-12-04T20:41:01+01:00"",""shop"":{""id"":61,""name"":""Steam""},""deal"":{""price"":{""amount"":3.24,""amountInt"":324,""currency"":""USD""},""regular"":{""amount"":4.99,""amountInt"":499,""currency"":""USD""},""cut"":35}}]"
2270520,No Way Out,2024,2024-11-27,2024-12-04,UTC,2024-11-27T00:00:00Z,2024-12-05T00:00:00Z,data/raw/itad/2270520.json,ok,,0,0,56,2,True,2,1,1,0,0,1,1,2024-11-27T21:11:51Z,2024-12-04T19:24:03Z,USD,1.99,4.99,60,True,A,23,2024-11-18T19:23:15+01:00,2024-11-18T18:23:15Z,61,Steam,object,4.99,499,USD,4.99,499,USD,0,full_price,,"{""timestamp"":""2024-11-18T19:23:15+01:00"",""shop"":{""id"":61,""name"":""Steam""},""deal"":{""price"":{""amount"":4.99,""amountInt"":499,""currency"":""USD""},""regular"":{""amount"":4.99,""amountInt"":499,""currency"":""USD""},""cut"":0}}",8.233854166666667,1,"[{""timestamp"":""2024-11-18T19:23:15+01:00"",""shop"":{""id"":61,""name"":""Steam""},""deal"":{""price"":{""amount"":4.99,""amountInt"":499,""currency"":""USD""},""regular"":{""amount"":4.99,""amountInt"":499,""currency"":""USD""},""cut"":0}}]",20,2024-12-20T03:18:32+01:00,2024-12-20T02:18:32Z,61,Steam,object,1.99,199,USD,4.99,499,USD,60,discount,,"{""timestamp"":""2024-12-20T03:18:32+01:00"",""shop"":{""id"":61,""name"":""Steam""},""deal"":{""price"":{""amount"":1.99,""amountInt"":199,""currency"":""USD""},""regular"":{""amount"":4.99,""amountInt"":499,""currency"":""USD""},""cut"":60}}",15.096203703703704,1,"[{""timestamp"":""2024-12-20T03:18:32+01:00"",""shop"":{""id"":61,""name"":""Steam""},""deal"":{""price"":{""amount"":1.99,""amountInt"":199,""currency"":""USD""},""regular"":{""amount"":4.99,""amountInt"":499,""currency"":""USD""},""cut"":60}}]"
2312170,pWordle,2023,2023-11-21,2023-11-28,UTC,2023-11-21T00:00:00Z,2023-11-29T00:00:00Z,data/raw/itad/2312170.json,ok,,0,0,30,1,True,1,1,0,0,0,0,0,2023-11-27T05:19:58Z,2023-11-27T05:19:58Z,USD,1.79,2.99,40,False,A,27,2023-07-13T22:50:37+02:00,2023-07-13T20:50:37Z,61,Steam,object,2.99,299,USD,2.99,299,USD,0,full_price,,"{""timestamp"":""2023-07-13T22:50:37+02:00"",""shop"":{""id"":61,""name"":""Steam""},""deal"":{""price"":{""amount"":2.99,""amountInt"":299,""currency"":""USD""},""regular"":{""amount"":2.99,""amountInt"":299,""currency"":""USD""},""cut"":0}}",130.1315162037037,1,"[{""timestamp"":""2023-07-13T22:50:37+02:00"",""shop"":{""id"":61,""name"":""Steam""},""deal"":{""price"":{""amount"":2.99,""amountInt"":299,""currency"":""USD""},""regular"":{""amount"":2.99,""amountInt"":299,""currency"":""USD""},""cut"":0}}]",25,2023-11-29T06:04:22+01:00,2023-11-29T05:04:22Z,61,Steam,object,2.99,299,USD,2.99,299,USD,0,full_price,,"{""timestamp"":""2023-11-29T06:04:22+01:00"",""shop"":{""id"":61,""name"":""Steam""},""deal"":{""price"":{""amount"":2.99,""amountInt"":299,""currency"":""USD""},""regular"":{""amount"":2.99,""amountInt"":299,""currency"":""USD""},""cut"":0}}",0.21136574074074074,1,"[{""timestamp"":""2023-11-29T06:04:22+01:00"",""shop"":{""id"":61,""name"":""Steam""},""deal"":{""price"":{""amount"":2.99,""amountInt"":299,""currency"":""USD""},""regular"":{""amount"":2.99,""amountInt"":299,""currency"":""USD""},""cut"":0}}]"
2312170,pWordle,2024,2024-11-27,2024-12-04,UTC,2024-11-27T00:00:00Z,2024-12-05T00:00:00Z,data/raw/itad/2312170.json,ok,,0,0,30,2,True,2,1,1,0,0,1,1,2024-11-27T20:09:11Z,2024-12-04T19:24:11Z,USD,0.89,2.99,70,True,A,17,2024-09-30T18:18:29+02:00,2024-09-30T16:18:29Z,61,Steam,object,2.99,299,USD,2.99,299,USD,0,full_price,,"{""timestamp"":""2024-09-30T18:18:29+02:00"",""shop"":{""id"":61,""name"":""Steam""},""deal"":{""price"":{""amount"":2.99,""amountInt"":299,""currency"":""USD""},""regular"":{""amount"":2.99,""amountInt"":299,""currency"":""USD""},""cut"":0}}",57.32049768518519,1,"[{""timestamp"":""2024-09-30T18:18:29+02:00"",""shop"":{""id"":61,""name"":""Steam""},""deal"":{""price"":{""amount"":2.99,""amountInt"":299,""currency"":""USD""},""regular"":{""amount"":2.99,""amountInt"":299,""currency"":""USD""},""cut"":0}}]",14,2024-12-20T12:33:40+01:00,2024-12-20T11:33:40Z,61,Steam,object,0.89,89,USD,2.99,299,USD,70,discount,,"{""timestamp"":""2024-12-20T12:33:40+01:00"",""shop"":{""id"":61,""name"":""Steam""},""deal"":{""price"":{""amount"":0.89,""amountInt"":89,""currency"":""USD""},""regular"":{""amount"":2.99,""amountInt"":299,""currency"":""USD""},""cut"":70}}",15.481712962962963,1,"[{""timestamp"":""2024-12-20T12:33:40+01:00"",""shop"":{""id"":61,""name"":""Steam""},""deal"":{""price"":{""amount"":0.89,""amountInt"":89,""currency"":""USD""},""regular"":{""amount"":2.99,""amountInt"":299,""currency"":""USD""},""cut"":70}}]"
2314050,Waifu Space Conquest,2023,2023-11-21,2023-11-28,UTC,2023-11-21T00:00:00Z,2023-11-29T00:00:00Z,data/raw/itad/2314050.json,ok,,0,0,55,2,True,2,1,1,0,0,0,1,2023-11-22T09:38:17Z,2023-11-28T21:35:54Z,USD,2.49,4.99,50,True,A,51,2023-07-13T22:50:42+02:00,2023-07-13T20:50:42Z,61,Steam,object,4.99,499,USD,4.99,499,USD,0,full_price,,"{""timestamp"":""2023-07-13T22:50:42+02:00"",""shop"":{""id"":61,""name"":""Steam""},""deal"":{""price"":{""amount"":4.99,""amountInt"":499,""currency"":""USD""},""regular"":{""amount"":4.99,""amountInt"":499,""currency"":""USD""},""cut"":0}}",130.13145833333334,1,"[{""timestamp"":""2023-07-13T22:50:42+02:00"",""shop"":{""id"":61,""name"":""Steam""},""deal"":{""price"":{""amount"":4.99,""amountInt"":499,""currency"":""USD""},""regular"":{""amount"":4.99,""amountInt"":499,""currency"":""USD""},""cut"":0}}]",48,2023-12-21T23:58:35+01:00,2023-12-21T22:58:35Z,61,Steam,object,2.49,249,USD,4.99,499,USD,50,discount,,"{""timestamp"":""2023-12-21T23:58:35+01:00"",""shop"":{""id"":61,""name"":""Steam""},""deal"":{""price"":{""amount"":2.49,""amountInt"":249,""currency"":""USD""},""regular"":{""amount"":4.99,""amountInt"":499,""currency"":""USD""},""cut"":50}}",22.957349537037036,1,"[{""timestamp"":""2023-12-21T23:58:35+01:00"",""shop"":{""id"":61,""name"":""Steam""},""deal"":{""price"":{""amount"":2.49,""amountInt"":249,""currency"":""USD""},""regular"":{""amount"":4.99,""amountInt"":499,""currency"":""USD""},""cut"":50}}]"
2314050,Waifu Space Conquest,2024,2024-11-27,2024-12-04,UTC,2024-11-27T00:00:00Z,2024-12-05T00:00:00Z,data/raw/itad/2314050.json,ok,,0,0,55,2,True,2,1,1,0,0,1,1,2024-11-27T20:32:56Z,2024-12-04T19:24:12Z,USD,2.49,4.99,50,True,A,37,2024-10-28T18:58:34+01:00,2024-10-28T17:58:34Z,61,Steam,object,4.99,499,USD,4.99,499,USD,0,full_price,,"{""timestamp"":""2024-10-28T18:58:34+01:00"",""shop"":{""id"":61,""name"":""Steam""},""deal"":{""price"":{""amount"":4.99,""amountInt"":499,""currency"":""USD""},""regular"":{""amount"":4.99,""amountInt"":499,""currency"":""USD""},""cut"":0}}",29.25099537037037,1,"[{""timestamp"":""2024-10-28T18:58:34+01:00"",""shop"":{""id"":61,""name"":""Steam""},""deal"":{""price"":{""amount"":4.99,""amountInt"":499,""currency"":""USD""},""regular"":{""amount"":4.99,""amountInt"":499,""currency"":""USD""},""cut"":0}}]",34,2024-12-20T08:15:47+01:00,2024-12-20T07:15:47Z,61,Steam,object,2.49,249,USD,4.99,499,USD,50,discount,,"{""timestamp"":""2024-12-20T08:15:47+01:00"",""shop"":{""id"":61,""name"":""Steam""},""deal"":{""price"":{""amount"":2.49,""amountInt"":249,""currency"":""USD""},""regular"":{""amount"":4.99,""amountInt"":499,""currency"":""USD""},""cut"":50}}",15.302627314814815,1,"[{""timestamp"":""2024-12-20T08:15:47+01:00"",""shop"":{""id"":61,""name"":""Steam""},""deal"":{""price"":{""amount"":2.49,""amountInt"":249,""currency"":""USD""},""regular"":{""amount"":4.99,""amountInt"":499,""currency"":""USD""},""cut"":50}}]"
2383710,Caveman Ransom,2023,2023-11-21,2023-11-28,UTC,2023-11-21T00:00:00Z,2023-11-29T00:00:00Z,data/raw/itad/2383710.json,ok,,0,0,77,1,True,1,0,1,0,0,0,1,2023-11-28T21:39:53Z,2023-11-28T21:39:53Z,USD,4.99,4.99,0,False,B,68,2023-10-30T19:07:16+01:00,2023-10-30T18:07:16Z,61,Steam,object,2.24,224,USD,4.99,499,USD,55,discount,,"{""timestamp"":""2023-10-30T19:07:16+01:00"",""shop"":{""id"":61,""name"":""Steam""},""deal"":{""price"":{""amount"":2.24,""amountInt"":224,""currency"":""USD""},""regular"":{""amount"":4.99,""amountInt"":499,""currency"":""USD""},""cut"":55}}",21.244953703703704,1,"[{""timestamp"":""2023-10-30T19:07:16+01:00"",""shop"":{""id"":61,""name"":""Steam""},""deal"":{""price"":{""amount"":2.24,""amountInt"":224,""currency"":""USD""},""regular"":{""amount"":4.99,""amountInt"":499,""currency"":""USD""},""cut"":55}}]",66,2023-12-11T20:40:24+01:00,2023-12-11T19:40:24Z,61,Steam,object,1.99,199,USD,4.99,499,USD,60,discount,,"{""timestamp"":""2023-12-11T20:40:24+01:00"",""shop"":{""id"":61,""name"":""Steam""},""deal"":{""price"":{""amount"":1.99,""amountInt"":199,""currency"":""USD""},""regular"":{""amount"":4.99,""amountInt"":499,""currency"":""USD""},""cut"":60}}",12.819722222222222,1,"[{""timestamp"":""2023-12-11T20:40:24+01:00"",""shop"":{""id"":61,""name"":""Steam""},""deal"":{""price"":{""amount"":1.99,""amountInt"":199,""currency"":""USD""},""regular"":{""amount"":4.99,""amountInt"":499,""currency"":""USD""},""cut"":60}}]"
2383710,Caveman Ransom,2024,2024-11-27,2024-12-04,UTC,2024-11-27T00:00:00Z,2024-12-05T00:00:00Z,data/raw/itad/2383710.json,ok,,0,0,77,2,True,2,1,1,0,0,1,1,2024-11-27T20:49:57Z,2024-12-04T19:23:41Z,USD,0.99,4.99,80,True,A,45,2024-11-04T19:24:02+01:00,2024-11-04T18:24:02Z,61,Steam,object,4.99,499,USD,4.99,499,USD,0,full_price,,"{""timestamp"":""2024-11-04T19:24:02+01:00"",""shop"":{""id"":61,""name"":""Steam""},""deal"":{""price"":{""amount"":4.99,""amountInt"":499,""currency"":""USD""},""regular"":{""amount"":4.99,""amountInt"":499,""currency"":""USD""},""cut"":0}}",22.233310185185186,1,"[{""timestamp"":""2024-11-04T19:24:02+01:00"",""shop"":{""id"":61,""name"":""Steam""},""deal"":{""price"":{""amount"":4.99,""amountInt"":499,""currency"":""USD""},""regular"":{""amount"":4.99,""amountInt"":499,""currency"":""USD""},""cut"":0}}]",42,2024-12-09T19:20:10+01:00,2024-12-09T18:20:10Z,61,Steam,object,0.99,99,USD,4.99,499,USD,80,discount,,"{""timestamp"":""2024-12-09T19:20:10+01:00"",""shop"":{""id"":61,""name"":""Steam""},""deal"":{""price"":{""amount"":0.99,""amountInt"":99,""currency"":""USD""},""regular"":{""amount"":4.99,""amountInt"":499,""currency"":""USD""},""cut"":80}}",4.764004629629629,1,"[{""timestamp"":""2024-12-09T19:20:10+01:00"",""shop"":{""id"":61,""name"":""Steam""},""deal"":{""price"":{""amount"":0.99,""amountInt"":99,""currency"":""USD""},""regular"":{""amount"":4.99,""amountInt"":499,""currency"":""USD""},""cut"":80}}]"
2387820,Beach Gas Gas,2023,2023-11-21,2023-11-28,UTC,2023-11-21T00:00:00Z,2023-11-29T00:00:00Z,data/raw/itad/2387820.json,ok,,0,0,76,2,True,2,1,1,0,0,1,1,2023-11-21T21:52:54Z,2023-11-28T21:40:05Z,USD,9.99,99.99,90,True,A,65,2023-11-13T19:22:25+01:00,2023-11-13T18:22:25Z,61,Steam,object,99.99,9999,USD,99.99,9999,USD,0,full_price,,"{""timestamp"":""2023-11-13T19:22:25+01:00"",""shop"":{""id"":61,""name"":""Steam""},""deal"":{""price"":{""amount"":99.99,""amountInt"":9999,""currency"":""USD""},""regular"":{""amount"":99.99,""amountInt"":9999,""currency"":""USD""},""cut"":0}}",7.23443287037037,1,"[{""timestamp"":""2023-11-13T19:22:25+01:00"",""shop"":{""id"":61,""name"":""Steam""},""deal"":{""price"":{""amount"":99.99,""amountInt"":9999,""currency"":""USD""},""regular"":{""amount"":99.99,""amountInt"":9999,""currency"":""USD""},""cut"":0}}]",62,2023-12-13T19:09:48+01:00,2023-12-13T18:09:48Z,61,Steam,object,9.99,999,USD,99.99,9999,USD,90,discount,,"{""timestamp"":""2023-12-13T19:09:48+01:00"",""shop"":{""id"":61,""name"":""Steam""},""deal"":{""price"":{""amount"":9.99,""amountInt"":999,""currency"":""USD""},""regular"":{""amount"":99.99,""amountInt"":9999,""currency"":""USD""},""cut"":90}}",14.756805555555555,1,"[{""timestamp"":""2023-12-13T19:09:48+01:00"",""shop"":{""id"":61,""name"":""Steam""},""deal"":{""price"":{""amount"":9.99,""amountInt"":999,""currency"":""USD""},""regular"":{""amount"":99.99,""amountInt"":9999,""currency"":""USD""},""cut"":90}}]"
2387820,Beach Gas Gas,2024,2024-11-27,2024-12-04,UTC,2024-11-27T00:00:00Z,2024-12-05T00:00:00Z,data/raw/itad/2387820.json,ok,,0,0,76,2,True,2,1,1,0,0,1,1,2024-11-27T20:22:39Z,2024-12-04T19:23:43Z,USD,4.99,99.99,95,True,A,45,2024-10-20T19:18:12+02:00,2024-10-20T17:18:12Z,61,Steam,object,99.99,9999,USD,99.99,9999,USD,0,full_price,,"{""timestamp"":""2024-10-20T19:18:12+02:00"",""shop"":{""id"":61,""name"":""Steam""},""deal"":{""price"":{""amount"":99.99,""amountInt"":9999,""currency"":""USD""},""regular"":{""amount"":99.99,""amountInt"":9999,""currency"":""USD""},""cut"":0}}",37.27902777777778,1,"[{""timestamp"":""2024-10-20T19:18:12+02:00"",""shop"":{""id"":61,""name"":""Steam""},""deal"":{""price"":{""amount"":99.99,""amountInt"":9999,""currency"":""USD""},""regular"":{""amount"":99.99,""amountInt"":9999,""currency"":""USD""},""cut"":0}}]",42,2024-12-20T13:18:16+01:00,2024-12-20T12:18:16Z,61,Steam,object,7.99,799,USD,99.99,9999,USD,92,discount,,"{""timestamp"":""2024-12-20T13:18:16+01:00"",""shop"":{""id"":61,""name"":""Steam""},""deal"":{""price"":{""amount"":7.99,""amountInt"":799,""currency"":""USD""},""regular"":{""amount"":99.99,""amountInt"":9999,""currency"":""USD""},""cut"":92}}",15.512685185185186,1,"[{""timestamp"":""2024-12-20T13:18:16+01:00"",""shop"":{""id"":61,""name"":""Steam""},""deal"":{""price"":{""amount"":7.99,""amountInt"":799,""currency"":""USD""},""regular"":{""amount"":99.99,""amountInt"":9999,""currency"":""USD""},""cut"":92}}]"
2490910,富甲天下5,2023,2023-11-21,2023-11-28,UTC,2023-11-21T00:00:00Z,2023-11-29T00:00:00Z,data/raw/itad/2490910.json,ok,,0,0,56,2,True,2,1,1,0,0,1,1,2023-11-21T21:56:23Z,2023-11-28T21:43:10Z,USD,5.59,7.99,30,True,A,53,2023-10-02T19:22:03+02:00,2023-10-02T17:22:03Z,61,Steam,object,7.99,799,USD,7.99,799,USD,0,full_price,,"{""timestamp"":""2023-10-02T19:22:03+02:00"",""shop"":{""id"":61,""name"":""Steam""},""deal"":{""price"":{""amount"":7.99,""amountInt"":799,""currency"":""USD""},""regular"":{""amount"":7.99,""amountInt"":799,""currency"":""USD""},""cut"":0}}",49.276354166666664,1,"[{""timestamp"":""2023-10-02T19:22:03+02:00"",""shop"":{""id"":61,""name"":""Steam""},""deal"":{""price"":{""amount"":7.99,""amountInt"":799,""currency"":""USD""},""regular"":{""amount"":7.99,""amountInt"":799,""currency"":""USD""},""cut"":0}}]",50,2023-12-22T00:06:57+01:00,2023-12-21T23:06:57Z,61,Steam,object,5.51,551,USD,7.99,799,USD,31,discount,,"{""timestamp"":""2023-12-22T00:06:57+01:00"",""shop"":{""id"":61,""name"":""Steam""},""deal"":{""price"":{""amount"":5.51,""amountInt"":551,""currency"":""USD""},""regular"":{""amount"":7.99,""amountInt"":799,""currency"":""USD""},""cut"":31}}",22.963159722222223,1,"[{""timestamp"":""2023-12-22T00:06:57+01:00"",""shop"":{""id"":61,""name"":""Steam""},""deal"":{""price"":{""amount"":5.51,""amountInt"":551,""currency"":""USD""},""regular"":{""amount"":7.99,""amountInt"":799,""currency"":""USD""},""cut"":31}}]"
2490910,富甲天下5,2024,2024-11-27,2024-12-04,UTC,2024-11-27T00:00:00Z,2024-12-05T00:00:00Z,data/raw/itad/2490910.json,ok,,0,0,56,2,True,2,1,1,0,0,1,1,2024-11-27T21:19:12Z,2024-12-04T19:29:36Z,USD,5.59,7.99,30,True,A,33,2024-11-18T19:23:16+01:00,2024-11-18T18:23:16Z,61,Steam,object,7.99,799,USD,7.99,799,USD,0,full_price,,"{""timestamp"":""2024-11-18T19:23:16+01:00"",""shop"":{""id"":61,""name"":""Steam""},""deal"":{""price"":{""amount"":7.99,""amountInt"":799,""currency"":""USD""},""regular"":{""amount"":7.99,""amountInt"":799,""currency"":""USD""},""cut"":0}}",8.233842592592593,1,"[{""timestamp"":""2024-11-18T19:23:16+01:00"",""shop"":{""id"":61,""name"":""Steam""},""deal"":{""price"":{""amount"":7.99,""amountInt"":799,""currency"":""USD""},""regular"":{""amount"":7.99,""amountInt"":799,""currency"":""USD""},""cut"":0}}]",30,2024-12-19T22:48:07+01:00,2024-12-19T21:48:07Z,61,Steam,object,5.43,543,USD,7.99,799,USD,32,discount,,"{""timestamp"":""2024-12-19T22:48:07+01:00"",""shop"":{""id"":61,""name"":""Steam""},""deal"":{""price"":{""amount"":5.43,""amountInt"":543,""currency"":""USD""},""regular"":{""amount"":7.99,""amountInt"":799,""currency"":""USD""},""cut"":32}}",14.908414351851851,1,"[{""timestamp"":""2024-12-19T22:48:07+01:00"",""shop"":{""id"":61,""name"":""Steam""},""deal"":{""price"":{""amount"":5.43,""amountInt"":543,""currency"":""USD""},""regular"":{""amount"":7.99,""amountInt"":799,""currency"":""USD""},""cut"":32}}]"
2504210,The Leverage Game Business Edition,2023,2023-11-21,2023-11-28,UTC,2023-11-21T00:00:00Z,2023-11-29T00:00:00Z,data/raw/itad/2504210.json,ok,,0,0,0,0,False,0,0,0,0,0,0,0,,,,,,,False,D,,,,,,,,,,,,,,,,,,0,,,,,,,,,,,,,,,,,,,0,
2504210,The Leverage Game Business Edition,2024,2024-11-27,2024-12-04,UTC,2024-11-27T00:00:00Z,2024-12-05T00:00:00Z,data/raw/itad/2504210.json,ok,,0,0,0,0,False,0,0,0,0,0,0,0,,,,,,,False,D,,,,,,,,,,,,,,,,,,0,,,,,,,,,,,,,,,,,,,0,
2544720,Workplace Fantasy,2023,2023-11-21,2023-11-28,UTC,2023-11-21T00:00:00Z,2023-11-29T00:00:00Z,data/raw/itad/2544720.json,ok,,0,0,73,3,True,3,1,2,0,0,2,1,2023-11-21T15:48:33Z,2023-11-28T21:46:12Z,USD,11.99,14.99,20,True,A,70,2023-11-16T16:33:15+01:00,2023-11-16T15:33:15Z,61,Steam,object,11.99,1199,USD,14.99,1499,USD,20,discount,,"{""timestamp"":""2023-11-16T16:33:15+01:00"",""shop"":{""id"":61,""name"":""Steam""},""deal"":{""price"":{""amount"":11.99,""amountInt"":1199,""currency"":""USD""},""regular"":{""amount"":14.99,""amountInt"":1499,""currency"":""USD""},""cut"":20}}",4.3519097222222225,1,"[{""timestamp"":""2023-11-16T16:33:15+01:00"",""shop"":{""id"":61,""name"":""Steam""},""deal"":{""price"":{""amount"":11.99,""amountInt"":1199,""currency"":""USD""},""regular"":{""amount"":14.99,""amountInt"":1499,""currency"":""USD""},""cut"":20}}]",66,2023-12-22T01:24:16+01:00,2023-12-22T00:24:16Z,61,Steam,object,9.74,974,USD,14.99,1499,USD,35,discount,,"{""timestamp"":""2023-12-22T01:24:16+01:00"",""shop"":{""id"":61,""name"":""Steam""},""deal"":{""price"":{""amount"":9.74,""amountInt"":974,""currency"":""USD""},""regular"":{""amount"":14.99,""amountInt"":1499,""currency"":""USD""},""cut"":35}}",23.01685185185185,1,"[{""timestamp"":""2023-12-22T01:24:16+01:00"",""shop"":{""id"":61,""name"":""Steam""},""deal"":{""price"":{""amount"":9.74,""amountInt"":974,""currency"":""USD""},""regular"":{""amount"":14.99,""amountInt"":1499,""currency"":""USD""},""cut"":35}}]"
2544720,Workplace Fantasy,2024,2024-11-27,2024-12-04,UTC,2024-11-27T00:00:00Z,2024-12-05T00:00:00Z,data/raw/itad/2544720.json,ok,,0,0,73,2,True,2,1,1,0,0,1,1,2024-11-27T21:02:18Z,2024-12-04T19:29:45Z,USD,8.39,13.99,40,True,A,46,2024-11-08T03:18:09+01:00,2024-11-08T02:18:09Z,61,Steam,object,13.99,1399,USD,13.99,1399,USD,0,full_price,,"{""timestamp"":""2024-11-08T03:18:09+01:00"",""shop"":{""id"":61,""name"":""Steam""},""deal"":{""price"":{""amount"":13.99,""amountInt"":1399,""currency"":""USD""},""regular"":{""amount"":13.99,""amountInt"":1399,""currency"":""USD""},""cut"":0}}",18.9040625,1,"[{""timestamp"":""2024-11-08T03:18:09+01:00"",""shop"":{""id"":61,""name"":""Steam""},""deal"":{""price"":{""amount"":13.99,""amountInt"":1399,""currency"":""USD""},""regular"":{""amount"":13.99,""amountInt"":1399,""currency"":""USD""},""cut"":0}}]",43,2024-12-05T19:17:26+01:00,2024-12-05T18:17:26Z,61,Steam,object,6.99,699,USD,13.99,1399,USD,50,discount,,"{""timestamp"":""2024-12-05T19:17:26+01:00"",""shop"":{""id"":61,""name"":""Steam""},""deal"":{""price"":{""amount"":6.99,""amountInt"":699,""currency"":""USD""},""regular"":{""amount"":13.99,""amountInt"":1399,""currency"":""USD""},""cut"":50}}",0.7621064814814815,1,"[{""timestamp"":""2024-12-05T19:17:26+01:00"",""shop"":{""id"":61,""name"":""Steam""},""deal"":{""price"":{""amount"":6.99,""amountInt"":699,""currency"":""USD""},""regular"":{""amount"":13.99,""amountInt"":1399,""currency"":""USD""},""cut"":50}}]"
2621900,Railway Islands 2 - Puzzle,2023,2023-11-21,2023-11-28,UTC,2023-11-21T00:00:00Z,2023-11-29T00:00:00Z,data/raw/itad/2621900.json,ok,,0,0,63,1,True,1,0,1,0,0,0,1,2023-11-28T21:47:40Z,2023-11-28T21:47:40Z,USD,3.99,3.99,0,False,B,62,2023-11-20T14:03:19+01:00,2023-11-20T13:03:19Z,61,Steam,object,2.99,299,USD,3.99,399,USD,25,discount,,"{""timestamp"":""2023-11-20T14:03:19+01:00"",""shop"":{""id"":61,""name"":""Steam""},""deal"":{""price"":{""amount"":2.99,""amountInt"":299,""currency"":""USD""},""regular"":{""amount"":3.99,""amountInt"":399,""currency"":""USD""},""cut"":25}}",0.4560300925925926,1,"[{""timestamp"":""2023-11-20T14:03:19+01:00"",""shop"":{""id"":61,""name"":""Steam""},""deal"":{""price"":{""amount"":2.99,""amountInt"":299,""currency"":""USD""},""regular"":{""amount"":3.99,""amountInt"":399,""currency"":""USD""},""cut"":25}}]",60,2023-12-22T00:10:09+01:00,2023-12-21T23:10:09Z,61,Steam,object,2.79,279,USD,3.99,399,USD,30,discount,,"{""timestamp"":""2023-12-22T00:10:09+01:00"",""shop"":{""id"":61,""name"":""Steam""},""deal"":{""price"":{""amount"":2.79,""amountInt"":279,""currency"":""USD""},""regular"":{""amount"":3.99,""amountInt"":399,""currency"":""USD""},""cut"":30}}",22.965381944444445,1,"[{""timestamp"":""2023-12-22T00:10:09+01:00"",""shop"":{""id"":61,""name"":""Steam""},""deal"":{""price"":{""amount"":2.79,""amountInt"":279,""currency"":""USD""},""regular"":{""amount"":3.99,""amountInt"":399,""currency"":""USD""},""cut"":30}}]"
2621900,Railway Islands 2 - Puzzle,2024,2024-11-27,2024-12-04,UTC,2024-11-27T00:00:00Z,2024-12-05T00:00:00Z,data/raw/itad/2621900.json,ok,,0,0,63,2,True,2,1,1,0,0,1,1,2024-11-27T20:49:31Z,2024-12-04T19:29:19Z,USD,0.69,4.99,86,True,A,40,2024-11-04T19:24:07+01:00,2024-11-04T18:24:07Z,61,Steam,object,4.99,499,USD,4.99,499,USD,0,full_price,,"{""timestamp"":""2024-11-04T19:24:07+01:00"",""shop"":{""id"":61,""name"":""Steam""},""deal"":{""price"":{""amount"":4.99,""amountInt"":499,""currency"":""USD""},""regular"":{""amount"":4.99,""amountInt"":499,""currency"":""USD""},""cut"":0}}",22.233252314814816,1,"[{""timestamp"":""2024-11-04T19:24:07+01:00"",""shop"":{""id"":61,""name"":""Steam""},""deal"":{""price"":{""amount"":4.99,""amountInt"":499,""currency"":""USD""},""regular"":{""amount"":4.99,""amountInt"":499,""currency"":""USD""},""cut"":0}}]",37,2024-12-20T03:18:33+01:00,2024-12-20T02:18:33Z,61,Steam,object,1.04,104,USD,4.99,499,USD,79,discount,,"{""timestamp"":""2024-12-20T03:18:33+01:00"",""shop"":{""id"":61,""name"":""Steam""},""deal"":{""price"":{""amount"":1.04,""amountInt"":104,""currency"":""USD""},""regular"":{""amount"":4.99,""amountInt"":499,""currency"":""USD""},""cut"":79}}",15.096215277777778,1,"[{""timestamp"":""2024-12-20T03:18:33+01:00"",""shop"":{""id"":61,""name"":""Steam""},""deal"":{""price"":{""amount"":1.04,""amountInt"":104,""currency"":""USD""},""regular"":{""amount"":4.99,""amountInt"":499,""currency"":""USD""},""cut"":79}}]"
2650840,nekowater,2023,2023-11-21,2023-11-28,UTC,2023-11-21T00:00:00Z,2023-11-29T00:00:00Z,data/raw/itad/2650840.json,ok,,0,0,55,1,True,1,0,1,0,0,1,0,2023-11-21T22:39:17Z,2023-11-21T22:39:17Z,USD,2.99,2.99,0,False,B,,,,,,,,,,,,,,,,,,0,,53,2023-12-06T09:33:47+01:00,2023-12-06T08:33:47Z,61,Steam,object,1.99,199,USD,1.99,199,USD,0,full_price,,"{""timestamp"":""2023-12-06T09:33:47+01:00"",""shop"":{""id"":61,""name"":""Steam""},""deal"":{""price"":{""amount"":1.99,""amountInt"":199,""currency"":""USD""},""regular"":{""amount"":1.99,""amountInt"":199,""currency"":""USD""},""cut"":0}}",7.356793981481482,1,"[{""timestamp"":""2023-12-06T09:33:47+01:00"",""shop"":{""id"":61,""name"":""Steam""},""deal"":{""price"":{""amount"":1.99,""amountInt"":199,""currency"":""USD""},""regular"":{""amount"":1.99,""amountInt"":199,""currency"":""USD""},""cut"":0}}]"
2650840,nekowater,2024,2024-11-27,2024-12-04,UTC,2024-11-27T00:00:00Z,2024-12-05T00:00:00Z,data/raw/itad/2650840.json,ok,,0,0,55,1,True,1,0,1,0,0,0,1,2024-12-04T18:35:54Z,2024-12-04T18:35:54Z,USD,1.99,1.99,0,False,B,36,2024-11-20T19:16:01+01:00,2024-11-20T18:16:01Z,61,Steam,object,1.33,133,USD,1.99,199,USD,33,discount,,"{""timestamp"":""2024-11-20T19:16:01+01:00"",""shop"":{""id"":61,""name"":""Steam""},""deal"":{""price"":{""amount"":1.33,""amountInt"":133,""currency"":""USD""},""regular"":{""amount"":1.99,""amountInt"":199,""currency"":""USD""},""cut"":33}}",6.238877314814815,1,"[{""timestamp"":""2024-11-20T19:16:01+01:00"",""shop"":{""id"":61,""name"":""Steam""},""deal"":{""price"":{""amount"":1.33,""amountInt"":133,""currency"":""USD""},""regular"":{""amount"":1.99,""amountInt"":199,""currency"":""USD""},""cut"":33}}]",34,2024-12-19T23:19:54+01:00,2024-12-19T22:19:54Z,61,Steam,object,1.33,133,USD,1.99,199,USD,33,discount,,"{""timestamp"":""2024-12-19T23:19:54+01:00"",""shop"":{""id"":61,""name"":""Steam""},""deal"":{""price"":{""amount"":1.33,""amountInt"":133,""currency"":""USD""},""regular"":{""amount"":1.99,""amountInt"":199,""currency"":""USD""},""cut"":33}}",14.930486111111112,1,"[{""timestamp"":""2024-12-19T23:19:54+01:00"",""shop"":{""id"":61,""name"":""Steam""},""deal"":{""price"":{""amount"":1.33,""amountInt"":133,""currency"":""USD""},""regular"":{""amount"":1.99,""amountInt"":199,""currency"":""USD""},""cut"":33}}]"
